#1
double Internals(8760, 4)
3600	0.0225	629672.1475612051	0.0
7200	0.0225	629672.1475612051	10572.950051307127
10800	0.0225	629672.1475612051	0.0
14400	0.0225	629672.1475612051	0.0
18000	0.0225	629672.1475612051	0.0
21600	0.0225	629672.1475612051	0.0
25200	0.0225	891287.0409012395	3942.2499800423593
28800	0.0225	891287.0409012395	115418.5637647231
32400	0.0075	629672.1475612051	91757.16970000323
36000	0.01	1024723.2388727667	101253.21997702388
39600	0.00625	1159360.7006989943	147391.074018101
43200	0.0075	1159360.7006989943	191318.0432813691
46800	0.0075	1159360.7006989943	110962.61191093746
50400	0.00875	1159360.7006989943	146983.1520603579
54000	0.0075	1159360.7006989943	162574.6457720286
57600	0.005	1159360.7006989943	144358.50037519785
61200	0.005	1159360.7006989943	102549.67260726493
64800	0.01	897745.8073589599	155753.67062361218
68400	0.01375	764309.6093874329	202200.13035381094
72000	0.01375	897745.8073589599	216380.04996106197
75600	0.015	1025924.5027274673	307337.8576372407
79200	0.0225	763108.3455327323	230780.54629450216
82800	0.0225	897745.8073589599	166471.92912429
86400	0.0225	763108.3455327323	59441.081540529056
90000	0.0225	629672.1475612051	0.0
93600	0.0225	629672.1475612051	0.0
97200	0.0225	629672.1475612051	0.0
100800	0.0225	629672.1475612051	0.0
104400	0.0225	629672.1475612051	0.0
108000	0.0225	629672.1475612051	0.0
111600	0.0225	629672.1475612051	0.0
115200	0.0225	629672.1475612051	38731.89525056378
118800	0.00875	1015173.4714573862	258666.58228365736
122400	0.00625	629672.1475612051	115214.82273238515
126000	0.01	770048.1153064063	14818.986084972068
129600	0.01	896624.1775471154	14818.986084972068
133200	0.01125	1125343.504016411	43600.583798490115
136800	0.00875	858391.474030501	67769.8656679452
140400	0.0075	1125343.504016411	69676.34354191454
144000	0.01	998767.4417757019	56094.45828314148
147600	0.0175	888597.4092166771	138955.58610405453
151200	0.0175	1125343.504016411	265297.38959413447
154800	0.01625	888597.4092166771	361232.3426858503
158400	0.01375	748221.4414714759	312866.8936596422
162000	0.01875	1015173.4714573862	210434.62574671366
165600	0.0225	1015173.4714573862	371926.98072157224
169200	0.0225	1015173.4714573862	453905.0566902473
172800	0.0225	629672.1475612051	130150.86102686987
176400	0.0225	629672.1475612051	0.0
180000	0.0225	629672.1475612051	0.0
183600	0.0225	629672.1475612051	0.0
187200	0.0225	629672.1475612051	18521.49642204891
190800	0.0225	890261.4466670435	37186.570335741606
194400	0.0225	629672.1475612051	0.0
198000	0.0225	780356.6343592403	34889.33046944097
201600	0.0225	859523.668571865	72367.05539281465
205200	0.00625	742233.0698623031	249734.51909869097
208800	0.01	629672.1475612051	169855.68624106745
212400	0.01	1120112.9676777034	94931.31435182305
216000	0.01	1010208.1553699002	28777.68763647681
219600	0.01375	1120112.9676777034	29378.908898687965
223200	0.0125	859523.668571865	9606.330364671177
226800	0.00625	859523.668571865	31897.335971405955
230400	0.00625	629672.1475612051	17488.479475734242
234000	0.0125	890261.4466670435	92453.8834069181
237600	0.01375	890261.4466670435	242059.18848980518
241200	0.015	780356.6343592403	254350.03111214295
244800	0.015	890261.4466670435	330176.4374378705
248400	0.01625	890261.4466670435	313551.7011676219
252000	0.0225	1002822.3689681415	348367.8247273168
255600	0.0225	1007552.0453766051	357065.96098701365
259200	0.0225	859523.668571865	216772.2811118304
262800	0.0225	629672.1475612051	0.0
266400	0.0225	629672.1475612051	0.0
270000	0.0225	629672.1475612051	0.0
273600	0.0225	629672.1475612051	0.0
277200	0.0225	629672.1475612051	0.0
280800	0.0225	629672.1475612051	0.0
284400	0.0225	629672.1475612051	93475.8452320685
288000	0.0225	882435.2368817863	76840.70900645334
291600	0.0075	1131838.676742473	174034.2026492661
295200	0.01125	1131838.676742473	128946.40484657016
298800	0.0125	1131838.676742473	221728.59349815478
302400	0.01	629672.1475612051	204713.3324212795
306000	0.0075	629672.1475612051	273186.705818867
309600	0.0075	629672.1475612051	234289.29321417556
313200	0.0075	629672.1475612051	203390.73879194807
316800	0.00625	629672.1475612051	320412.2463495954
320400	0.01375	1131838.676742473	132600.15575845924
324000	0.015	1131838.676742473	373300.2576315007
327600	0.01625	748766.73844813	312176.0740457055
331200	0.01375	752566.8692921372	424972.63009021094
334800	0.01	748766.73844813	317035.1015383601
338400	0.0225	1008943.9550115408	308820.5356481015
342000	0.0225	889849.3641246159	282528.0831105386
345600	0.0225	871661.4601790621	141729.43824300956
349200	0.0225	629672.1475612051	0.0
352800	0.0225	629672.1475612051	0.0
356400	0.0225	629672.1475612051	0.0
360000	0.0225	629672.1475612051	0.0
363600	0.0225	924612.2133889862	15649.946589173109
367200	0.0225	629672.1475612051	30007.695753552107
370800	0.0225	924612.2133889862	53123.6719082023
374400	0.0225	756121.416554074	102297.45249636173
378000	0.00875	629672.1475612051	103218.91860230999
381600	0.00875	924612.2133889862	207677.40942314675
385200	0.00875	924612.2133889862	182333.6367132749
388800	0.00375	629672.1475612051	78206.78308110237
392400	0.00375	924612.2133889862	86324.44315442466
396000	0.00625	899021.8754477729	56007.02921027346
399600	0.00375	924612.2133889862	62996.80213115708
403200	0.005	629672.1475612051	37740.64042992682
406800	0.00625	924612.2133889862	101533.18055480262
410400	0.01125	924612.2133889862	92115.02418474849
414000	0.01375	1193961.941275554	258331.51153584177
417600	0.01375	922806.9150011577	234595.9634297791
421200	0.01375	922806.9150011577	272452.9461078387
424800	0.0225	1067512.672282685	375503.88005734526
428400	0.0225	1193961.941275554	315234.76698428165
432000	0.0225	924612.2133889862	64179.13876477412
435600	0.0225	629672.1475612051	0.0
439200	0.0225	629672.1475612051	4901.88869771523
442800	0.0225	629672.1475612051	0.0
446400	0.0225	629672.1475612051	0.0
450000	0.0225	629672.1475612051	0.0
453600	0.0225	629672.1475612051	0.0
457200	0.0225	629672.1475612051	0.0
460800	0.0225	629672.1475612051	4901.88869771523
464400	0.00875	629672.1475612051	54942.205135158314
468000	0.01375	899304.4803406717	168989.44376568394
471600	0.0125	629672.1475612051	145197.86197194815
475200	0.01125	629672.1475612051	169060.88402142044
478800	0.01125	629672.1475612051	203786.97571946128
482400	0.01125	629672.1475612051	137949.7080057642
486000	0.0075	629672.1475612051	122282.25356135555
489600	0.00875	629672.1475612051	180115.1527155575
493200	0.0125	1140314.7473907333	220276.89119378166
496800	0.01375	1140314.7473907333	365462.2250880629
500400	0.0125	1140314.7473907333	414954.42992126255
504000	0.015	1023021.7871280771	287761.57313824806
507600	0.01875	885755.0711897383	293126.4522118219
511200	0.0225	1023021.7871280771	337936.8322462772
514800	0.0225	753389.4543486105	217260.95864347977
518400	0.0225	629672.1475612051	62980.69086113128
522000	0.0225	629672.1475612051	0.0
525600	0.0225	629672.1475612051	0.0
529200	0.0225	629672.1475612051	0.0
532800	0.0225	629672.1475612051	0.0
536400	0.0225	629672.1475612051	0.0
540000	0.0225	629672.1475612051	0.0
543600	0.0225	747030.5488926005	0.0
547200	0.0225	747030.5488926005	77862.98990295746
550800	0.01125	886970.4750800661	158127.7483000539
554400	0.00875	747030.5488926005	229033.67577711417
558000	0.01	886970.4750800661	114050.97764235729
561600	0.0075	886970.4750800661	38439.57472266542
565200	0.01125	886970.4750800661	9595.027238170445
568800	0.01125	886970.4750800661	9653.443577374625
572400	0.00875	889231.0071580829	60272.37306581409
576000	0.01	889231.0071580829	18617.83096946062
579600	0.01125	889231.0071580829	150267.48277975383
583200	0.01125	889231.0071580829	188083.50384678534
586800	0.0125	629672.1475612051	245868.19019436606
590400	0.0125	629672.1475612051	228794.51404800563
594000	0.015	770982.398278509	259639.318226409
597600	0.0225	629672.1475612051	287443.38451706717
601200	0.0225	629672.1475612051	307627.63049462053
604800	0.0225	889231.0071580829	171151.06939214777
608400	0.0225	629672.1475612051	0.0
612000	0.0225	629672.1475612051	0.0
615600	0.0225	629672.1475612051	0.0
619200	0.0225	629672.1475612051	0.0
622800	0.0225	629672.1475612051	0.0
626400	0.0225	865128.2124707128	17295.831358725918
630000	0.0225	629672.1475612051	13071.703193907279
633600	0.0225	756808.1970445064	64034.7783164881
637200	0.00625	883975.1148130349	137544.1299054023
640800	0.0075	1134320.5991743156	214659.705166924
644400	0.0	865128.2124707128	92049.71031189656
648000	0.0025	629672.1475612051	0.0
651600	0.00625	865128.2124707128	0.0
655200	0.00625	865128.2124707128	3942.2499800423593
658800	0.0075	865128.2124707128	194892.51905434922
662400	0.01	629672.1475612051	307261.2214617969
666000	0.01125	865128.2124707128	259604.10687156444
669600	0.0175	1007184.5496910142	223583.4577709184
673200	0.0175	1026000.5837481092	378717.7483090194
676800	0.01875	756808.1970445064	286821.1732716368
680400	0.01625	1026000.5837481092	426752.6425813713
684000	0.0225	1134320.5991743156	323450.1864910913
687600	0.0225	992295.1302392413	314783.2937094166
691200	0.0225	756839.0653297335	166856.53149354662
694800	0.0225	629672.1475612051	15540.424158391706
698400	0.0225	629672.1475612051	0.0
702000	0.0225	629672.1475612051	0.0
705600	0.0225	629672.1475612051	0.0
709200	0.0225	629672.1475612051	0.0
712800	0.0225	629672.1475612051	0.0
716400	0.0225	629672.1475612051	9855.6249501059
720000	0.0225	629672.1475612051	68314.68036613512
723600	0.00875	1079324.212279879	169226.02064631996
727200	0.0075	961424.0924892572	178911.01881048817
730800	0.00875	961424.0924892572	227828.41160138202
734400	0.005	1079324.212279879	75394.36815695633
738000	0.005	870651.0242655624	15793.524080816898
741600	0.0075	1079324.212279879	29558.05998099257
745200	0.0075	1079324.212279879	160494.2246126455
748800	0.0075	870651.0242655624	172482.35278144575
752400	0.00875	870651.0242655624	195605.58747252176
756000	0.01375	629672.1475612051	251118.6063007197
759600	0.01875	750744.1715957355	205170.58849191543
763200	0.01875	870651.0242655624	287751.9898036247
766800	0.02	1079324.212279879	441702.5975432945
770400	0.0225	959417.3596100518	424758.682543965
774000	0.0225	720445.2157848999	286147.87290698773
777600	0.0225	629672.1475612051	30580.50141084952
781200	0.0225	629672.1475612051	0.0
784800	0.0225	629672.1475612051	0.0
788400	0.0225	629672.1475612051	0.0
792000	0.0225	629672.1475612051	0.0
795600	0.0225	629672.1475612051	0.0
799200	0.0225	629672.1475612051	23997.184330371903
802800	0.0225	629672.1475612051	6796.896461554582
806400	0.0225	899885.4705720458	228584.4476684413
810000	0.00875	1145709.2307284763	205600.7788344213
813600	0.0075	1145709.2307284763	274586.7913506379
817200	0.005	1145709.2307284763	79723.16939923423
820800	0.00375	875495.9077176356	22121.150560217724
824400	0.0025	629672.1475612051	3304.046891033477
828000	0.0025	875495.9077176356	0.0
831600	0.00375	629672.1475612051	6796.896461554582
835200	0.005	629672.1475612051	43174.71943824567
838800	0.00625	899885.4705720458	155858.0304787093
842400	0.01	899885.4705720458	121633.4337937801
846000	0.01375	896992.5808270886	218849.66592404083
849600	0.01	1145709.2307284763	147027.16387507482
853200	0.01125	1021314.8806073538	152534.90435143717
856800	0.0225	1021314.8806073538	239468.26033797752
860400	0.0225	1145709.2307284763	224085.05467150593
864000	0.0225	899885.4705720458	180996.57852014768
867600	0.0225	629672.1475612051	0.0
871200	0.0225	629672.1475612051	0.0
874800	0.0225	629672.1475612051	0.0
878400	0.0225	629672.1475612051	0.0
882000	0.0225	629672.1475612051	0.0
885600	0.0225	629672.1475612051	5186.645129740224
889200	0.0225	629672.1475612051	0.0
892800	0.0225	889670.7442927726	33569.21617738868
896400	0.01125	1136094.4181949904	280999.09563086793
900000	0.0075	889670.7442927726	248330.50146178194
903600	0.00875	889670.7442927726	88934.23097876382
907200	0.00875	889670.7442927726	169941.1167297147
910800	0.0125	1136094.4181949904	155067.06161105493
914400	0.00875	889670.7442927726	202135.12699673444
918000	0.00875	1136094.4181949904	127235.8760138875
921600	0.01	876095.8214634231	201163.2421639248
925200	0.01125	750447.746250333	168031.7382124363
928800	0.01125	876095.8214634231	142177.96805459895
932400	0.015	1136094.4181949904	299142.44354540226
936000	0.01625	876095.8214634231	265823.77601241687
939600	0.02	750447.746250333	287023.59829202894
943200	0.0225	889670.7442927726	351022.43418003817
946800	0.0225	755320.2227742951	292507.10011630924
950400	0.0225	876095.8214634231	217642.47256970982
954000	0.0225	629672.1475612051	29566.874850317694
957600	0.0225	629672.1475612051	49767.232753677585
961200	0.0225	629672.1475612051	0.0
964800	0.0225	629672.1475612051	0.0
968400	0.0225	629672.1475612051	0.0
972000	0.0225	629672.1475612051	0.0
975600	0.0225	629672.1475612051	0.0
979200	0.0225	764745.5676424224	179338.97111544508
982800	0.00625	892527.0724365797	189228.82517779007
986400	0.0075	892527.0724365797	93770.53777573929
990000	0.0075	892527.0724365797	93803.49715365132
993600	0.00625	892527.0724365797	155306.31267544572
997200	0.00375	764745.5676424224	120719.97386783085
1000800	0.0025	892527.0724365797	62185.03768476634
1004400	0.00375	892527.0724365797	119583.69198797668
1008000	0.00625	629672.1475612051	105912.81784259685
1011600	0.0125	741779.0178850044	155872.50989287428
1015200	0.01375	880368.4559869268	315757.7250097902
1018800	0.01375	741779.0178850044	328340.2782188242
1022400	0.01125	880368.4559869268	414996.60092548205
1026000	0.01	629672.1475612051	231460.63598853687
1029600	0.0225	629672.1475612051	126909.54852813362
1033200	0.0225	629672.1475612051	160681.06714489326
1036800	0.0225	629672.1475612051	25131.84362277004
1040400	0.0225	629672.1475612051	25466.636276292495
1044000	0.0225	629672.1475612051	0.0
1047600	0.0225	629672.1475612051	0.0
1051200	0.0225	629672.1475612051	0.0
1054800	0.0225	629672.1475612051	0.0
1058400	0.0225	629672.1475612051	0.0
1062000	0.0225	629672.1475612051	16520.234455167385
1065600	0.0225	855120.1180554673	51010.03063698221
1069200	0.0075	629672.1475612051	80255.40710874149
1072800	0.01125	1127491.2444003166	245537.90236037364
1076400	0.015	1127491.2444003166	222964.3036007614
1080000	0.015	1127491.2444003166	244238.7491918454
1083600	0.02	1127491.2444003166	223152.68442844346
1087200	0.02	1127491.2444003166	112714.86459867853
1090800	0.0225	1127491.2444003166	336620.60701534
1094400	0.02	1127491.2444003166	443042.4423385033
1098000	0.0175	1011386.5431411543	442736.7553710493
1101600	0.01875	1011386.5431411543	414841.8863320888
1105200	0.0175	1011386.5431411543	425242.45589267276
1108800	0.01625	989508.2796337497	506165.0016576295
1112400	0.015	902043.2739060544	342305.61733175954
1116000	0.0225	902043.2739060544	264180.6181565437
1119600	0.0225	1011386.5431411543	308199.5342021673
1123200	0.0225	855120.1180554673	69928.94698302425
1126800	0.0225	903421.1473778232	21794.956648631145
1130400	0.0225	882298.2001777329	99969.90525343582
1134000	0.0225	629672.1475612051	4901.88869771523
1137600	0.0225	629672.1475612051	0.0
1141200	0.0225	629672.1475612051	0.0
1144800	0.0225	629672.1475612051	0.0
1148400	0.0225	751724.8962802968	31132.496445706656
1152000	0.0225	629672.1475612051	0.0
1155600	0.01	751724.8962802968	119495.49959855177
1159200	0.01125	882298.2001777329	273425.61311661405
1162800	0.00625	903421.1473778232	87250.49336439767
1166400	0.005	903421.1473778232	21997.860667161567
1170000	0.005	903421.1473778232	8891.39165098324
1173600	0.01125	1156047.199994351	54272.29184135261
1177200	0.01	882298.2001777329	104830.57013909872
1180800	0.00875	882298.2001777329	256113.80227166726
1184400	0.01125	751724.8962802968	152622.50054825938
1188000	0.01375	882298.2001777329	332269.43694095826
1191600	0.015	629672.1475612051	331141.98429673875
1195200	0.015	759483.9981765661	331184.27439909714
1198800	0.0175	1012110.0507930939	327042.82015936665
1202400	0.0225	1025473.896096915	480674.2473496522
1206000	0.0225	1156047.199994351	328355.36248688644
1209600	0.0225	882298.2001777329	142327.12135088464
1213200	0.0225	629672.1475612051	0.0
1216800	0.0225	629672.1475612051	24970.848763608552
1220400	0.0225	629672.1475612051	0.0
1224000	0.0225	629672.1475612051	0.0
1227600	0.0225	629672.1475612051	0.0
1231200	0.0225	629672.1475612051	0.0
1234800	0.0225	629672.1475612051	16992.241153886454
1238400	0.0225	757237.1804659511	108096.00373506165
1242000	0.0075	867018.6067408547	182854.1801075855
1245600	0.00875	882628.8145257374	238098.41049946888
1249200	0.01	896905.4011449928	112327.75282236458
1252800	0.00875	896905.4011449928	49982.04379159405
1256400	0.0075	1134251.8603246424	19899.811433112816
1260000	0.01	1134251.8603246424	18578.32439756378
1263600	0.0125	1134251.8603246424	181585.4458640904
1267200	0.0075	629672.1475612051	91382.04407998442
1270800	0.0075	896905.4011449928	76767.1080033081
1274400	0.015	629672.1475612051	213936.40923194
1278000	0.01375	1134251.8603246424	252581.51736928397
1281600	0.0125	994583.6396456007	319583.09554224886
1285200	0.015	741626.9726810683	323818.87948063534
1288800	0.0225	882628.8145257374	379601.25926943397
1292400	0.0225	629672.1475612051	317297.34227084165
1296000	0.0225	1022297.0352047791	246726.80154658447
1299600	0.0225	857935.8158031562	6918.332543490368
1303200	0.0225	857935.8158031562	37186.03742126073
1306800	0.0225	876696.8219764184	8614.6494986274
1310400	0.0225	629672.1475612051	0.0
1314000	0.0225	629672.1475612051	0.0
1317600	0.0225	629672.1475612051	0.0
1321200	0.0225	629672.1475612051	0.0
1324800	0.0225	752643.8801210283	49594.180949435264
1328400	0.005	629672.1475612051	89158.21234702598
1332000	0.00625	753725.0894165954	117019.4551402997
1335600	0.0025	629672.1475612051	58414.173647773154
1339200	0.005	629672.1475612051	38529.36382092738
1342800	0.005	629672.1475612051	67922.0251576572
1346400	0.0075	857935.8158031562	150561.92907648894
1350000	0.0125	1104960.4902183695	93344.68759117644
1353600	0.01625	1104960.4902183695	50125.17501243799
1357200	0.01625	980907.5483629794	381584.59465399804
1360800	0.0175	857935.8158031562	302692.12539067434
1364400	0.01875	861947.720846131	357502.2964792435
1368000	0.02125	871603.7076378765	419245.68552215124
1371600	0.01875	871603.7076378765	389132.0364208131
1375200	0.0225	980907.5483629794	499806.16367577453
1378800	0.0225	876696.8219764184	484622.6621557016
1382400	0.0225	629672.1475612051	55049.598276094766
1386000	0.0225	629672.1475612051	0.0
1389600	0.0225	629672.1475612051	0.0
1393200	0.0225	629672.1475612051	0.0
1396800	0.0225	629672.1475612051	0.0
1400400	0.0225	629672.1475612051	0.0
1404000	0.0225	755422.9764079829	0.0
1407600	0.0225	629672.1475612051	53327.07628971534
1411200	0.0225	629672.1475612051	60240.14445764445
1414800	0.005	873837.2625138715	175434.47394519145
1418400	0.0025	629672.1475612051	14818.986084972068
1422000	0.00375	873837.2625138715	56820.14184490994
1425600	0.005	629672.1475612051	65619.56083413733
1429200	0.0075	870905.1644616029	1132.8160769257636
1432800	0.00625	755422.9764079829	64119.8112902705
1436400	0.01	870905.1644616029	21845.797294908756
1440000	0.01	870905.1644616029	3304.046891033477
1443600	0.01625	755422.9764079829	110268.41920362983
1447200	0.01625	999588.0913606493	347976.96526009974
1450800	0.01625	1115070.2794142691	379384.3770133435
1454400	0.0075	873837.2625138715	318149.9562969378
1458000	0.01	876445.4909668365	228478.87889011795
1461600	0.0225	870905.1644616029	276992.3285797673
1465200	0.0225	873837.2625138715	188340.7111478188
1468800	0.0225	999588.0913606493	157031.8738137577
1472400	0.0225	884946.3034876096	0.0
1476000	0.0225	884946.3034876096	27279.723412320098
1479600	0.0225	629672.1475612051	0.0
1483200	0.0225	629672.1475612051	0.0
1486800	0.0225	629672.1475612051	0.0
1490400	0.0225	629672.1475612051	0.0
1494000	0.0225	629672.1475612051	49018.886977152295
1497600	0.0225	1146194.4881139642	140014.79988762998
1501200	0.00875	890940.9235270543	469180.8225543895
1504800	0.0075	890920.3321875597	216513.11321777108
1508400	0.00875	764681.5094288865	173328.20382655572
1512000	0.00375	629672.1475612051	61983.97106703369
1515600	0.0	755931.5616593729	122519.98988202674
1519200	0.0	629672.1475612051	0.0
1522800	0.00375	629672.1475612051	0.0
1526400	0.00625	1146194.4881139642	14455.30090185723
1530000	0.0125	1146194.4881139642	186027.93544003833
1533600	0.015	1017179.7462857275	352672.82084292005
1537200	0.01375	1017179.7462857275	414796.08072111104
1540800	0.0125	884946.3034876096	303494.6414857694
1544400	0.01375	1019955.665355291	349100.0580630317
1548000	0.0225	1019955.665355291	363882.6479007704
1551600	0.0225	890920.3321875597	472583.3114781586
1555200	0.0225	629672.1475612051	105425.50064258253
1558800	0.0225	629672.1475612051	0.0
1562400	0.0225	847542.6406690967	65724.15916315849
1566000	0.0225	629672.1475612051	0.0
1569600	0.0225	629672.1475612051	0.0
1573200	0.0225	629672.1475612051	0.0
1576800	0.0225	629672.1475612051	8891.39165098324
1580400	0.0225	629672.1475612051	52368.68725791777
1584000	0.0225	629672.1475612051	93277.89463593047
1587600	0.00625	629672.1475612051	181066.1863775375
1591200	0.005	629672.1475612051	99179.57692660614
1594800	0.005	629672.1475612051	50863.6920156703
1598400	0.005	847542.6406690967	190329.1192209633
1602000	0.00625	847542.6406690967	76512.269721614
1605600	0.0075	743006.4539083922	14357.749164378998
1609200	0.0125	1090840.8218697153	34463.29839670343
1612800	0.0125	1090840.8218697153	140174.9404391312
1616400	0.015	1090840.8218697153	309483.53009289526
1620000	0.02	859596.8365899124	314876.11943875207
1623600	0.02125	876226.405096157	511533.90996592253
1627200	0.02125	989560.7114433439	317420.13568667043
1630800	0.01875	859596.8365899124	415766.47547179915
1634400	0.0225	859596.8365899124	314461.160738705
1638000	0.0225	960876.9470162836	343521.6808545274
1641600	0.0225	1090840.8218697153	213018.54021025827
1645200	0.0225	629672.1475612051	0.0
1648800	0.0225	629672.1475612051	17086.64249363027
1652400	0.0225	629672.1475612051	47384.924077913885
1656000	0.0225	629672.1475612051	49018.886977152295
1659600	0.0225	629672.1475612051	0.0
1663200	0.0225	629672.1475612051	0.0
1666800	0.0225	629672.1475612051	3267.9257984768196
1670400	0.0225	629672.1475612051	14083.189466255588
1674000	0.00625	745662.3904704009	111818.48603699823
1677600	0.0075	745662.3904704009	123683.937900221
1681200	0.01125	857165.9493536241	67689.77460890514
1684800	0.0075	1108728.3121780616	37500.42313169734
1688400	0.005	881234.5103856425	0.0
1692000	0.0125	1108728.3121780616	19866.916847512497
1695600	0.01125	1108728.3121780616	6221.492233800122
1699200	0.01125	1108728.3121780616	0.0
1702800	0.0075	857165.9493536241	72246.32141843958
1706400	0.01125	745662.3904704009	138241.66636155758
1710000	0.01	1108728.3121780616	215931.00223670749
1713600	0.00875	997224.7532948384	172287.72053453894
1717200	0.0125	881234.5103856425	374870.319893003
1720800	0.0225	868417.6926636524	270665.3263806604
1724400	0.0225	997224.7532948384	390124.35078534053
1728000	0.0225	881234.5103856425	187269.63929506103
1731600	0.0225	912985.8259067838	0.0
1735200	0.0225	877878.8691877834	60542.15034927059
1738800	0.0225	629672.1475612051	0.0
1742400	0.0225	629672.1475612051	0.0
1746000	0.0225	629672.1475612051	0.0
1749600	0.0225	629672.1475612051	0.0
1753200	0.0225	629672.1475612051	0.0
1756800	0.0225	764378.1990512884	8614.6494986274
1760400	0.005	764378.1990512884	68933.39975756199
1764000	0.01	912985.8259067838	94791.18898061936
1767600	0.01	912985.8259067838	92649.14221398317
1771200	0.01	912985.8259067838	19280.064756570468
1774800	0.0125	912985.8259067838	6221.492233800122
1778400	0.01375	764378.1990512884	8351.357430252294
1782000	0.01125	912985.8259067838	14357.749164378998
1785600	0.01125	912985.8259067838	14357.749164378998
1789200	0.01375	912985.8259067838	153960.81358983772
1792800	0.01625	912985.8259067838	266731.0757518791
1796400	0.015	912985.8259067838	294926.4493442497
1800000	0.015	1161192.547533362	311145.86814211484
1803600	0.01875	877878.8691877834	334047.3598424707
1807200	0.0225	912985.8259067838	499880.58349102165
1810800	0.0225	1032728.1187104355	382057.5963277688
1814400	0.0225	629672.1475612051	61879.12015401664
1818000	0.0225	629672.1475612051	0.0
1821600	0.0225	629672.1475612051	0.0
1825200	0.0225	629672.1475612051	0.0
1828800	0.0225	629672.1475612051	0.0
1832400	0.0225	629672.1475612051	0.0
1836000	0.0225	629672.1475612051	0.0
1839600	0.0225	774514.4276165424	0.0
1843200	0.0225	912597.924376623	119018.7389413229
1846800	0.0125	1146246.0755980639	378204.33520037634
1850400	0.01125	1146246.0755980639	317759.592180235
1854000	0.00875	1146246.0755980639	147327.72577435122
1857600	0.0075	1146246.0755980639	57495.003967258075
1861200	0.00875	1146246.0755980639	37707.12149865899
1864800	0.00625	912597.924376623	8891.39165098324
1868400	0.005	912597.924376623	3942.2499800423593
1872000	0.00875	629672.1475612051	40154.53747139856
1875600	0.01	912597.924376623	71679.12351049589
1879200	0.01375	1146246.0755980639	255114.03554767143
1882800	0.01375	1027038.1972822757	295275.98679626675
1886400	0.01625	744112.4204668577	316780.2119461623
1890000	0.0175	774514.4276165424	459029.84829216095
1893600	0.0225	1027038.1972822757	474681.6554215033
1897200	0.0225	744112.4204668577	416455.8180229969
1900800	0.0225	629672.1475612051	202628.87040703284
1904400	0.0225	629672.1475612051	0.0
1908000	0.0225	629672.1475612051	0.0
1911600	0.0225	629672.1475612051	0.0
1915200	0.0225	629672.1475612051	0.0
1918800	0.0225	629672.1475612051	0.0
1922400	0.0225	629672.1475612051	5913.374970063539
1926000	0.0225	878986.6752203167	8918.16027271734
1929600	0.0225	878986.6752203167	78530.45362984252
1933200	0.00625	1002813.808223367	282341.38194112945
1936800	0.0025	881369.8458283285	103296.70016004566
1940400	0.00125	881369.8458283285	55133.75679121535
1944000	0.0025	881369.8458283285	22972.398663006396
1947600	0.00625	1006417.77509581	0.0
1951200	0.00875	754720.0768286868	0.0
1954800	0.00625	1130684.3734874402	132327.88201122647
1958400	0.00875	1130684.3734874402	186104.77480851725
1962000	0.015	1130684.3734874402	338038.8430932045
1965600	0.01625	1006417.77509581	286039.59068985295
1969200	0.02	878547.2098317367	282580.1517355489
1972800	0.0225	754720.0768286868	397324.95514197944
1976400	0.02125	1006417.77509581	463718.5739412656
1980000	0.0225	877765.8789558853	319895.12176203047
1983600	0.0225	878547.2098317367	478303.2336497995
1987200	0.0225	878986.6752203167	266291.4168580356
1990800	0.0225	629672.1475612051	0.0
1994400	0.0225	629672.1475612051	0.0
1998000	0.0225	629672.1475612051	0.0
2001600	0.0225	629672.1475612051	0.0
2005200	0.0225	629672.1475612051	0.0
2008800	0.0225	629672.1475612051	0.0
2012400	0.0225	629672.1475612051	8891.39165098324
2016000	0.0225	884555.374224768	153672.76124662548
2019600	0.00625	778387.5685600911	122933.92632567378
2023200	0.00625	778387.5685600911	4459.08013635867
2026800	0.0075	778387.5685600911	0.0
2030400	0.005	735839.953225882	13969.462148976545
2034000	0.01	1121285.2780799274	11672.08282945697
2037600	0.00875	1121285.2780799274	11072.351631379002
2041200	0.00625	866402.0514163645	17266.35882275321
2044800	0.0075	1121285.2780799274	7080.100480786023
2048400	0.0125	1015117.4724152505	95648.50879942837
2052000	0.0175	1121285.2780799274	168927.86265498868
2055600	0.0175	1121285.2780799274	352045.20217018825
2059200	0.01625	972569.8570810414	315490.78271485434
2062800	0.01375	1023666.6635550561	428222.55782628665
2066400	0.0225	1023666.6635550561	403784.9123861308
2070000	0.0225	884555.374224768	372971.8501928445
2073600	0.0225	629672.1475612051	10130.56997527814
2077200	0.0225	629672.1475612051	0.0
2080800	0.0225	629672.1475612051	0.0
2084400	0.0225	890977.8441453513	0.0
2088000	0.0225	629672.1475612051	0.0
2091600	0.0225	629672.1475612051	0.0
2095200	0.0225	629672.1475612051	38458.26650130093
2098800	0.0225	866203.3074215106	53953.11697480587
2102400	0.0225	756585.1759730526	63766.565107754745
2106000	0.015	873783.8382324562	290329.42909858096
2109600	0.01625	993116.3358333581	190814.04428868598
2113200	0.0125	1127509.0040056568	85231.53792331593
2116800	0.0125	866203.3074215106	83770.2136270229
2120400	0.01375	1127509.0040056568	12694.213862469885
2124000	0.01375	890977.8441453513	0.0
2127600	0.01	764064.815733504	4901.88869771523
2131200	0.00875	1127509.0040056568	29658.267393675997
2134800	0.00875	993116.3358333581	90168.94897877652
2138400	0.01125	993116.3358333581	144432.92705974344
2142000	0.01125	1127509.0040056568	290574.76875949884
2145600	0.015	1008176.5064047549	304737.0948040592
2149200	0.02	993116.3358333581	361139.1832588523
2152800	0.0225	873783.8382324562	417638.8994455531
2156400	0.0225	875917.6735739545	362392.320974899
2160000	0.0225	746870.8098206087	228597.94287572644
2163600	0.0225	880945.6574337913	0.0
2167200	0.0225	887189.1829702668	0.0
2170800	0.0225	629672.1475612051	0.0
2174400	0.0225	629672.1475612051	0.0
2178000	0.0225	629672.1475612051	5913.374970063539
2181600	0.0225	629672.1475612051	0.0
2185200	0.0225	629672.1475612051	19616.935417220746
2188800	0.0225	756903.2691929184	102864.96898936514
2192400	0.0125	1138462.692842853	261047.56391361682
2196000	0.00875	887189.1829702668	49123.220029777796
2199600	0.005	887189.1829702668	16886.90749174319
2203200	0.00875	629672.1475612051	10665.415257943068
2206800	0.00625	629672.1475612051	0.0
2210400	0.01	880945.6574337913	68241.148190679
2214000	0.00875	880945.6574337913	8169.814496192049
2217600	0.01125	880945.6574337913	0.0
2221200	0.01375	880945.6574337913	149261.08364507556
2224800	0.01625	751962.3760478289	280342.0649191279
2228400	0.0175	1009479.4114568904	396570.83699221176
2232000	0.02125	1009479.4114568904	259703.86277397932
2235600	0.02125	751962.3760478289	419071.8934430605
2239200	0.0225	1009479.4114568904	452272.1857820965
2242800	0.0225	629672.1475612051	296216.2227055671
2246400	0.0225	629672.1475612051	252083.40642368927
2250000	0.0225	629672.1475612051	17775.69209657178
2253600	0.0225	629672.1475612051	0.0
2257200	0.0225	629672.1475612051	0.0
2260800	0.0225	629672.1475612051	0.0
2264400	0.0225	629672.1475612051	0.0
2268000	0.0225	629672.1475612051	0.0
2271600	0.0225	629672.1475612051	0.0
2275200	0.0225	751976.7771026616	38675.4379198353
2278800	0.01	872530.0504819662	134036.76434976066
2282400	0.01375	1107997.113840451	97770.13103912714
2286000	0.015	1107997.113840451	81977.87929560545
2289600	0.015	1107997.113840451	17661.796055412477
2293200	0.01	1107997.113840451	14357.749164378998
2296800	0.01	1107997.113840451	20271.124134442536
2300400	0.0075	881463.5761945168	0.0
2304000	0.01	1107997.113840451	14357.749164378998
2307600	0.01375	1107997.113840451	76456.46172845965
2311200	0.015	1107997.113840451	338083.1775935593
2314800	0.01875	1003768.2057359731	401786.08962543483
2318400	0.01625	1003768.2057359731	436629.5004754059
2322000	0.01625	751976.7771026616	471144.4539331998
2325600	0.0225	872530.0504819662	264223.65005796484
2329200	0.0225	629672.1475612051	106373.42109577419
2332800	0.0225	629672.1475612051	68217.9510432036
2336400	0.0225	629672.1475612051	0.0
2340000	0.0225	629672.1475612051	37939.37804723686
2343600	0.0225	629672.1475612051	0.0
2347200	0.0225	629672.1475612051	0.0
2350800	0.0225	629672.1475612051	4901.88869771523
2354400	0.0225	629672.1475612051	4901.88869771523
2358000	0.0225	629672.1475612051	0.0
2361600	0.0225	774765.3077439007	16965.901788734613
2365200	0.00625	629672.1475612051	102637.5594907132
2368800	0.00875	774765.3077439007	90167.88841380975
2372400	0.01125	912061.1480396192	42027.99089383385
2376000	0.0125	912061.1480396192	36386.235763462464
2379600	0.01125	912061.1480396192	27174.82826173919
2383200	0.01	774765.3077439007	5743.099665751599
2386800	0.00625	912061.1480396192	9519.153255504145
2390400	0.0075	912061.1480396192	3776.0535897525456
2394000	0.00625	774765.3077439007	12744.18086541484
2397600	0.01125	912061.1480396192	219346.51547491265
2401200	0.015	1171074.4500987097	222722.48232600492
2404800	0.015	1043761.4489782418	336470.85365781863
2408400	0.0125	912061.1480396192	421306.0541676669
2412000	0.0225	629672.1475612051	309687.25715717446
2415600	0.0225	629672.1475612051	278857.1718382187
2419200	0.0225	912061.1480396192	156439.24234742328
2422800	0.0225	868550.1919609795	19259.637862094227
2426400	0.0225	629672.1475612051	54871.705156920674
2430000	0.0225	629672.1475612051	0.0
2433600	0.0225	629672.1475612051	0.0
2437200	0.0225	742710.0647282808	41186.16077869949
2440800	0.0225	629672.1475612051	5664.080384628818
2444400	0.0225	629672.1475612051	0.0
2448000	0.0225	750077.4784653366	70609.31836593681
2451600	0.00875	750077.4784653366	164505.53785219812
2455200	0.00375	878619.619810916	58427.46645056744
2458800	0.005	878619.619810916	10377.498815235553
2462400	0.0075	878619.619810916	5534.666034792294
2466000	0.0075	878619.619810916	0.0
2469600	0.01	878619.619810916	21332.92848850485
2473200	0.00875	1117497.6642106904	8296.991996847233
2476800	0.00625	878619.619810916	13223.200103943786
2480400	0.015	988955.522865111	48452.5321156977
2484000	0.01625	988955.522865111	243075.6674306173
2487600	0.0175	875917.6056980351	294750.4196079114
2491200	0.0175	863115.3956324123	371499.7472726159
2494800	0.01875	878619.619810916	489198.1031499037
2498400	0.0225	863115.3956324123	459630.6806243117
2502000	0.0225	988955.522865111	456411.1705564581
2505600	0.0225	878619.619810916	342166.30520768766
2509200	0.0225	629672.1475612051	0.0
2512800	0.0225	629672.1475612051	0.0
2516400	0.0225	629672.1475612051	0.0
2520000	0.0225	629672.1475612051	0.0
2523600	0.0225	629672.1475612051	0.0
2527200	0.0225	629672.1475612051	0.0
2530800	0.0225	629672.1475612051	1182.6749940127079
2534400	0.0225	629672.1475612051	143456.02116869765
2538000	0.01	629672.1475612051	252495.66340601904
2541600	0.0075	873632.1833691366	213886.9277502975
2545200	0.00375	629672.1475612051	106191.00064236812
2548800	0.0025	629672.1475612051	108567.87099034784
2552400	0.00625	629672.1475612051	86681.193050363
2556000	0.00875	873632.1833691366	133127.8564183998
2559600	0.0075	873632.1833691366	158669.9346992589
2563200	0.0025	629672.1475612051	114054.28115973863
2566800	0.00375	629672.1475612051	69606.81950755625
2570400	0.00875	855620.5289330014	141204.7198722687
2574000	0.0125	855620.5289330014	144953.2841927411
2577600	0.015	855620.5289330014	258592.3133794576
2581200	0.0175	1099580.5647409328	283384.3434440482
2584800	0.0225	870362.9402637684	366564.7352071317
2588400	0.0225	984013.3329682676	299603.0794229043
2592000	0.0225	855620.5289330014	59803.35681573292
2595600	0.0225	629672.1475612051	0.0
2599200	0.0225	629672.1475612051	0.0
2602800	0.0225	629672.1475612051	0.0
2606400	0.0225	629672.1475612051	0.0
2610000	0.0225	629672.1475612051	0.0
2613600	0.0225	629672.1475612051	33443.101022690025
2617200	0.0225	867558.2690136272	13836.665086980736
2620800	0.0225	910055.2466030468	3153.7999840338875
2624400	0.0075	744708.9060487798	111573.30423307358
2628000	0.0075	769541.716271695	51850.56037690794
2631600	0.0075	629672.1475612051	139601.075040783
2635200	0.0075	629672.1475612051	182679.17696380918
2638800	0.00625	629672.1475612051	17782.78330196648
2642400	0.00625	629672.1475612051	126531.3347163685
2646000	0.01	629672.1475612051	185229.23621017364
2649600	0.01	1008071.7993449792	199591.7064664028
2653200	0.01375	867558.2690136272	121433.56987374068
2656800	0.01625	867558.2690136272	236421.43831367535
2660400	0.01625	1007427.8377241171	343951.5600278164
2664000	0.01625	1032904.6095678944	423116.873855458
2667600	0.0175	1007427.8377241171	460763.0327082084
2671200	0.0225	1147941.368055469	511854.3931722736
2674800	0.0225	867558.2690136272	240706.6860072972
2678400	0.0225	1007427.8377241171	235558.03285813294
2682000	0.0225	629672.1475612051	0.0
2685600	0.0225	629672.1475612051	0.0
2689200	0.0225	629672.1475612051	0.0
2692800	0.0225	906408.5068109774	68318.53386696738
2696400	0.0225	629672.1475612051	23317.13091672197
2700000	0.0225	629672.1475612051	0.0
2703600	0.0225	629672.1475612051	27942.796564168835
2707200	0.0225	629672.1475612051	107165.3622310902
2710800	0.01375	783962.7877324913	379725.0779371085
2714400	0.01	1155555.3869636299	182861.6290475297
2718000	0.00875	906408.5068109774	49956.670655278765
2721600	0.00875	906408.5068109774	21754.911495084587
2725200	0.00875	629672.1475612051	90829.03176099245
2728800	0.00625	629672.1475612051	59528.06607899347
2732400	0.0025	629672.1475612051	14719.628031071847
2736000	0.0025	906408.5068109774	6918.332543490368
2739600	0.0075	1155555.3869636299	36909.65117232064
2743200	0.0125	1155555.3869636299	217377.73129491406
2746800	0.01375	752429.7353759038	152310.72679727158
2750400	0.015	1029166.0946256758	291749.37320440187
2754000	0.01375	752429.7353759038	232557.75165701675
2757600	0.0225	629672.1475612051	342541.3094425425
2761200	0.0225	752429.7353759038	355775.5855199292
2764800	0.0225	629672.1475612051	217443.4650336843
2768400	0.0225	629672.1475612051	0.0
2772000	0.0225	629672.1475612051	0.0
2775600	0.0225	629672.1475612051	0.0
2779200	0.0225	629672.1475612051	0.0
2782800	0.0225	629672.1475612051	0.0
2786400	0.0225	629672.1475612051	0.0
2790000	0.0225	629672.1475612051	0.0
2793600	0.0225	1010201.3875018766	181969.5209184348
2797200	0.01	874036.2761005089	125016.45282272142
2800800	0.00875	874036.2761005089	193010.3737533973
2804400	0.00875	629672.1475612051	145535.07536820427
2808000	0.01	629672.1475612051	67995.08436624045
2811600	0.01	874036.2761005089	60760.97085198581
2815200	0.00625	874036.2761005089	136879.57060498308
2818800	0.00625	874036.2761005089	260700.4256663567
2822400	0.0075	874036.2761005089	238648.12758263212
2826000	0.015	1010201.3875018766	333252.51066663634
2829600	0.01625	1008694.3514935805	293762.6598767293
2833200	0.01125	904196.3225505529	461674.5200301795
2836800	0.01125	1148560.4510898564	412131.41312790615
2840400	0.01375	1008694.3514935805	306757.8693866891
2844000	0.0225	1008694.3514935805	295573.0541381009
2847600	0.0225	1010201.3875018766	309809.2427589653
2851200	0.0225	1148560.4510898564	143460.13623527632
2854800	0.0225	890629.8213060983	0.0
2858400	0.0225	629672.1475612051	41442.18814753419
2862000	0.0225	629672.1475612051	0.0
2865600	0.0225	629672.1475612051	0.0
2869200	0.0225	629672.1475612051	0.0
2872800	0.0225	629672.1475612051	0.0
2876400	0.0225	629672.1475612051	0.0
2880000	0.0225	758530.1929799002	0.0
2883600	0.0075	879455.6405933765	114502.82476666682
2887200	0.00875	879455.6405933765	119939.18474711076
2890800	0.01125	879455.6405933765	72845.81168942181
2894400	0.01	879455.6405933765	40038.65811393963
2898000	0.01	879455.6405933765	37792.780762270624
2901600	0.0075	879455.6405933765	68873.52673031483
2905200	0.00375	629672.1475612051	188917.2918267659
2908800	0.005	629672.1475612051	137900.85969924263
2912400	0.01	629672.1475612051	140410.52950805041
2916000	0.0125	629672.1475612051	234898.53264272737
2919600	0.01125	629672.1475612051	163613.35850074253
2923200	0.01625	629672.1475612051	305490.9808499949
2926800	0.01625	750597.5951746814	282279.8841220285
2930400	0.0225	758530.1929799002	290159.69330448785
2934000	0.0225	758530.1929799002	269676.22619947686
2937600	0.0225	629672.1475612051	96172.42055841221
2941200	0.0225	887968.584183604	9440.133974381364
2944800	0.0225	629672.1475612051	79202.72404505964
2948400	0.0225	629672.1475612051	0.0
2952000	0.0225	629672.1475612051	0.0
2955600	0.0225	629672.1475612051	0.0
2959200	0.0225	629672.1475612051	68167.3359908715
2962800	0.0225	629672.1475612051	50164.65153403504
2966400	0.0225	872709.9808739268	46726.4753510467
2970000	0.01125	1131006.4174963254	135433.34543304294
2973600	0.0125	1131006.4174963254	258305.50243961863
2977200	0.01	887968.584183604	55792.953457915115
2980800	0.00625	887968.584183604	13969.462148976545
2984400	0.00625	629672.1475612051	10665.415257943068
2988000	0.00875	1007826.3186190329	10665.415257943068
2991600	0.00875	1011879.9510705958	0.0
2995200	0.01	872709.9808739268	3304.046891033477
2998800	0.01125	1011879.9510705958	3304.046891033477
3002400	0.01125	1131006.4174963254	183482.7933646958
3006000	0.015	753583.5144481971	173165.57140144927
3009600	0.01625	876763.6133254897	225852.92089794984
3013200	0.01625	1007826.3186190329	252656.7454204041
3016800	0.0225	629672.1475612051	221755.029118078
3020400	0.0225	888699.8521933032	254323.97143265133
3024000	0.0225	629672.1475612051	102358.9667625239
3027600	0.0225	629672.1475612051	0.0
3031200	0.0225	629672.1475612051	0.0
3034800	0.0225	629672.1475612051	0.0
3038400	0.0225	629672.1475612051	4901.88869771523
3042000	0.0225	629672.1475612051	20746.580518960895
3045600	0.0225	900569.8204564962	86186.6782157339
3049200	0.0225	629672.1475612051	0.0
3052800	0.0225	629672.1475612051	198512.57568281228
3056400	0.0125	1017477.9144662642	246164.34860374482
3060000	0.01125	1142606.1030582546	67545.49020993692
3063600	0.0125	1142606.1030582546	34209.86272414448
3067200	0.0075	1142606.1030582546	33198.37645179617
3070800	0.00625	1142606.1030582546	27964.051080963032
3074400	0.00625	1142606.1030582546	14757.513647821128
3078000	0.00375	1142606.1030582546	4901.88869771523
3081600	0.0075	1142606.1030582546	1633.9628992384098
3085200	0.01125	1142606.1030582546	6535.851596953639
3088800	0.0125	1017477.9144662642	147494.47088777
3092400	0.01125	871708.4301629635	208522.78064168963
3096000	0.0125	871708.4301629635	247538.66157689155
3099600	0.0125	1142606.1030582546	418457.13003544265
3103200	0.0225	1142606.1030582546	350740.0617127159
3106800	0.0225	754800.3361531955	173247.37160068628
3110400	0.0225	746580.2415709731	192159.17009712578
3114000	0.0225	629672.1475612051	0.0
3117600	0.0225	629672.1475612051	0.0
3121200	0.0225	629672.1475612051	0.0
3124800	0.0225	629672.1475612051	0.0
3128400	0.0225	629672.1475612051	0.0
3132000	0.0225	629672.1475612051	0.0
3135600	0.0225	629672.1475612051	0.0
3139200	0.0225	874244.6761339488	30094.3296682576
3142800	0.01125	1127394.9073955973	200715.3227202261
3146400	0.0075	1127394.9073955973	113646.59734283554
3150000	0.005	882822.3788228538	68677.43581014813
3153600	0.005	882822.3788228538	16408.514923694667
3157200	0.00625	629672.1475612051	3304.046891033477
3160800	0.0075	882822.3788228538	16097.034854906839
3164400	0.00625	629672.1475612051	10665.415257943068
3168000	0.00375	629672.1475612051	15124.495394301739
3171600	0.0075	629672.1475612051	10123.160520987487
3175200	0.0125	1127394.9073955973	151724.62674486556
3178800	0.01625	874244.6761339488	147971.80854750588
3182400	0.0125	996719.1794894403	304362.14351774356
3186000	0.01625	1013498.1067290106	329285.1362757081
3189600	0.0225	1013498.1067290106	309518.84693973185
3193200	0.0225	874244.6761339488	344180.509086049
3196800	0.0225	882822.3788228538	103572.43239103496
3200400	0.0225	629672.1475612051	0.0
3204000	0.0225	629672.1475612051	0.0
3207600	0.0225	629672.1475612051	0.0
3211200	0.0225	629672.1475612051	0.0
3214800	0.0225	629672.1475612051	22295.40068179335
3218400	0.0225	629672.1475612051	0.0
3222000	0.0225	629672.1475612051	0.0
3225600	0.0225	882251.4259763663	70960.05690876016
3229200	0.01125	1005897.1638413214	130402.62273581442
3232800	0.01	862629.7961191924	36054.82120336302
3236400	0.0075	862629.7961191924	22677.58079428701
3240000	0.0125	1115209.0745343533	0.0
3243600	0.01	984418.1527627031	12780.633045776076
3247200	0.0075	882251.4259763663	0.0
3250800	0.01125	882251.4259763663	14357.749164378998
3254400	0.01125	882251.4259763663	0.0
3258000	0.01375	882251.4259763663	103879.53011528202
3261600	0.01375	1115209.0745343533	317459.94964627153
3265200	0.015	984418.1527627031	243530.9656829158
3268800	0.01625	862629.7961191924	304617.34727701213
3272400	0.02	1005897.1638413214	246185.71590019338
3276000	0.0225	1005897.1638413214	362375.106653053
3279600	0.0225	753317.8854261604	254918.82132272245
3283200	0.0225	862629.7961191924	60842.31217979932
3286800	0.0225	629672.1475612051	0.0
3290400	0.0225	629672.1475612051	0.0
3294000	0.0225	629672.1475612051	0.0
3297600	0.0225	629672.1475612051	13398.495773754961
3301200	0.0225	629672.1475612051	0.0
3304800	0.0225	629672.1475612051	0.0
3308400	0.0225	629672.1475612051	23181.017804506468
3312000	0.0225	869400.5601979983	157411.02894949692
3315600	0.00625	629672.1475612051	104060.33200170167
3319200	0.0025	869400.5601979983	9632.340955231844
3322800	0.0025	1092696.568970704	0.0
3326400	0.0025	869400.5601979983	0.0
3330000	0.00625	869400.5601979983	14357.749164378998
3333600	0.0075	869400.5601979983	0.0
3337200	0.0075	1092696.568970704	9632.340955231844
3340800	0.0075	1092696.568970704	0.0
3344400	0.0075	1092696.568970704	33072.72234917504
3348000	0.01125	1092696.568970704	19259.637862094227
3351600	0.015	744626.5195477158	235730.932774794
3355200	0.0125	973090.7879513907	346714.05086226243
3358800	0.0125	749794.779178685	290094.29712297826
3362400	0.0225	749794.779178685	275819.4791835017
3366000	0.0225	864749.1511651957	252170.2223045114
3369600	0.0225	852968.1563339108	133915.2906890231
3373200	0.0225	629672.1475612051	0.0
3376800	0.0225	629672.1475612051	36273.91516893573
3380400	0.0225	629672.1475612051	0.0
3384000	0.0225	629672.1475612051	0.0
3387600	0.0225	629672.1475612051	0.0
3391200	0.0225	629672.1475612051	0.0
3394800	0.0225	629672.1475612051	39422.4998004236
3398400	0.0225	857699.4369160528	96730.5875991596
3402000	0.01	884912.0246015093	215512.38613143202
3405600	0.01	884912.0246015093	195413.71638221203
3409200	0.00375	629672.1475612051	28135.303020795065
3412800	0.005	857699.4369160528	27009.467912832377
3416400	0.00875	857791.5171268289	8891.39165098324
3420000	0.01125	984553.1744226713	0.0
3423600	0.0075	1112939.3139563568	24250.493560296527
3427200	0.0075	1112939.3139563568	10186.258341967188
3430800	0.00875	1112939.3139563568	29212.763165160486
3434400	0.01	884912.0246015093	112594.38530600932
3438000	0.0175	1112939.3139563568	243800.8377274522
3441600	0.01875	984553.1744226713	235618.02496684596
3445200	0.0175	984553.1744226713	358069.4214341492
3448800	0.0225	984553.1744226713	407458.54577621183
3452400	0.0225	984553.1744226713	304325.6685985079
3456000	0.0225	857699.4369160528	225799.26610305376
3459600	0.0225	629672.1475612051	0.0
3463200	0.0225	629672.1475612051	0.0
3466800	0.0225	629672.1475612051	0.0
3470400	0.0225	629672.1475612051	0.0
3474000	0.0225	892757.1604873922	8614.6494986274
3477600	0.0225	629672.1475612051	0.0
3481200	0.0225	892757.1604873922	37760.880302316764
3484800	0.0225	892757.1604873922	110236.17515186568
3488400	0.00875	629672.1475612051	40790.28641791995
3492000	0.01125	773897.4303977336	194977.31126807013
3495600	0.01375	892757.1604873922	400261.80533685285
3499200	0.00875	892757.1604873922	230891.46968058756
3502800	0.01	892757.1604873922	195579.08757353693
3506400	0.01	773897.4303977336	27573.936728512905
3510000	0.01125	892757.1604873922	5743.099665751599
3513600	0.01125	629672.1475612051	6221.492233800122
3517200	0.0175	991969.2583554874	219906.98768670327
3520800	0.01625	1010568.2520815693	348042.8869087965
3524400	0.0175	1010568.2520815693	388295.9606053293
3528000	0.02	891708.5219919106	494570.37329458096
3531600	0.02	891708.5219919106	503089.2110115958
3535200	0.0225	891708.5219919106	379415.546509878
3538800	0.0225	873109.5282658287	293102.24702890194
3542400	0.0225	1136194.5411920159	335419.64741959417
3546000	0.0225	629672.1475612051	0.0
3549600	0.0225	909289.1737205179	22972.398663006396
3553200	0.0225	629672.1475612051	0.0
3556800	0.0225	629672.1475612051	0.0
3560400	0.0225	629672.1475612051	0.0
3564000	0.0225	629672.1475612051	0.0
3567600	0.0225	629672.1475612051	0.0
3571200	0.0225	629672.1475612051	5664.080384628818
3574800	0.01	629672.1475612051	94820.91886546758
3578400	0.01	875161.8442275708	239866.58741679165
3582000	0.01125	909289.1737205179	197058.81481666001
3585600	0.0125	909289.1737205179	237928.88238783512
3589200	0.0125	1154778.8703868834	286192.08529854176
3592800	0.01375	1154778.8703868834	95558.36736089828
3596400	0.0175	909661.9937540912	56870.59441205167
3600000	0.0175	1154778.8703868834	176973.00056066312
3603600	0.02	1033223.47191032	266694.3491252477
3607200	0.02	909661.9937540912	284697.3223753873
3610800	0.01875	1154778.8703868834	395752.8238748331
3614400	0.01625	1031217.3922306546	367985.1186794925
3618000	0.01625	753606.4457510074	369165.7305932519
3621600	0.0225	753606.4457510074	354464.6094220018
3625200	0.0225	1031217.3922306546	230916.97883171376
3628800	0.0225	909289.1737205179	77954.76264855416
3632400	0.0225	629672.1475612051	0.0
3636000	0.0225	629672.1475612051	0.0
3639600	0.0225	629672.1475612051	0.0
3643200	0.0225	629672.1475612051	0.0
3646800	0.0225	629672.1475612051	0.0
3650400	0.0225	629672.1475612051	0.0
3654000	0.0225	743407.9062011235	0.0
3657600	0.0225	756696.2816634323	121319.45038332554
3661200	0.01375	1026792.4768571104	280934.02986496664
3664800	0.015	1171308.7080302946	309274.5919419894
3668400	0.015	1171308.7080302946	433694.0154727438
3672000	0.0125	1171308.7080302946	324111.27257441037
3675600	0.01125	1171308.7080302946	206918.70764875357
3679200	0.01125	1026792.4768571104	48594.40183485987
3682800	0.01	1171308.7080302946	253248.64146150392
3686400	0.005	629672.1475612051	122647.39844799403
3690000	0.0075	629672.1475612051	73486.14122256555
3693600	0.00875	629672.1475612051	193285.6210207187
3697200	0.01375	899768.3427548832	280450.4987770279
3700800	0.01125	899768.3427548832	246217.38466766506
3704400	0.0125	899768.3427548832	313397.7057133805
3708000	0.0225	899768.3427548832	287061.58643470745
3711600	0.0225	899768.3427548832	248080.24355312053
3715200	0.0225	899768.3427548832	272197.7359737689
3718800	0.0225	629672.1475612051	10665.415257943068
3722400	0.0225	629672.1475612051	0.0
3726000	0.0225	629672.1475612051	0.0
3729600	0.0225	629672.1475612051	0.0
3733200	0.0225	629672.1475612051	0.0
3736800	0.0225	629672.1475612051	0.0
3740400	0.0225	629672.1475612051	0.0
3744000	0.0225	629672.1475612051	87017.85508727335
3747600	0.01	751947.0257127185	153238.45533612053
3751200	0.00625	864509.3348455958	126973.48989799888
3754800	0.0025	629672.1475612051	13933.531947286992
3758400	0.005	629672.1475612051	11029.249569859267
3762000	0.00625	771147.4663937658	49856.52713688447
3765600	0.00625	629672.1475612051	37328.95340280074
3769200	0.00375	864509.3348455958	12222.040080228402
3772800	0.0025	629672.1475612051	39685.81321359216
3776400	0.00625	629672.1475612051	13377.24040907601
3780000	0.01125	907271.376803006	161312.01245918096
3783600	0.015	1142108.5640873967	328785.3180643225
3787200	0.015	864509.3348455958	213992.4882941569
3790800	0.0125	629672.1475612051	255283.2008940848
3794400	0.0225	864509.3348455958	246561.13875882182
3798000	0.0225	864509.3348455958	240574.04571448104
3801600	0.0225	629672.1475612051	339238.701753984
3805200	0.0225	629672.1475612051	0.0
3808800	0.0225	629672.1475612051	26754.48081815202
3812400	0.0225	629672.1475612051	0.0
3816000	0.0225	629672.1475612051	0.0
3819600	0.0225	629672.1475612051	0.0
3823200	0.0225	629672.1475612051	0.0
3826800	0.0225	629672.1475612051	0.0
3830400	0.0225	758697.3489201907	59354.23678758042
3834000	0.01	901516.1954409813	78799.59735239457
3837600	0.0075	879323.0140614877	37198.08230182703
3841200	0.005	879323.0140614877	23754.73922431156
3844800	0.0025	879323.0140614877	0.0
3848400	0.0075	879323.0140614877	0.0
3852000	0.00875	879323.0140614877	17992.429417110143
3855600	0.0075	879323.0140614877	10627.795205775888
3859200	0.00875	879323.0140614877	2075.4997630471103
3862800	0.01	879323.0140614877	42924.57224400736
3866400	0.0125	879323.0140614877	159713.4108996521
3870000	0.01375	1024370.0973574037	237659.35184758707
3873600	0.0125	1131202.1173368958	278842.16971472924
3877200	0.015	881551.2508366131	205395.216133524
3880800	0.0225	1008348.2154204734	149757.43635070472
3884400	0.0225	1131202.1173368958	218965.35093680068
3888000	0.0225	1131202.1173368958	250953.9180694603
3891600	0.0225	629672.1475612051	0.0
3895200	0.0225	629672.1475612051	0.0
3898800	0.0225	629672.1475612051	0.0
3902400	0.0225	629672.1475612051	0.0
3906000	0.0225	629672.1475612051	0.0
3909600	0.0225	629672.1475612051	0.0
3913200	0.0225	629672.1475612051	0.0
3916800	0.0225	786572.0907370804	51154.77177454361
3920400	0.005	882479.1054572859	105863.98406478332
3924000	0.005	882479.1054572859	171730.6681385507
3927600	0.00375	629672.1475612051	86268.2593854824
3931200	0.005	629672.1475612051	18069.5824857559
3934800	0.00625	882479.1054572859	90940.82021888217
3938400	0.00625	882479.1054572859	85140.02673197952
3942000	0.00875	786572.0907370804	62619.116811626445
3945600	0.00625	882479.1054572859	46606.69803495219
3949200	0.00875	1149620.108590244	144754.2948881855
3952800	0.01	1149620.108590244	184216.32155563182
3956400	0.01	882479.1054572859	146176.62776448124
3960000	0.015	786572.0907370804	227131.15856652168
3963600	0.015	786572.0907370804	259644.7376552854
3967200	0.0225	896813.1506941635	267368.1930373713
3970800	0.0225	1053713.0938700389	246916.18703958928
3974400	0.0225	629672.1475612051	0.0
3978000	0.0225	629672.1475612051	0.0
3981600	0.0225	629672.1475612051	0.0
3985200	0.0225	629672.1475612051	0.0
3988800	0.0225	629672.1475612051	0.0
3992400	0.0225	629672.1475612051	0.0
3996000	0.0225	629672.1475612051	0.0
3999600	0.0225	629672.1475612051	0.0
4003200	0.0225	629672.1475612051	69537.39874765009
4006800	0.00625	629672.1475612051	214003.1475586132
4010400	0.00875	876037.5951513997	150880.90291145688
4014000	0.0075	1008098.5507730066	156189.36957227552
4017600	0.00625	1121115.1924386946	108437.36512795485
4021200	0.0075	878434.2203268453	22602.42813355414
4024800	0.00625	878434.2203268453	20085.122337848195
4028400	0.00375	629672.1475612051	0.0
4032000	0.00875	1008098.5507730066	0.0
4035600	0.01	876037.5951513997	0.0
4039200	0.0125	1121115.1924386946	131464.94855404057
4042800	0.0125	1121115.1924386946	291372.1676707215
4046400	0.01375	1121115.1924386946	386949.0326348438
4050000	0.01125	1121115.1924386946	450127.81744048884
4053600	0.0225	878434.2203268453	255449.04861253663
4057200	0.0225	878434.2203268453	189001.37652549613
4060800	0.0225	878434.2203268453	291141.22829064884
4064400	0.0225	629672.1475612051	5664.080384628818
4068000	0.0225	865284.3344775427	5743.099665751599
4071600	0.0225	629672.1475612051	0.0
4075200	0.0225	629672.1475612051	0.0
4078800	0.0225	629672.1475612051	0.0
4082400	0.0225	629672.1475612051	0.0
4086000	0.0225	629672.1475612051	67069.26952736868
4089600	0.0225	762018.7981994185	115499.88795865663
4093200	0.01375	865284.3344775427	146634.74091351667
4096800	0.0175	1118697.7186372308	72329.41152908579
4100400	0.01125	1118697.7186372308	50201.91824628311
4104000	0.00625	865284.3344775427	20623.936823390148
4107600	0.00625	865284.3344775427	20271.124134442536
4111200	0.00625	1118697.7186372308	0.0
4114800	0.00625	1118697.7186372308	0.0
4118400	0.00875	883085.5317208935	0.0
4122000	0.01	1118697.7186372308	9855.6249501059
4125600	0.015	995021.5687353287	114177.43859665128
4129200	0.01375	995021.5687353287	353069.97586688586
4132800	0.01	995021.5687353287	201651.46190258724
4136400	0.01375	995021.5687353287	295152.1017305416
4140000	0.0225	995021.5687353287	386960.8630683792
4143600	0.0225	629672.1475612051	223752.8126816258
4147200	0.0225	629672.1475612051	157457.10778492055
4150800	0.0225	629672.1475612051	3267.9257984768196
4154400	0.0225	629672.1475612051	92046.47466683548
4158000	0.0225	872451.1914231409	25843.948495882196
4161600	0.0225	629672.1475612051	0.0
4165200	0.0225	629672.1475612051	0.0
4168800	0.0225	629672.1475612051	0.0
4172400	0.0225	629672.1475612051	71102.76838628712
4176000	0.0225	629672.1475612051	59046.89547941488
4179600	0.0125	865745.5838238837	122696.16672707454
4183200	0.01	1108524.6276858193	80084.51723691645
4186800	0.00875	872451.1914231409	8844.13867775759
4190400	0.01125	1108524.6276858193	22972.398663006396
4194000	0.015	865745.5838238837	22677.58079428701
4197600	0.01375	865745.5838238837	23689.067066635318
4201200	0.015	865745.5838238837	7884.499960084719
4204800	0.015	986194.7606094175	38374.155576319026
4208400	0.0125	872451.1914231409	36233.252344395245
4212000	0.01375	872451.1914231409	250634.92008965585
4215600	0.0175	872451.1914231409	251509.90939349262
4219200	0.015	758171.3621708145	352335.13997341244
4222800	0.01625	629672.1475612051	266332.0985186934
4226400	0.0225	865745.5838238837	289307.4670034906
4230000	0.0225	629672.1475612051	188841.07748494754
4233600	0.0225	872451.1914231409	208347.45746470973
4237200	0.0225	883288.7314609191	0.0
4240800	0.0225	629672.1475612051	0.0
4244400	0.0225	629672.1475612051	0.0
4248000	0.0225	629672.1475612051	35872.50910264918
4251600	0.0225	629672.1475612051	0.0
4255200	0.0225	898542.978256884	27673.330173961473
4258800	0.0225	629672.1475612051	21754.64557891147
4262400	0.0225	629672.1475612051	6221.492233800122
4266000	0.00875	1033051.6385935151	155772.1170441921
4269600	0.01	898542.978256884	185076.49296588745
4273200	0.0075	898542.978256884	98076.82249615192
4276800	0.00375	629672.1475612051	65476.16295750429
4280400	0.00375	629672.1475612051	5927.5944339888265
4284000	0.00375	629672.1475612051	65601.16784309325
4287600	0.00625	898542.978256884	46959.5215566839
4291200	0.0075	898542.978256884	50691.03669966102
4294800	0.01	883288.7314609191	100631.50906149342
4298400	0.0125	883288.7314609191	227363.5637924308
4302000	0.0175	1152159.5621565979	219571.07195829772
4305600	0.02125	895391.5174536568	328631.1965086329
4309200	0.01875	1014499.4410167395	422591.81961771956
4312800	0.0225	883288.7314609191	367063.66339582484
4316400	0.0225	1152159.5621565979	375336.0459124979
4320000	0.0225	898542.978256884	178263.47366077063
4323600	0.0225	629672.1475612051	0.0
4327200	0.0225	629672.1475612051	0.0
4330800	0.0225	629672.1475612051	50976.72346165936
4334400	0.0225	629672.1475612051	0.0
4338000	0.0225	629672.1475612051	0.0
4341600	0.0225	629672.1475612051	11328.160769257636
4345200	0.0225	755434.1323516355	32960.81593973642
4348800	0.0225	873432.5604365189	144755.98345885915
4352400	0.01125	998725.5057806359	157164.5079439408
4356000	0.01125	874125.7765924442	210074.5154667569
4359600	0.0075	874125.7765924442	108352.1092166378
4363200	0.00625	874125.7765924442	28799.218012074612
4366800	0.01	992124.2046773275	14357.749164378998
4370400	0.0125	1117417.1500214445	12971.87351904444
4374000	0.01	874125.7765924442	20105.549232324433
4377600	0.0075	874125.7765924442	12900.266753708664
4381200	0.0075	629672.1475612051	0.0
4384800	0.01	872963.5209902055	178226.73056919407
4388400	0.0125	872963.5209902055	220031.32687394117
4392000	0.01375	872963.5209902055	397686.71730976127
4395600	0.015	873432.5604365189	218639.32756693053
4399200	0.0225	873432.5604365189	398616.62484657235
4402800	0.0225	873432.5604365189	399692.61825026426
4406400	0.0225	755434.1323516355	184358.66847300626
4410000	0.0225	629672.1475612051	0.0
4413600	0.0225	629672.1475612051	0.0
4417200	0.0225	629672.1475612051	0.0
4420800	0.0225	629672.1475612051	0.0
4424400	0.0225	629672.1475612051	0.0
4428000	0.0225	749228.7721945506	15793.524080816898
4431600	0.0225	749228.7721945506	33022.8230780717
4435200	0.0225	749228.7721945506	75679.00744274168
4438800	0.00625	749228.7721945506	238479.38450862485
4442400	0.0075	629672.1475612051	146529.99988637445
4446000	0.0075	629672.1475612051	230139.47922100642
4449600	0.00875	890928.7414320682	46443.43489914964
4453200	0.00875	886691.9836053073	15104.214359010182
4456800	0.01	886691.9836053073	58459.02095153366
4460400	0.005	886691.9836053073	65040.007545754794
4464000	0.00625	629672.1475612051	82046.74629184912
4467600	0.01125	629672.1475612051	223090.50892960088
4471200	0.0125	890928.7414320682	298370.19679137744
4474800	0.01375	890928.7414320682	182701.59037847162
4478400	0.01625	765795.5525371423	352067.2725177697
4482000	0.01875	890928.7414320682	434640.1854695935
4485600	0.0225	886691.9836053073	329530.23878748907
4489200	0.0225	874361.9610894762	279845.9702449342
4492800	0.0225	629672.1475612051	33509.12483036006
4496400	0.0225	629672.1475612051	0.0
4500000	0.0225	629672.1475612051	0.0
4503600	0.0225	629672.1475612051	37456.27314541283
4507200	0.0225	629672.1475612051	37902.1811590487
4510800	0.0225	629672.1475612051	0.0
4514400	0.0225	629672.1475612051	0.0
4518000	0.0225	887102.0100989856	62456.20886504864
4521600	0.0225	769028.9533688962	82596.99381313479
4525200	0.0125	887102.0100989856	237899.31612168043
4528800	0.005	887102.0100989856	68824.73053237758
4532400	0.005	629672.1475612051	18279.12910679124
4536000	0.00375	629672.1475612051	0.0
4539600	0.00375	629672.1475612051	0.0
4543200	0.00375	629672.1475612051	5664.080384628818
4546800	0.0075	629672.1475612051	0.0
4550400	0.01125	629672.1475612051	0.0
4554000	0.0175	887102.0100989856	168501.64951845468
4557600	0.02125	769028.9533688962	286677.9476324975
4561200	0.01625	1124763.9445359367	449517.59908481885
4564800	0.015	1006690.8878058472	387958.68791957386
4568400	0.015	1124763.9445359367	309736.4199450278
4572000	0.0225	1124763.9445359367	352391.82461415196
4575600	0.0225	629672.1475612051	220459.48479077814
4579200	0.0225	887102.0100989856	111003.5494674992
4582800	0.0225	629672.1475612051	0.0
4586400	0.0225	629672.1475612051	32174.002694794923
4590000	0.0225	629672.1475612051	0.0
4593600	0.0225	629672.1475612051	0.0
4597200	0.0225	629672.1475612051	0.0
4600800	0.0225	629672.1475612051	0.0
4604400	0.0225	629672.1475612051	13071.703193907279
4608000	0.0225	854369.8609893019	89366.82655549263
4611600	0.01	1113270.6249363835	140652.95305615306
4615200	0.00875	874248.2155275212	47093.417259163114
4618800	0.00875	874248.2155275212	20021.829549007816
4622400	0.01125	874248.2155275212	20950.46088782492
4626000	0.015	874248.2155275212	0.0
4629600	0.01	874248.2155275212	46414.22276222435
4633200	0.00625	747769.9086758911	37630.14980061533
4636800	0.01	874248.2155275212	14220.553677257423
4640400	0.015	874248.2155275212	42630.372445085006
4644000	0.01875	854369.8609893019	251878.1782861816
4647600	0.02125	986792.3180847534	414462.3565272916
4651200	0.0175	736272.0998746159	513615.5769251825
4654800	0.01625	1113270.6249363835	434848.2799452895
4658400	0.0225	854369.8609893019	461921.1217661275
4662000	0.0225	736272.0998746159	472130.2755850538
4665600	0.0225	747769.9086758911	303164.0630336671
4669200	0.0225	629672.1475612051	5743.099665751599
4672800	0.0225	765372.9546866363	37330.14782738539
4676400	0.0225	629672.1475612051	0.0
4680000	0.0225	629672.1475612051	0.0
4683600	0.0225	629672.1475612051	0.0
4687200	0.0225	629672.1475612051	0.0
4690800	0.0225	986581.3239149605	60227.6601545556
4694400	0.0225	885817.667318332	46795.06793920242
4698000	0.01375	889655.4509708558	64158.213165140834
4701600	0.01375	1107026.036546656	19303.942090788867
4705200	0.01	850880.5167895292	8677.942287467775
4708800	0.01375	1107026.036546656	3776.0535897525456
4712400	0.0125	1107026.036546656	4908.869666678309
4716000	0.00875	885817.667318332	26971.033332185172
4719600	0.01375	765372.9546866363	12388.792674839016
4723200	0.01625	986581.3239149605	7929.712538480346
4726800	0.0125	1107026.036546656	12256.79210807474
4730400	0.01625	889655.4509708558	118706.31056921181
4734000	0.02125	986581.3239149605	272645.67710982275
4737600	0.01875	1010100.1636025514	410969.25834791246
4741200	0.01625	986581.3239149605	451455.5943484207
4744800	0.0225	889655.4509708558	451287.73671209975
4748400	0.0225	753954.6438454245	277396.0450028556
4752000	0.0225	765372.9546866363	214372.42261039937
4755600	0.0225	629672.1475612051	28192.64382819194
4759200	0.0225	629672.1475612051	78444.30425729953
4762800	0.0225	629672.1475612051	0.0
4766400	0.0225	629672.1475612051	0.0
4770000	0.0225	629672.1475612051	0.0
4773600	0.0225	629672.1475612051	0.0
4777200	0.0225	629672.1475612051	0.0
4780800	0.0225	629672.1475612051	62650.29438537496
4784400	0.015	875040.5656315563	148804.89386401162
4788000	0.01625	1130502.2971729862	50296.117379235424
4791600	0.01375	1130502.2971729862	38134.46457517617
4795200	0.00875	875040.5656315563	28011.30405418868
4798800	0.01	875040.5656315563	27845.107663898867
4802400	0.00875	875040.5656315563	24083.27353807161
4806000	0.01125	760430.9124654664	9264.287453099545
4809600	0.015	1130502.2971729862	14357.749164378998
4813200	0.015	1130502.2971729862	19849.664938930513
4816800	0.01875	1130502.2971729862	113131.47319384941
4820400	0.015	1005713.3991018448	268575.2669543054
4824000	0.015	1005713.3991018448	384971.6457840125
4827600	0.01875	874954.6341975834	299692.4873341839
4831200	0.0225	891103.7459357551	250643.8055536515
4834800	0.0225	629672.1475612051	311740.3189440396
4838400	0.0225	629672.1475612051	89181.6027271734
4842000	0.0225	629672.1475612051	0.0
4845600	0.0225	629672.1475612051	0.0
4849200	0.0225	629672.1475612051	0.0
4852800	0.0225	629672.1475612051	0.0
4856400	0.0225	872675.9000243209	10377.498815235553
4860000	0.0225	896126.5246804452	23560.015101875782
4863600	0.0225	748846.0294470787	54675.12290070398
4867200	0.0225	753536.0837619593	39142.01941950421
4870800	0.00875	1139130.2771435608	76912.37012994096
4874400	0.00875	996539.8362250752	17131.97847597713
4878000	0.0075	1139130.2771435608	46127.32899094384
4881600	0.01	1139130.2771435608	66258.12916234956
4885200	0.01375	1139130.2771435608	38181.524348945095
4888800	0.015	1139130.2771435608	3942.2499800423593
4892400	0.01125	1139130.2771435608	30605.788124900027
4896000	0.01125	1139130.2771435608	38324.09169469494
4899600	0.01	1139130.2771435608	43615.89452473359
4903200	0.01	872675.9000243209	172031.1715099729
4906800	0.01625	1015300.4065663188	246946.27836679644
4910400	0.02	996539.8362250752	421963.77041846514
4914000	0.02	996539.8362250752	434636.891297563
4917600	0.0225	996539.8362250752	443375.0400165997
4921200	0.0225	1139130.2771435608	266463.4628422396
4924800	0.0225	896126.5246804452	110318.68233997951
4928400	0.0225	629672.1475612051	0.0
4932000	0.0225	1131055.037638193	17229.2989972548
4935600	0.0225	629672.1475612051	0.0
4939200	0.0225	629672.1475612051	0.0
4942800	0.0225	629672.1475612051	0.0
4946400	0.0225	903111.2636251047	63174.09632326759
4950000	0.0225	629672.1475612051	6648.658274720823
4953600	0.0225	735463.868614872	72551.72655374174
4957200	0.01125	903111.2636251047	186583.4881397442
4960800	0.00875	903111.2636251047	62254.069657970635
4964400	0.01	903111.2636251047	33554.76966350817
4968000	0.01125	903111.2636251047	14818.986084972068
4971600	0.01125	1131055.037638193	16607.761103306453
4975200	0.01	1131055.037638193	16695.906307273075
4978800	0.0075	857615.9215742936	0.0
4982400	0.0075	751824.2005206267	0.0
4986000	0.01125	995325.4597728276	5927.5944339888265
4989600	0.0125	1008902.9846787716	130555.54364673684
4993200	0.01375	995325.4597728276	275636.1504954886
4996800	0.01375	857615.9215742936	223191.04384547163
5000400	0.01375	857615.9215742936	206815.89829627844
5004000	0.0225	903111.2636251047	368088.0574054712
5007600	0.0225	903111.2636251047	146530.8089919929
5011200	0.0225	767381.6857597393	161215.24955628376
5014800	0.0225	629672.1475612051	14492.010443165678
5018400	0.0225	871585.1229939857	32862.079581579244
5022000	0.0225	629672.1475612051	0.0
5025600	0.0225	629672.1475612051	0.0
5029200	0.0225	629672.1475612051	0.0
5032800	0.0225	629672.1475612051	0.0
5036400	0.0225	629672.1475612051	2675.448081815202
5040000	0.0225	871585.1229939857	106463.04890904554
5043600	0.00875	865904.8706534912	191204.15890022594
5047200	0.005	865904.8706534912	55920.92112380737
5050800	0.0025	629672.1475612051	5664.080384628818
5054400	0.0075	865904.8706534912	0.0
5058000	0.01	973322.0042578778	23936.91279584462
5061600	0.015	1107817.8460862718	31060.33172299165
5065200	0.01375	1107817.8460862718	65242.06208885062
5068800	0.01	871585.1229939857	164520.89247288625
5072400	0.0075	871585.1229939857	147724.07748630282
5076000	0.01	871585.1229939857	147706.42083063547
5079600	0.0125	1107817.8460862718	151964.05555641546
5083200	0.01375	1107817.8460862718	235977.6883148117
5086800	0.01375	1107817.8460862718	316307.3525688232
5090400	0.0225	737089.2811655919	311507.4957748832
5094000	0.0225	851518.7408506041	295623.4777355268
5097600	0.0225	871585.1229939857	206286.7593651237
5101200	0.0225	867757.5949988479	14818.986084972068
5104800	0.0225	867757.5949988479	44290.312774961596
5108400	0.0225	629672.1475612051	0.0
5112000	0.0225	629672.1475612051	3776.0535897525456
5115600	0.0225	629672.1475612051	0.0
5119200	0.0225	629672.1475612051	40849.07248096025
5122800	0.0225	629672.1475612051	45938.856863413406
5126400	0.0225	956534.3478112381	55889.4739193157
5130000	0.01125	867757.5949988479	91454.58378458374
5133600	0.01	1074943.0146165923	103506.79112567224
5137200	0.00625	1074943.0146165923	101713.39096686413
5140800	0.005	1074943.0146165923	24666.650236053763
5144400	0.005	1074943.0146165923	29019.8987271137
5148000	0.00625	967694.126269242	17816.91543612418
5151600	0.00875	1074943.0146165923	22972.398663006396
5155200	0.0075	1074943.0146165923	37984.296627725904
5158800	0.015	1074943.0146165923	42870.10558583857
5162400	0.01875	956534.3478112381	304270.1074383721
5166000	0.0175	849285.4594638878	410870.7451155113
5169600	0.015	1074943.0146165923	274878.35603909154
5173200	0.01	975006.4833461982	462294.03844494815
5176800	0.0225	749348.928193494	267748.9157467543
5180400	0.0225	867757.5949988479	235068.84562641822
5184000	0.0225	629672.1475612051	126000.09270896183
5187600	0.0225	629672.1475612051	0.0
5191200	0.0225	629672.1475612051	0.0
5194800	0.0225	629672.1475612051	0.0
5198400	0.0225	629672.1475612051	0.0
5202000	0.0225	629672.1475612051	0.0
5205600	0.0225	629672.1475612051	64296.44008503143
5209200	0.0225	629672.1475612051	67443.45398560428
5212800	0.0225	767964.8535067735	129832.71992778056
5216400	0.01125	875617.2715456244	84208.8710335762
5220000	0.00625	629672.1475612051	44537.56003534174
5223600	0.00625	629672.1475612051	28815.638359644603
5227200	0.00875	767964.8535067735	1971.1249900211797
5230800	0.00875	767964.8535067735	1971.1249900211797
5234400	0.01	875617.2715456244	56748.95569203082
5238000	0.00875	875617.2715456244	13331.769072428835
5241600	0.01	1145489.8891874182	0.0
5245200	0.015	1145489.8891874182	2859.4350736672172
5248800	0.0175	1028672.6666680519	19920.510384627432
5252400	0.015	1145489.8891874182	276128.4618873882
5256000	0.015	899544.7652029989	253836.58851800795
5259600	0.0125	1016361.9877223652	251439.20545090447
5263200	0.0225	746489.3700805716	201533.5410812715
5266800	0.0225	629672.1475612051	127533.8177224237
5270400	0.0225	629672.1475612051	15104.214359010182
5274000	0.0225	629672.1475612051	0.0
5277600	0.0225	629672.1475612051	0.0
5281200	0.0225	629672.1475612051	70369.16214375611
5284800	0.0225	629672.1475612051	91610.67983385544
5288400	0.0225	629672.1475612051	0.0
5292000	0.0225	763850.899260184	0.0
5295600	0.0225	629672.1475612051	0.0
5299200	0.0225	629672.1475612051	13823.148422711878
5302800	0.00875	894777.7644341965	33624.43049396131
5306400	0.01	1146912.2750768398	0.0
5310000	0.01125	894777.7644341965	0.0
5313600	0.00875	1146912.2750768398	2133.0830515886137
5317200	0.00875	778337.6186158103	2859.4350736672172
5320800	0.01125	1146912.2750768398	17661.796055412477
5324400	0.01125	1146912.2750768398	14357.749164378998
5328000	0.0075	778337.6186158103	0.0
5331600	0.01125	778337.6186158103	0.0
5335200	0.015	894777.7644341965	17295.831358725918
5338800	0.01375	778337.6186158103	144614.5672764213
5342400	0.015	894777.7644341965	173028.4557166975
5346000	0.0175	1028956.5161331752	256036.0271005216
5349600	0.0225	1028956.5161331752	387543.98885916563
5353200	0.0225	894777.7644341965	367368.4299842124
5356800	0.0225	912516.370314789	155473.48757874014
5360400	0.0225	629672.1475612051	14818.986084972068
5364000	0.0225	748685.3619974928	60390.40929437321
5367600	0.0225	629672.1475612051	0.0
5371200	0.0225	629672.1475612051	0.0
5374800	0.0225	629672.1475612051	0.0
5378400	0.0225	629672.1475612051	0.0
5382000	0.0225	629672.1475612051	0.0
5385600	0.0225	742646.7291345941	46555.16515950894
5389200	0.0075	629672.1475612051	0.0
5392800	0.01125	885036.406904587	849.6120576943227
5396400	0.0125	629672.1475612051	0.0
5400000	0.01125	1004049.6213408746	10565.969082344047
5403600	0.015	1146463.164387726	27933.872212660604
5407200	0.0125	885036.406904587	40796.261608662724
5410800	0.0125	742646.7291345941	8891.39165098324
5414400	0.01875	742646.7291345941	27151.818042861407
5418000	0.0175	742646.7291345941	0.0
5421600	0.02	885036.406904587	39295.80321313749
5425200	0.02125	629672.1475612051	298750.85994717234
5428800	0.01875	748685.3619974928	481021.0896940356
5432400	0.015	748685.3619974928	517516.09110486397
5436000	0.0225	748685.3619974928	379464.0775810782
5439600	0.0225	629672.1475612051	339924.9247150567
5443200	0.0225	629672.1475612051	131861.20131744517
5446800	0.0225	629672.1475612051	0.0
5450400	0.0225	629672.1475612051	14297.175368336086
5454000	0.0225	629672.1475612051	0.0
5457600	0.0225	629672.1475612051	0.0
5461200	0.0225	629672.1475612051	0.0
5464800	0.0225	629672.1475612051	0.0
5468400	0.0225	629672.1475612051	0.0
5472000	0.0225	748138.5538950316	144619.3270679272
5475600	0.00625	748138.5538950316	172803.0528871137
5479200	0.00375	629672.1475612051	48936.11485757545
5482800	0.0025	629672.1475612051	0.0
5486400	0.00625	748138.5538950316	0.0
5490000	0.00625	1121975.436837268	0.0
5493600	0.0025	1121975.436837268	0.0
5497200	0.005	878905.0856737681	0.0
5500800	0.0075	878905.0856737681	77711.09891054334
5504400	0.00875	1121975.436837268	209595.09797028225
5508000	0.01125	1016918.1191974059	146145.63215013052
5511600	0.01375	1016918.1191974059	289613.5554935296
5515200	0.01625	1016918.1191974059	221721.1134513804
5518800	0.0175	1121975.436837268	510868.07898108993
5522400	0.0225	1121975.436837268	380015.2131507205
5526000	0.0225	991208.9050585318	432861.1127471039
5529600	0.0225	629672.1475612051	140741.42164182587
5533200	0.0225	629672.1475612051	0.0
5536800	0.0225	629672.1475612051	1971.1249900211797
5540400	0.0225	629672.1475612051	0.0
5544000	0.0225	629672.1475612051	0.0
5547600	0.0225	629672.1475612051	0.0
5551200	0.0225	629672.1475612051	0.0
5554800	0.0225	629672.1475612051	0.0
5558400	0.0225	878836.7246929388	164113.32828603702
5562000	0.00875	765428.1214463706	320471.1618901152
5565600	0.00625	629672.1475612051	45269.21462767434
5569200	0.0075	629672.1475612051	21558.836891719024
5572800	0.005	629672.1475612051	14078.036780723463
5576400	0.0075	629672.1475612051	0.0
5580000	0.00625	629672.1475612051	24679.610777079728
5583600	0.00625	629672.1475612051	0.0
5587200	0.0075	629672.1475612051	52864.75025653563
5590800	0.01	629672.1475612051	58528.83064116445
5594400	0.01125	878836.7246929388	7635.205374649998
5598000	0.01625	753406.2816345703	199851.49958377564
5601600	0.02	1007372.6615771013	273110.4524344811
5605200	0.01875	1007372.6615771013	398675.61108225246
5608800	0.0225	1007372.6615771013	410233.0763051962
5612400	0.0225	1002570.8587663041	276280.26583957043
5616000	0.0225	881942.2185187328	119504.98138343626
5619600	0.0225	629672.1475612051	0.0
5623200	0.0225	629672.1475612051	34824.61729968436
5626800	0.0225	629672.1475612051	0.0
5630400	0.0225	629672.1475612051	0.0
5634000	0.0225	629672.1475612051	0.0
5637600	0.0225	761403.7903677344	23349.372334279993
5641200	0.0225	629672.1475612051	0.0
5644800	0.0225	1143087.0707895479	103212.02904289206
5648400	0.01	629672.1475612051	65709.78144940903
5652000	0.005	1020842.0718949931	44502.7004120574
5655600	0.00625	1143087.0707895479	39831.51296746452
5659200	0.00875	1020842.0718949931	26349.113928120452
5662800	0.01	1143087.0707895479	23349.372334279993
5666400	0.0075	1143087.0707895479	27790.859604016507
5670000	0.00625	1143087.0707895479	10377.498815235553
5673600	0.01	1024344.9826622438	17686.644416774616
5677200	0.01125	902099.9837676887	24375.93183951194
5680800	0.0175	1024344.9826622438	13998.43302427639
5684400	0.0175	902099.9837676887	242257.20795477353
5688000	0.01375	889110.4290884638	203077.1169437849
5691600	0.015	1024344.9826622438	274627.24149704596
5695200	0.0225	902099.9837676887	244435.91581239406
5698800	0.0225	1002390.8773895935	351652.4408883049
5702400	0.0225	629672.1475612051	171154.97584926256
5706000	0.0225	629672.1475612051	0.0
5709600	0.0225	629672.1475612051	0.0
5713200	0.0225	629672.1475612051	0.0
5716800	0.0225	629672.1475612051	0.0
5720400	0.0225	629672.1475612051	0.0
5724000	0.0225	629672.1475612051	11826.749940127078
5727600	0.0225	753968.0953550749	109825.97192394838
5731200	0.0225	766179.1616010235	253467.43406764237
5734800	0.00875	753968.0953550749	116873.38770805593
5738400	0.0075	886998.0450994575	49514.90599637866
5742000	0.00375	886998.0450994575	15366.400538971633
5745600	0.0025	886998.0450994575	37305.623666737934
5749200	0.0075	762702.0973055877	2871.5498328757994
5752800	0.01125	1011623.6181638951	22228.4791274581
5756400	0.0075	1011623.6181638951	3776.0535897525456
5760000	0.005	887327.6703700256	3776.0535897525456
5763600	0.0075	1144653.5679082777	47322.534410825945
5767200	0.01375	887327.6703700256	174918.97690456948
5770800	0.01375	766179.1616010235	355955.8364960128
5774400	0.01875	1023505.0591392759	291618.9070493276
5778000	0.01875	886998.0450994575	270191.8050402187
5781600	0.0225	1144653.5679082777	343503.8855449007
5785200	0.0225	766179.1616010235	146598.0984299482
5788800	0.0225	766179.1616010235	224695.96307213948
5792400	0.0225	629672.1475612051	0.0
5796000	0.0225	882614.0754536083	8614.6494986274
5799600	0.0225	629672.1475612051	0.0
5803200	0.0225	629672.1475612051	0.0
5806800	0.0225	629672.1475612051	0.0
5810400	0.0225	629672.1475612051	0.0
5814000	0.0225	629672.1475612051	0.0
5817600	0.0225	1011951.453528747	126254.0490275902
5821200	0.00875	759009.525636344	72307.02334558478
5824800	0.005	629672.1475612051	0.0
5828400	0.0075	882614.0754536083	5743.099665751599
5832000	0.005	761392.0315933265	25951.545513417215
5835600	0.00625	882614.0754536083	14634.491316734839
5839200	0.0075	882614.0754536083	31667.68856292904
5842800	0.0075	882614.0754536083	23249.14081536224
5846400	0.00625	882614.0754536083	17661.796055412477
5850000	0.005	882614.0754536083	41071.9667712955
5853600	0.0075	1008275.2224893121	28161.11856074533
5857200	0.0175	1139995.1065214335	177486.37662261107
5860800	0.01625	1011951.453528747	253654.4107127774
5864400	0.01625	890729.4096684654	292207.82715550414
5868000	0.0225	890729.4096684654	325246.03606514586
5871600	0.0225	890729.4096684654	449975.42692147556
5875200	0.0225	1011951.453528747	345945.1108660948
5878800	0.0225	629672.1475612051	3942.2499800423593
5882400	0.0225	629672.1475612051	15768.999920169437
5886000	0.0225	873539.9113247774	9906.846923421508
5889600	0.0225	629672.1475612051	0.0
5893200	0.0225	629672.1475612051	0.0
5896800	0.0225	629672.1475612051	0.0
5900400	0.0225	629672.1475612051	0.0
5904000	0.0225	629672.1475612051	64753.24629983613
5907600	0.0125	878913.011026087	18123.032976005547
5911200	0.0125	1019572.3531928968	14818.986084972068
5914800	0.01	891305.5941229467	4901.88869771523
5918400	0.01	891305.5941229467	7513.187258754999
5922000	0.01125	891305.5941229467	11977.311103927013
5925600	0.01625	891305.5941229467	6127.360872144037
5929200	0.015	891305.5941229467	14607.665237985428
5932800	0.01375	891305.5941229467	21705.659584493187
5936400	0.015	891305.5941229467	5664.080384628818
5940000	0.01625	750646.2519561367	5913.374970063539
5943600	0.01625	1019572.3531928968	199299.45203933533
5947200	0.01375	750646.2519561367	393608.6389007011
5950800	0.01375	757938.9066311554	244349.43933332004
5954400	0.0225	757938.9066311554	302069.6854820802
5958000	0.0225	629672.1475612051	286143.3551515129
5961600	0.0225	629672.1475612051	91404.51696059399
5965200	0.0225	629672.1475612051	0.0
5968800	0.0225	629672.1475612051	0.0
5972400	0.0225	629672.1475612051	0.0
5976000	0.0225	629672.1475612051	0.0
5979600	0.0225	629672.1475612051	0.0
5983200	0.0225	629672.1475612051	17775.69209657178
5986800	0.0225	629672.1475612051	92711.75749238822
5990400	0.0225	629672.1475612051	51579.628588196996
5994000	0.0075	1173684.9094345178	62150.12785273485
5997600	0.01	1173684.9094345178	20155.266432393135
6001200	0.01125	629672.1475612051	3942.2499800423593
6004800	0.0075	1022366.7551075681	31289.804750043175
6008400	0.00875	1173684.9094345178	15183.233640132963
6012000	0.01	1173684.9094345178	5743.099665751599
6015600	0.01	889406.6377451781	6918.332543490368
6019200	0.01125	889406.6377451781	13836.665086980736
6022800	0.01625	1022366.7551075681	6918.332543490368
6026400	0.0175	1054665.1080251923	23692.290037086634
6030000	0.01625	1173684.9094345178	252056.9036885749
6033600	0.01875	1022366.7551075681	412746.1164097303
6037200	0.01875	1022366.7551075681	516890.49555343395
6040800	0.0225	1022366.7551075681	448412.1164493826
6044400	0.0225	889406.6377451781	365696.8100320955
6048000	0.0225	762632.2649235951	284668.17536289943
6051600	0.0225	629672.1475612051	10130.56997527814
6055200	0.0225	629672.1475612051	44116.998279437066
6058800	0.0225	629672.1475612051	0.0
6062400	0.0225	629672.1475612051	0.0
6066000	0.0225	629672.1475612051	5927.5944339888265
6069600	0.0225	895380.6617063016	14634.491316734839
6073200	0.0225	629672.1475612051	26674.17495294972
6076800	0.0225	756783.446032566	119685.72451347322
6080400	0.01125	760084.1244038753	20058.036873470068
6084000	0.0125	895380.6617063016	19731.061231663676
6087600	0.01	1133003.332951558	14942.99850906562
6091200	0.0075	867294.8188064615	7513.187258754999
6094800	0.0075	629672.1475612051	9855.6249501059
6098400	0.01	867294.8188064615	0.0
6102000	0.005	867294.8188064615	5913.374970063539
6105600	0.00375	629672.1475612051	0.0
6109200	0.01	895380.6617063016	26663.53814485767
6112800	0.015	994406.1172778222	0.0
6116400	0.01875	756783.446032566	166871.29713564613
6120000	0.01875	895380.6617063016	328169.3996703608
6123600	0.0175	895380.6617063016	397193.98770302697
6127200	0.0225	756783.446032566	391727.24091840157
6130800	0.0225	629672.1475612051	332380.01711761527
6134400	0.0225	629672.1475612051	275485.6918534048
6138000	0.0225	629672.1475612051	0.0
6141600	0.0225	629672.1475612051	0.0
6145200	0.0225	629672.1475612051	0.0
6148800	0.0225	629672.1475612051	0.0
6152400	0.0225	629672.1475612051	0.0
6156000	0.0225	629672.1475612051	0.0
6159600	0.0225	629672.1475612051	0.0
6163200	0.0225	908293.6572192495	24017.449935490054
6166800	0.005	989702.4762291426	0.0
6170400	0.00625	629672.1475612051	22268.63206005925
6174000	0.0075	629672.1475612051	8891.39165098324
6177600	0.00625	629672.1475612051	8169.814496192049
6181200	0.01	736414.6881323827	18985.07816397082
6184800	0.00375	747333.4833500173	0.0
6188400	0.005	629672.1475612051	0.0
6192000	0.00875	629672.1475612051	0.0
6195600	0.0125	908293.6572192495	26170.72910750046
6199200	0.01375	908293.6572192495	27192.520964895713
6202800	0.01875	765298.5998691528	182693.67984089567
6206400	0.01625	765298.5998691528	375192.26264650025
6210000	0.0175	854076.023921195	420035.00340688153
6213600	0.0225	765298.5998691528	435650.1716912597
6217200	0.0225	765298.5998691528	385201.7220274013
6220800	0.0225	765298.5998691528	273580.3206713775
6224400	0.0225	876181.9799469905	2133.0830515886137
6228000	0.0225	629672.1475612051	0.0
6231600	0.0225	629672.1475612051	0.0
6235200	0.0225	629672.1475612051	0.0
6238800	0.0225	629672.1475612051	0.0
6242400	0.0225	629672.1475612051	0.0
6246000	0.0225	629672.1475612051	34173.28498726054
6249600	0.0225	872111.9297545718	89541.35129808426
6253200	0.01125	1006565.9620266682	56587.412565251965
6256800	0.0075	876181.9799469905	15533.449867578236
6260400	0.0075	876181.9799469905	0.0
6264000	0.00375	876181.9799469905	10665.415257943068
6267600	0.00625	1005512.7344708988	0.0
6271200	0.00625	1139966.7667429952	14668.190474181472
6274800	0.00625	1006565.9620266682	0.0
6278400	0.00625	1005512.7344708988	0.0
6282000	0.00875	1139966.7667429952	0.0
6285600	0.0125	1139966.7667429952	22371.07271561349
6289200	0.01625	1005512.7344708988	202061.70509608477
6292800	0.01875	876181.9799469905	188609.77846011694
6296400	0.015	1139966.7667429952	475036.4725786793
6300000	0.0225	1006565.9620266682	359980.0315802691
6303600	0.0225	872111.9297545718	271765.45726015297
6307200	0.0225	629672.1475612051	294479.5351697857
6310800	0.0225	898627.0190263668	3459.166271745184
6314400	0.0225	629672.1475612051	4153.6589487278
6318000	0.0225	629672.1475612051	0.0
6321600	0.0225	629672.1475612051	0.0
6325200	0.0225	629672.1475612051	0.0
6328800	0.0225	898627.0190263668	3459.166271745184
6332400	0.0225	629672.1475612051	51878.32205081951
6336000	0.0225	878518.2314149239	162679.57230392052
6339600	0.00625	1022284.1150761023	147770.50084457337
6343200	0.00875	1158066.8997906463	36803.42130573051
6346800	0.00625	1158066.8997906463	33494.11857868398
6350400	0.005	1158066.8997906463	10768.311873284249
6354000	0.00625	629672.1475612051	0.0
6357600	0.005	889112.0283254848	0.0
6361200	0.00625	629672.1475612051	8169.814496192049
6364800	0.01	898627.0190263668	8891.39165098324
6368400	0.01125	898627.0190263668	23995.606009993422
6372000	0.0175	754861.1353651884	204972.41036585558
6375600	0.0175	754861.1353651884	254018.34727961046
6379200	0.01875	1014301.0161294681	383523.41747033596
6382800	0.01875	898627.0190263668	442024.48229907756
6386400	0.0225	1022284.1150761023	440917.77301214397
6390000	0.0225	878518.2314149239	469210.1055374284
6393600	0.0225	754861.1353651884	108261.31511846479
6397200	0.0225	629672.1475612051	11820.221241205598
6400800	0.0225	888786.489639845	117651.71082911751
6404400	0.0225	629672.1475612051	0.0
6408000	0.0225	629672.1475612051	0.0
6411600	0.0225	629672.1475612051	0.0
6415200	0.0225	629672.1475612051	28618.864275480566
6418800	0.0225	754394.3305863845	54336.86831881914
6422400	0.0225	855592.1113247816	38655.80802675064
6426000	0.00875	980314.2943499607	134083.67954766544
6429600	0.01	1114706.4534034212	136296.66463489828
6433200	0.0075	888786.489639845	123596.58180536627
6436800	0.00625	888786.489639845	32478.57300374806
6440400	0.00375	629672.1475612051	21929.262923600778
6444000	0.00375	629672.1475612051	14818.986084972068
6447600	0.005	888786.489639845	3942.2499800423593
6451200	0.0025	629672.1475612051	0.0
6454800	0.0025	629672.1475612051	39343.92683494475
6458400	0.00875	629672.1475612051	98741.52639697496
6462000	0.01	855592.1113247816	201790.2305759568
6465600	0.01375	888786.489639845	197421.43552648564
6469200	0.01125	1114706.4534034212	342436.87759689876
6472800	0.0225	1114706.4534034212	314748.87960425665
6476400	0.0225	855592.1113247816	216323.69005608108
6480000	0.0225	855592.1113247816	121060.38943877727
6483600	0.0225	629672.1475612051	0.0
6487200	0.0225	629672.1475612051	0.0
6490800	0.0225	629672.1475612051	0.0
6494400	0.0225	629672.1475612051	0.0
6498000	0.0225	629672.1475612051	0.0
6501600	0.0225	629672.1475612051	0.0
6505200	0.0225	629672.1475612051	0.0
6508800	0.0225	846148.705877196	58886.89112847216
6512400	0.01375	1116984.5483393345	330927.9248482768
6516000	0.015	982184.3588375323	121960.43926700455
6519600	0.00875	846148.705877196	48533.19671743199
6523200	0.0075	846148.705877196	0.0
6526800	0.005	846148.705877196	0.0
6530400	0.0075	846148.705877196	29292.43715314129
6534000	0.01375	1116984.5483393345	24477.30611198289
6537600	0.015	900507.9900233436	63479.66450963717
6541200	0.0175	900507.9900233436	204938.78206999702
6544800	0.02125	1116984.5483393345	302381.6759711745
6548400	0.02	881315.3746426075	453898.4250572112
6552000	0.01375	765707.8005215414	444948.66728464956
6555600	0.01375	900507.9900233436	502893.95960091485
6559200	0.0225	765707.8005215414	250083.97509959256
6562800	0.0225	765707.8005215414	285550.024658939
6566400	0.0225	629672.1475612051	192038.20404306296
6570000	0.0225	629672.1475612051	7884.499960084719
6573600	0.0225	629672.1475612051	15276.218672664143
6577200	0.0225	629672.1475612051	0.0
6580800	0.0225	629672.1475612051	0.0
6584400	0.0225	629672.1475612051	0.0
6588000	0.0225	629672.1475612051	0.0
6591600	0.0225	629672.1475612051	0.0
6595200	0.0225	759261.6789678948	122116.04946764433
6598800	0.0125	1151172.2491605247	229394.5763628913
6602400	0.01	900628.5160404623	121668.97048351154
6606000	0.01	900628.5160404623	98376.81048893607
6609600	0.00875	900628.5160404623	32207.211898817146
6613200	0.00625	900628.5160404623	2689.4408992110966
6616800	0.00625	900628.5160404623	0.0
6620400	0.005	900628.5160404623	10377.498815235553
6624000	0.005	900628.5160404623	29637.972169944136
6627600	0.0075	900628.5160404623	68570.78577945581
6631200	0.01	900628.5160404623	158610.96767815866
6634800	0.01375	1030218.047447152	212644.25937221892
6638400	0.01125	880215.8806812675	215450.24648758752
6642000	0.0125	759261.6789678948	145075.29277365142
6645600	0.0225	1151172.2491605247	250776.4345212457
6649200	0.0225	900736.140956077	241287.81787167065
6652800	0.0225	1021690.3426694497	151650.24694749442
6656400	0.0225	896288.0097557215	0.0
6660000	0.0225	629672.1475612051	0.0
6663600	0.0225	629672.1475612051	0.0
6667200	0.0225	629672.1475612051	0.0
6670800	0.0225	629672.1475612051	0.0
6674400	0.0225	896288.0097557215	32997.19300905416
6678000	0.0225	629672.1475612051	49718.74352039917
6681600	0.0225	885237.028858013	125727.11980579843
6685200	0.0125	1151852.8910525292	32142.708389154745
6688800	0.0125	1151852.8910525292	9051.415595078983
6692400	0.00875	885237.028858013	14357.749164378998
6696000	0.0075	629672.1475612051	3776.0535897525456
6699600	0.00625	771831.1537658707	0.0
6703200	0.01125	885237.028858013	3449.4687325370646
6706800	0.0125	1151852.8910525292	25207.659190559294
6710400	0.01	885237.028858013	24042.655667019077
6714000	0.01375	885237.028858013	83283.10692679796
6717600	0.015	1151852.8910525292	21252.12336215729
6721200	0.015	919645.6841259471	166668.64673496503
6724800	0.0175	1038447.015960387	314116.200448771
6728400	0.02	771831.1537658707	326781.9945092277
6732000	0.0225	771831.1537658707	360616.1435647113
6735600	0.0225	1151852.8910525292	321463.4742577772
6739200	0.0225	896288.0097557215	102973.03857529613
6742800	0.0225	629672.1475612051	0.0
6746400	0.0225	773151.6165923097	21682.374890232975
6750000	0.0225	629672.1475612051	0.0
6753600	0.0225	629672.1475612051	0.0
6757200	0.0225	629672.1475612051	0.0
6760800	0.0225	629672.1475612051	0.0
6764400	0.0225	629672.1475612051	0.0
6768000	0.0225	629672.1475612051	5927.5944339888265
6771600	0.01125	1017769.62634263	10367.801276027432
6775200	0.01	1138378.5022297788	0.0
6778800	0.00625	873676.4035875772	14357.749164378998
6782400	0.0025	873676.4035875772	0.0
6786000	0.00375	1138378.5022297788	0.0
6789600	0.01	873676.4035875772	8891.39165098324
6793200	0.0075	994899.0331986744	44969.161532687394
6796800	0.00625	873676.4035875772	136686.5311545886
6800400	0.01	753067.5277004284	71224.86480074264
6804000	0.01625	1138378.5022297788	122280.26728319879
6807600	0.02	894374.246203407	426571.3212521246
6811200	0.01875	874290.1573115257	478519.22970776795
6814800	0.0175	1017769.62634263	421193.6169548949
6818400	0.0225	1017769.62634263	417343.8858685573
6822000	0.0225	629672.1475612051	267737.9279205004
6825600	0.0225	629672.1475612051	85873.63067992659
6829200	0.0225	629672.1475612051	0.0
6832800	0.0225	629672.1475612051	55130.38241038717
6836400	0.0225	894056.5568756645	21611.258244749377
6840000	0.0225	629672.1475612051	0.0
6843600	0.0225	629672.1475612051	0.0
6847200	0.0225	629672.1475612051	0.0
6850800	0.0225	629672.1475612051	0.0
6854400	0.0225	629672.1475612051	88256.3788562711
6858000	0.0125	764357.0174734138	102012.16678840938
6861600	0.00875	1151331.8160829598	89839.82251762695
6865200	0.00875	1151331.8160829598	16718.95623349714
6868800	0.0075	1151331.8160829598	0.0
6872400	0.01	1021632.2766807091	0.0
6876000	0.01	1151331.8160829598	12080.763279904728
6879600	0.005	1029178.8279690952	7401.416251787543
6883200	0.00875	894056.5568756645	3942.2499800423593
6886800	0.01	894056.5568756645	36270.58096864272
6890400	0.0125	894056.5568756645	7246.296871075836
6894000	0.01125	886947.4067685006	154710.54225719738
6897600	0.01125	886947.4067685006	216798.21410196365
6901200	0.0125	886947.4067685006	234284.20150130856
6904800	0.0225	1029178.8279690952	359251.74595297326
6908400	0.0225	894056.5568756645	290790.96159799676
6912000	0.0225	1151331.8160829598	274729.60774189554
6915600	0.0225	629672.1475612051	0.0
6919200	0.0225	629672.1475612051	0.0
6922800	0.0225	629672.1475612051	0.0
6926400	0.0225	629672.1475612051	0.0
6930000	0.0225	629672.1475612051	8918.16027271734
6933600	0.0225	629672.1475612051	0.0
6937200	0.0225	629672.1475612051	3942.2499800423593
6940800	0.0225	757981.3714175429	22845.1242180029
6944400	0.01	867626.9687742821	43359.51586946791
6948000	0.0075	867626.9687742821	3459.166271745184
6951600	0.005	867626.9687742821	0.0
6955200	0.00625	867626.9687742821	0.0
6958800	0.00375	1126591.8171353182	0.0
6962400	0.00375	867626.9687742821	0.0
6966000	0.00625	867626.9687742821	0.0
6969600	0.00875	867626.9687742821	21273.87257123288
6973200	0.01375	1126591.8171353182	128608.07060133696
6976800	0.01625	1126591.8171353182	233998.1357268053
6980400	0.01625	1126591.8171353182	304665.45118409273
6984000	0.0125	1126591.8171353182	235039.03135310728
6987600	0.0175	1002656.0499975823	317478.3662205495
6991200	0.0225	1012572.763059977	430500.25087626546
6994800	0.0225	1012572.763059977	275886.55863585364
6998400	0.0225	867626.9687742821	193805.83149357312
7002000	0.0225	629672.1475612051	0.0
7005600	0.0225	629672.1475612051	0.0
7009200	0.0225	629672.1475612051	0.0
7012800	0.0225	629672.1475612051	0.0
7016400	0.0225	629672.1475612051	0.0
7020000	0.0225	743199.0467421291	7391.7187125794235
7023600	0.0225	629672.1475612051	61904.32932146156
7027200	0.0225	629672.1475612051	100339.89804255613
7030800	0.0075	875702.034918536	78880.02873011303
7034400	0.00375	743199.0467421291	26120.690648238036
7038000	0.0025	629672.1475612051	0.0
7041600	0.00375	629672.1475612051	0.0
7045200	0.00375	629672.1475612051	0.0
7048800	0.005	900447.5263739722	0.0
7052400	0.0075	875702.034918536	3776.0535897525456
7056000	0.00625	875702.034918536	6918.332543490368
7059600	0.01	1032950.514550379	6053.540975554072
7063200	0.01375	1146477.413731303	47882.69864004967
7066800	0.01625	862882.2725074438	222408.05892854993
7070400	0.0175	743199.0467421291	356329.7291867481
7074000	0.02	1020130.7521392868	312796.10910043755
7077600	0.0225	862882.2725074438	344342.03066811524
7081200	0.0225	629672.1475612051	334307.94178176584
7084800	0.0225	862882.2725074438	179296.52843070278
7088400	0.0225	629672.1475612051	0.0
7092000	0.0225	629672.1475612051	4901.88869771523
7095600	0.0225	629672.1475612051	0.0
7099200	0.0225	629672.1475612051	0.0
7102800	0.0225	629672.1475612051	0.0
7106400	0.0225	629672.1475612051	0.0
7110000	0.0225	984700.8234919182	52198.27092393416
7113600	0.0225	762597.5912733723	26028.443264119425
7117200	0.00625	886465.3267544217	0.0
7120800	0.01125	886465.3267544217	26240.324461483215
7124400	0.015	886465.3267544217	20021.829549007816
7128000	0.015	886465.3267544217	45351.962171270236
7131600	0.0175	886465.3267544217	65536.23267384703
7135200	0.01625	886465.3267544217	49767.232753677585
7138800	0.01125	860833.0880108688	40849.07248096025
7142400	0.01375	629672.1475612051	91415.66359453372
7146000	0.01375	886465.3267544217	23424.65054144477
7149600	0.0125	762597.5912733723	0.0
7153200	0.0125	886465.3267544217	91915.32024301402
7156800	0.0125	886465.3267544217	167609.85298986593
7160400	0.01375	886465.3267544217	210304.0992607681
7164000	0.0225	1117626.2672040854	333867.1953652669
7167600	0.0225	860833.0880108688	130773.13521005228
7171200	0.0225	629672.1475612051	127350.52100082702
7174800	0.0225	629672.1475612051	0.0
7178400	0.0225	629672.1475612051	0.0
7182000	0.0225	629672.1475612051	11826.749940127078
7185600	0.0225	629672.1475612051	0.0
7189200	0.0225	629672.1475612051	0.0
7192800	0.0225	898779.7592261073	2871.5498328757994
7196400	0.0225	629672.1475612051	0.0
7200000	0.0225	748081.8687306528	0.0
7203600	0.01	1139658.206439127	6918.332543490368
7207200	0.0125	870550.5947742248	10377.498815235553
7210800	0.01125	1139658.206439127	22974.581117238828
7214400	0.01125	870550.5947742248	19751.97417451597
7218000	0.01	629672.1475612051	23187.394022534732
7221600	0.0075	629672.1475612051	5913.374970063539
7225200	0.01	870550.5947742248	7884.499960084719
7228800	0.0125	870550.5947742248	3103.9410669469435
7232400	0.0125	870550.5947742248	1971.1249900211797
7236000	0.0175	1139658.206439127	48292.202203327135
7239600	0.01875	887013.7936933327	175062.28347358457
7243200	0.02125	891072.7985674571	327899.81164731184
7246800	0.02	1139658.206439127	401812.93920217396
7250400	0.0225	870550.5947742248	421246.7499360188
7254000	0.0225	870550.5947742248	304474.0166740374
7257600	0.0225	629672.1475612051	159809.2537349962
7261200	0.0225	629672.1475612051	9855.6249501059
7264800	0.0225	629672.1475612051	0.0
7268400	0.0225	629672.1475612051	0.0
7272000	0.0225	629672.1475612051	0.0
7275600	0.0225	629672.1475612051	0.0
7279200	0.0225	883437.9602607524	21863.26517002768
7282800	0.0225	883437.9602607524	19890.20606253481
7286400	0.0225	883437.9602607524	31233.87229436471
7290000	0.0075	1003512.6759791998	41495.435476205195
7293600	0.005	883243.0638231826	13888.056796455749
7297200	0.0075	883243.0638231826	5664.080384628818
7300800	0.00625	1137008.8765227299	14788.481639310368
7304400	0.0075	883243.0638231826	11916.931806434568
7308000	0.00875	749746.8632796525	17061.075310960216
7311600	0.0125	883243.0638231826	0.0
7315200	0.00875	883243.0638231826	5664.080384628818
7318800	0.01125	1137008.8765227299	23232.64867582028
7322400	0.01875	1137008.8765227299	114591.9717036573
7326000	0.02125	1003512.6759791998	364045.17786975653
7329600	0.02	878286.4898035845	380621.72399477696
7333200	0.02	758211.7740851371	439568.47707708005
7336800	0.0225	749746.8632796525	398293.63504692283
7340400	0.0225	883437.9602607524	433480.7191561427
7344000	0.0225	883243.0638231826	196391.99971364497
7347600	0.0225	889807.7435510496	18470.274448733297
7351200	0.0225	629672.1475612051	50976.72346165936
7354800	0.0225	629672.1475612051	0.0
7358400	0.0225	629672.1475612051	0.0
7362000	0.0225	629672.1475612051	0.0
7365600	0.0225	629672.1475612051	0.0
7369200	0.0225	750932.4323859769	41559.440282268086
7372800	0.0225	750932.4323859769	238407.26923329147
7376400	0.01125	995977.4372660613	303336.1007566439
7380000	0.01	889807.7435510496	93329.72723915102
7383600	0.00625	629672.1475612051	35748.33367355317
7387200	0.0025	629672.1475612051	0.0
7390800	0.0075	629672.1475612051	0.0
7394400	0.00875	889807.7435510496	15670.200570999477
7398000	0.005	889807.7435510496	26893.778605418636
7401600	0.00375	889807.7435510496	13377.24040907601
7405200	0.005	889807.7435510496	0.0
7408800	0.0075	889807.7435510496	40785.67251084081
7412400	0.0125	750932.4323859769	203425.29562913845
7416000	0.01375	889807.7435510496	244935.60079462582
7419600	0.0175	995977.4372660613	317034.7436457943
7423200	0.0225	995977.4372660613	406766.95385696867
7426800	0.0225	874717.1524412895	245142.56945656374
7430400	0.0225	750932.4323859769	153549.48699571838
7434000	0.0225	629672.1475612051	0.0
7437600	0.0225	629672.1475612051	6862.644176801321
7441200	0.0225	629672.1475612051	0.0
7444800	0.0225	629672.1475612051	0.0
7448400	0.0225	864489.1403628169	15912.164850027846
7452000	0.0225	760454.1889679662	8891.39165098324
7455600	0.0225	878976.8538906225	8614.6494986274
7459200	0.0225	995271.181769578	30758.294793375775
7462800	0.00875	629672.1475612051	17809.55192370058
7466400	0.01	878976.8538906225	14357.749164378998
7470000	0.005	878976.8538906225	14357.749164378998
7473600	0.00625	878976.8538906225	0.0
7477200	0.0075	878976.8538906225	3267.9257984768196
7480800	0.00875	878976.8538906225	0.0
7484400	0.00875	878976.8538906225	0.0
7488000	0.00875	629672.1475612051	735.2833046572844
7491600	0.01125	629672.1475612051	735.2833046572844
7495200	0.01625	760454.1889679662	735.2833046572844
7498800	0.01625	995271.181769578	122837.06787101435
7502400	0.015	983011.8052854734	273819.783837988
7506000	0.0125	995271.181769578	396509.88904074364
7509600	0.0225	995271.181769578	320299.50696808513
7513200	0.0225	864489.1403628169	378892.4085658609
7516800	0.0225	760454.1889679662	191475.56965633304
7520400	0.0225	629672.1475612051	0.0
7524000	0.0225	629672.1475612051	0.0
7527600	0.0225	629672.1475612051	0.0
7531200	0.0225	629672.1475612051	0.0
7534800	0.0225	629672.1475612051	23710.377735955306
7538400	0.0225	629672.1475612051	67426.38668662291
7542000	0.0225	629672.1475612051	76479.34217679503
7545600	0.0225	629672.1475612051	65104.00252640008
7549200	0.00625	629672.1475612051	8891.39165098324
7552800	0.00625	862899.403680694	0.0
7556400	0.00375	629672.1475612051	0.0
7560000	0.00125	862899.403680694	0.0
7563600	0.00375	862899.403680694	1556.6248222853328
7567200	0.005	862899.403680694	0.0
7570800	0.0025	862899.403680694	0.0
7574400	0.0025	629672.1475612051	0.0
7578000	0.01	765708.7922591027	5913.374970063539
7581600	0.01375	777944.4201845436	0.0
7585200	0.0175	1011171.6763040326	73686.46052708595
7588800	0.01625	1011171.6763040326	293194.5452080059
7592400	0.015	1011171.6763040326	243696.34851355787
7596000	0.0225	1011171.6763040326	308098.4287874913
7599600	0.0225	898594.2249267458	315679.7136950649
7603200	0.0225	1034630.8696246434	169667.3321545255
7606800	0.0225	629672.1475612051	0.0
7610400	0.0225	629672.1475612051	0.0
7614000	0.0225	629672.1475612051	0.0
7617600	0.0225	900879.6466452675	57143.84167422841
7621200	0.0225	629672.1475612051	0.0
7624800	0.0225	629672.1475612051	0.0
7628400	0.0225	861690.6729559978	46050.13990610491
7632000	0.0225	995228.3722015126	66613.02017993166
7635600	0.0075	868492.4115007306	41416.53527972404
7639200	0.01	1132898.1720400602	51794.03409495959
7642800	0.0075	861690.6729559978	30675.116552247397
7646400	0.00375	1132898.1720400602	8918.16027271734
7650000	0.00375	861690.6729559978	7437.207484252145
7653600	0.0075	629672.1475612051	0.0
7657200	0.00625	629672.1475612051	3267.9257984768196
7660800	0.01	900879.6466452675	0.0
7664400	0.00875	900879.6466452675	3942.2499800423593
7668000	0.0125	900879.6466452675	13377.24040907601
7671600	0.01375	900879.6466452675	78850.80148190625
7675200	0.01125	629672.1475612051	152002.61125763267
7678800	0.01	861690.6729559978	145777.42355125907
7682400	0.0225	861690.6729559978	204464.60917814396
7686000	0.0225	629672.1475612051	121040.71088498639
7689600	0.0225	861690.6729559978	131483.1197807825
7693200	0.0225	629672.1475612051	9855.6249501059
7696800	0.0225	629672.1475612051	0.0
7700400	0.0225	629672.1475612051	35565.56660393296
7704000	0.0225	629672.1475612051	0.0
7707600	0.0225	629672.1475612051	0.0
7711200	0.0225	629672.1475612051	27869.250852241687
7714800	0.0225	629672.1475612051	0.0
7718400	0.0225	629672.1475612051	11855.188867977653
7722000	0.005	629672.1475612051	11855.188867977653
7725600	0.0125	629672.1475612051	11855.188867977653
7729200	0.0125	930871.1223938018	11840.969404052365
7732800	0.01	930871.1223938018	4901.88869771523
7736400	0.0075	930871.1223938018	0.0
7740000	0.01	930871.1223938018	0.0
7743600	0.0075	930871.1223938018	7178.874582189499
7747200	0.0125	862103.3712893787	0.0
7750800	0.0125	1036470.904510054	12582.412928119185
7754400	0.01625	985104.475603539	22287.461702859342
7758000	0.01375	858273.0339916176	35287.83309064766
7761600	0.0125	858273.0339916176	235177.19948808977
7765200	0.015	985104.475603539	233655.11903003743
7768800	0.0225	862103.3712893787	341622.0873728545
7772400	0.0225	909639.4628981326	324163.5630483327
7776000	0.0225	879504.6934872868	420943.4530789455
7779600	0.0225	758823.8123230066	12831.707513553907
7783200	0.0225	895560.2531982556	69183.32543490367
7786800	0.0225	629672.1475612051	0.0
7790400	0.0225	629672.1475612051	0.0
7794000	0.0225	629672.1475612051	0.0
7797600	0.0225	629672.1475612051	0.0
7801200	0.0225	629672.1475612051	17953.449017537496
7804800	0.0225	768844.0721063616	26130.267381960515
7808400	0.0075	895560.2531982556	30286.273963395943
7812000	0.0125	1029771.4778471128	47412.82877390156
7815600	0.0125	1158923.1426089143	15279.387512950783
7819200	0.01	893035.0369718638	28530.610823759176
7822800	0.01125	1158923.1426089143	43386.923820750264
7826400	0.0075	1158923.1426089143	31677.23955349737
7830000	0.00875	895560.2531982556	47823.82991682462
7833600	0.01125	895560.2531982556	61729.07854436669
7837200	0.015	895560.2531982556	134474.92269455298
7840800	0.0175	895560.2531982556	124413.12022633808
7844400	0.0125	1032206.9615170204	166179.2768939796
7848000	0.01375	885539.9934149005	187173.45086507124
7851600	0.01625	1024711.917960057	217384.7159179628
7855200	0.0225	897995.7368681631	317966.7162441171
7858800	0.0225	768844.0721063616	336978.3516955064
7862400	0.0225	1032206.9615170204	267669.73351432866
7866000	0.0225	629672.1475612051	0.0
7869600	0.0225	629672.1475612051	114346.93771578245
7873200	0.0225	629672.1475612051	0.0
7876800	0.0225	629672.1475612051	0.0
7880400	0.0225	629672.1475612051	0.0
7884000	0.0225	629672.1475612051	0.0
7887600	0.0225	739074.3824010396	31045.295085529786
7891200	0.0225	869062.7594850191	178437.18565095417
7894800	0.00875	1109133.3114456949	118833.37981682707
7898400	0.0075	877622.0447468972	23419.416119674177
7902000	0.00875	877622.0447468972	8891.39165098324
7905600	0.00625	629672.1475612051	38051.851444153974
7909200	0.0075	629672.1475612051	0.0
7912800	0.00875	861183.4142600028	0.0
7916400	0.00625	629672.1475612051	8891.39165098324
7920000	0.00875	629672.1475612051	0.0
7923600	0.01	629672.1475612051	7110.276838628712
7927200	0.015	861183.4142600028	121361.13183644421
7930800	0.01625	739074.3824010396	216449.7846443187
7934400	0.0175	987024.2795867317	268913.293073298
7938000	0.015	1109133.3114456949	238897.3382896977
7941600	0.0225	979144.9343617151	290316.3790060935
7945200	0.0225	629672.1475612051	271677.90058740944
7948800	0.0225	629672.1475612051	127656.65240479656
7952400	0.0225	897815.2821092333	1132.8160769257636
7956000	0.0225	629672.1475612051	0.0
7959600	0.0225	629672.1475612051	0.0
7963200	0.0225	629672.1475612051	0.0
7966800	0.0225	629672.1475612051	0.0
7970400	0.0225	629672.1475612051	0.0
7974000	0.0225	861289.3892075941	24214.16390221629
7977600	0.0225	629672.1475612051	72692.25402296767
7981200	0.00375	897815.2821092333	66069.14794687212
7984800	0.0025	629672.1475612051	0.0
7988400	0.005	629672.1475612051	0.0
7992000	0.00625	629672.1475612051	0.0
7995600	0.01	897815.2821092333	0.0
7999200	0.01125	897815.2821092333	9855.6249501059
8002800	0.01	897815.2821092333	9855.6249501059
8006400	0.01125	1129432.5237556223	0.0
8010000	0.01	629672.1475612051	40849.07248096025
8013600	0.01125	861289.3892075941	26663.53814485767
8017200	0.01125	861289.3892075941	209723.5001013178
8020800	0.01625	861289.3892075941	265380.74062937894
8024400	0.01875	1003656.4006834333	439996.8791594883
8028000	0.0225	1003656.4006834333	479727.53448316694
8031600	0.0225	629672.1475612051	383975.92007151654
8035200	0.0225	629672.1475612051	69325.19917662995
8038800	0.0225	629672.1475612051	0.0
8042400	0.0225	629672.1475612051	0.0
8046000	0.0225	629672.1475612051	0.0
8049600	0.0225	629672.1475612051	0.0
8053200	0.0225	629672.1475612051	0.0
8056800	0.0225	629672.1475612051	7884.499960084719
8060400	0.0225	880284.5281593425	47975.13619085222
8064000	0.0225	758142.0249586527	40320.840128091295
8067600	0.0125	1008754.4055567898	0.0
8071200	0.01	1129112.795557191	6918.332543490368
8074800	0.01125	1008754.4055567898	0.0
8078400	0.00875	878500.4149590535	5927.5944339888265
8082000	0.01125	1019655.3538960731	5927.5944339888265
8085600	0.0125	1000642.9181597433	24358.461954005423
8089200	0.01375	1129112.795557191	5743.099665751599
8092800	0.01625	1129112.795557191	12921.974247941098
8096400	0.01875	1129112.795557191	8614.6494986274
8100000	0.0175	1019655.3538960731	3449.4687325370646
8103600	0.02	867599.4666197705	82089.25929646281
8107200	0.0175	1008754.4055567898	248718.0832942265
8110800	0.01625	899296.963895672	435875.5750531962
8114400	0.0225	1129112.795557191	270266.57576969714
8118000	0.0225	880284.5281593425	362112.81926722423
8121600	0.0225	629672.1475612051	211947.0834439434
8125200	0.0225	629672.1475612051	0.0
8128800	0.0225	629672.1475612051	0.0
8132400	0.0225	629672.1475612051	0.0
8136000	0.0225	629672.1475612051	0.0
8139600	0.0225	629672.1475612051	0.0
8143200	0.0225	629672.1475612051	0.0
8146800	0.0225	629672.1475612051	45750.961178675476
8150400	0.0225	876059.3602168467	83734.73103018322
8154000	0.005	1147324.2846008998	2871.5498328757994
8157600	0.0075	753954.5055296167	22777.599198047
8161200	0.0075	629672.1475612051	0.0
8164800	0.0075	900937.0719452584	0.0
8168400	0.01	900937.0719452584	12971.87351904444
8172000	0.0075	763468.6177257346	12971.87351904444
8175600	0.00125	900937.0719452584	6918.332543490368
8179200	0.00375	629672.1475612051	0.0
8182800	0.00625	900937.0719452584	9512.707247299257
8186400	0.01375	1023041.9266324884	1132.8160769257636
8190000	0.01625	1147324.2846008998	0.0
8193600	0.015	767140.6017807289	306639.60736920877
8197200	0.01625	767140.6017807289	312920.55342160095
8200800	0.0225	751777.002248435	300887.50644134765
8204400	0.0225	767140.6017807289	295608.17263996205
8208000	0.0225	900937.0719452584	239929.36730832426
8211600	0.0225	629672.1475612051	19104.418614684528
8215200	0.0225	900316.4459990233	96226.96885486512
8218800	0.0225	629672.1475612051	0.0
8222400	0.0225	629672.1475612051	0.0
8226000	0.0225	629672.1475612051	0.0
8229600	0.0225	629672.1475612051	26754.48081815202
8233200	0.0225	629672.1475612051	31213.56095451069
8236800	0.0225	629672.1475612051	18685.932603129
8240400	0.00625	1169182.1984118444	17836.32054543468
8244000	0.0075	1169182.1984118444	5664.080384628818
8247600	0.0075	1169182.1984118444	5664.080384628818
8251200	0.00625	764922.0690580574	17661.796055412477
8254800	0.0075	629672.1475612051	3776.0535897525456
8258400	0.00625	629672.1475612051	5664.080384628818
8262000	0.00625	629672.1475612051	0.0
8265600	0.00625	900316.4459990233	0.0
8269200	0.0125	1169182.1984118444	0.0
8272800	0.01375	1035566.3674958756	11114.23956372905
8276400	0.015	1033932.2769149921	216968.9248389033
8280000	0.01375	762856.4514030346	219516.32383544958
8283600	0.01625	898106.3728998869	263476.44912788697
8287200	0.0225	898106.3728998869	306066.08615101717
8290800	0.0225	900316.4459990233	348596.2640566289
8294400	0.0225	764922.0690580574	94222.61042074756
8298000	0.0225	629672.1475612051	0.0
8301600	0.0225	629672.1475612051	0.0
8305200	0.0225	629672.1475612051	0.0
8308800	0.0225	629672.1475612051	0.0
8312400	0.0225	629672.1475612051	0.0
8316000	0.0225	629672.1475612051	0.0
8319600	0.0225	629672.1475612051	26308.572804516152
8323200	0.0225	629672.1475612051	64076.361669018224
8326800	0.015	745289.8372256097	21849.492668157483
8330400	0.01375	1001164.497942125	11051.243324305953
8334000	0.01125	1132726.8942852367	21276.081707869365
8337600	0.0075	916888.0783780057	23710.377735955306
8341200	0.0075	916888.0783780057	0.0
8344800	0.00875	785325.6820348939	849.6120576943227
8348400	0.01125	785325.6820348939	17137.941771854345
8352000	0.01375	916888.0783780057	190563.57063803184
8355600	0.015	845510.9634684362	287028.2842946928
8359200	0.0175	1132726.8942852367	344896.19398904464
8362800	0.01875	900943.3716992985	390686.2309735953
8366400	0.0175	845510.9634684362	469011.01925176644
8370000	0.0175	1132726.8942852367	411497.0984478834
8373600	0.0225	845510.9634684362	436577.4247796624
8377200	0.0225	1032505.7680424103	403027.48879028746
8380800	0.0225	1132726.8942852367	457272.6979601726
8384400	0.0225	629672.1475612051	0.0
8388000	0.0225	629672.1475612051	0.0
8391600	0.0225	629672.1475612051	0.0
8395200	0.0225	884113.8152688523	51541.57744900324
8398800	0.0225	629672.1475612051	0.0
8402400	0.0225	629672.1475612051	0.0
8406000	0.0225	629672.1475612051	0.0
8409600	0.0225	629672.1475612051	12971.87351904444
8413200	0.01375	758919.5287714212	19890.20606253481
8416800	0.0175	884113.8152688523	16431.039790789622
8420400	0.01125	884113.8152688523	14818.986084972068
8424000	0.0125	880182.2960029941	4901.88869771523
8427600	0.0125	750313.8013110931	24082.507278686677
8431200	0.0125	880182.2960029941	28098.77885368879
8434800	0.00875	750313.8013110931	13516.53819634263
8438400	0.01375	880182.2960029941	24844.698965600262
8442000	0.01125	629672.1475612051	19679.51819950993
8445600	0.01875	1134623.9637106413	26791.76552014835
8449200	0.0125	1009429.6772132101	59859.73863458512
8452800	0.01125	879561.182521309	243237.77537620655
8456400	0.00875	750313.8013110931	140801.10617029035
8460000	0.0225	880182.2960029941	209203.42538856645
8463600	0.0225	629672.1475612051	216788.5170056331
8467200	0.0225	629672.1475612051	198506.76958628383
8470800	0.0225	629672.1475612051	0.0
8474400	0.0225	629672.1475612051	17775.69209657178
8478000	0.0225	629672.1475612051	0.0
8481600	0.0225	629672.1475612051	0.0
8485200	0.0225	629672.1475612051	0.0
8488800	0.0225	629672.1475612051	0.0
8492400	0.0225	898242.2027957169	142124.9959784308
8496000	0.0225	1131036.72737588	142567.39806788132
8499600	0.00875	1000964.6718431455	104894.93662754353
8503200	0.00375	1131036.72737588	39817.83211174465
8506800	0.00375	898242.2027957169	0.0
8510400	0.0075	898242.2027957169	2859.4350736672172
8514000	0.01125	1131036.72737588	5743.099665751599
8517600	0.01125	1131036.72737588	12661.432209241968
8521200	0.0075	1131036.72737588	6918.332543490368
8524800	0.01	862466.672141368	0.0
8528400	0.01125	862466.672141368	11577.455354692356
8532000	0.015	862466.672141368	172594.98848868092
8535600	0.0175	1131036.72737588	265409.0985946312
8539200	0.0175	1131036.72737588	401057.11027816863
8542800	0.02	861676.6858387534	406756.9488623068
8546400	0.0225	1131036.72737588	461087.7037338522
8550000	0.0225	1131036.72737588	272012.6714201294
8553600	0.0225	898242.2027957169	58822.66437258275
8557200	0.0225	629672.1475612051	0.0
8560800	0.0225	765145.2024266126	15649.946589173109
8564400	0.0225	893246.7312459406	12921.974247941098
8568000	0.0225	629672.1475612051	0.0
8571600	0.0225	629672.1475612051	0.0
8575200	0.0225	629672.1475612051	0.0
8578800	0.0225	629672.1475612051	0.0
8582400	0.0225	765145.2024266126	43234.1205765573
8586000	0.0075	999686.6194162474	12311.683807257163
8589600	0.01	1127788.1482355753	8614.6494986274
8593200	0.00875	1127788.1482355753	0.0
8596800	0.0075	893246.7312459406	5743.099665751599
8600400	0.00875	893246.7312459406	0.0
8604000	0.0075	893246.7312459406	59133.74970063539
8607600	0.0075	992315.093370168	47606.99938390879
8611200	0.00875	1127788.1482355753	12971.87351904444
8614800	0.0125	1127788.1482355753	0.0
8618400	0.01625	765145.2024266126	29890.731206496763
8622000	0.01625	1020626.966022863	186349.16833060572
8625600	0.0125	1020626.966022863	225429.16344083459
8629200	0.0125	1020626.966022863	225370.21210517082
8632800	0.0225	1127788.1482355753	175711.1603635539
8636400	0.0225	1127788.1482355753	149800.7219003073
8640000	0.0225	629672.1475612051	33443.101022690025
8643600	0.0225	629672.1475612051	0.0
8647200	0.0225	629672.1475612051	0.0
8650800	0.0225	880616.4842971738	22311.622452756437
8654400	0.0225	880616.4842971738	11934.123637520885
8658000	0.0225	629672.1475612051	0.0
8661600	0.0225	629672.1475612051	5664.080384628818
8665200	0.0225	629672.1475612051	0.0
8668800	0.0225	894404.8658238272	25748.73088046389
8672400	0.00875	1145349.202559796	29491.922093843343
8676000	0.00625	914480.3556266357	7896.762040408449
8679600	0.00625	1025640.6050851578	13560.842425037266
8683200	0.00375	760907.8868225357	0.0
8686800	0.00875	1034188.9531012736	0.0
8690400	0.00875	1025640.6050851578	0.0
8694000	0.00875	1145349.202559796	34435.92399269505
8697600	0.00875	880616.4842971738	21525.19915613223
8701200	0.0125	880616.4842971738	0.0
8704800	0.0125	880616.4842971738	0.0
8708400	0.0175	1034188.9531012736	7469.999792348872
8712000	0.02	1145349.202559796	416408.07083445624
8715600	0.01875	1025640.6050851578	421961.80573251325
8719200	0.0225	914480.3556266357	426753.00705295225
8722800	0.0225	1025640.6050851578	295336.65429607953
8726400	0.0225	629672.1475612051	181797.84384102744
8730000	0.0225	629672.1475612051	0.0
8733600	0.0225	629672.1475612051	13206.537433141904
8737200	0.0225	629672.1475612051	0.0
8740800	0.0225	629672.1475612051	0.0
8744400	0.0225	629672.1475612051	0.0
8748000	0.0225	629672.1475612051	27552.32274968626
8751600	0.0225	629672.1475612051	5913.374970063539
8755200	0.0225	760702.7204341411	33795.45469007687
8758800	0.01125	975197.772665272	5015.791094030516
8762400	0.01	1024252.9762336183	13473.5566287199
8766000	0.00625	1115758.4719052867	19401.151062708726
8769600	0.00375	893222.4033606825	11916.931806434568
8773200	0.01	629672.1475612051	9440.133974381364
8776800	0.00625	629672.1475612051	0.0
8780400	0.00375	629672.1475612051	0.0
8784000	0.00625	893222.4033606825	0.0
8787600	0.01125	1024252.9762336183	0.0
8791200	0.0125	975197.772665272	10377.498815235553
8794800	0.01625	883692.2769936037	39318.37826122647
8798400	0.0175	883692.2769936037	251468.28406444663
8802000	0.0175	901263.4196741558	300626.4689231923
8805600	0.0225	629672.1475612051	229100.19874271908
8809200	0.0225	752661.7041206677	170004.0466721849
8812800	0.0225	629672.1475612051	103288.28769796269
8816400	0.0225	629672.1475612051	0.0
8820000	0.0225	629672.1475612051	5882.266437258275
8823600	0.0225	752218.5103897084	24695.328562731876
8827200	0.0225	752218.5103897084	57000.26418258462
8830800	0.0225	629672.1475612051	0.0
8834400	0.0225	629672.1475612051	9264.287453099545
8838000	0.0225	629672.1475612051	18627.13115570015
8841600	0.0225	629672.1475612051	0.0
8845200	0.01	878940.2320466964	0.0
8848800	0.01	629672.1475612051	14555.472035612058
8852400	0.01	878940.2320466964	36454.55860137015
8856000	0.00875	629672.1475612051	14555.472035612058
8859600	0.0125	1117655.3977730304	16070.266233172739
8863200	0.01	878940.2320466964	0.0
8866800	0.0075	878940.2320466964	0.0
8870400	0.01	878940.2320466964	0.0
8874000	0.01375	1117655.3977730304	12993.47545084956
8877600	0.0175	1117655.3977730304	12073.815770372583
8881200	0.01625	752218.5103897084	53928.183342622324
8884800	0.0175	1001486.5948751995	373142.9559104721
8888400	0.01625	886661.2888016389	432086.8689935992
8892000	0.0225	886661.2888016389	424633.4356023154
8895600	0.0225	764114.9259731355	292634.2666646671
8899200	0.0225	764114.9259731355	206451.93169001714
8902800	0.0225	629672.1475612051	0.0
8906400	0.0225	629672.1475612051	0.0
8910000	0.0225	629672.1475612051	0.0
8913600	0.0225	629672.1475612051	0.0
8917200	0.0225	629672.1475612051	0.0
8920800	0.0225	629672.1475612051	0.0
8924400	0.0225	629672.1475612051	0.0
8928000	0.0225	629672.1475612051	0.0
8931600	0.00625	893383.0982546487	12831.707513553907
8935200	0.01125	1128888.7596605243	5913.374970063539
8938800	0.01	1128888.7596605243	6221.492233800122
8942400	0.0075	1128888.7596605243	5664.080384628818
8946000	0.00625	629672.1475612051	29374.458120584124
8949600	0.00625	629672.1475612051	0.0
8953200	0.00625	893383.0982546487	0.0
8956800	0.00875	893383.0982546487	47200.669871906815
8960400	0.01125	739382.3920895546	47200.669871906815
8964000	0.01375	893383.0982546487	88974.01088264935
8967600	0.02	869569.0726543542	169355.40863238138
8971200	0.0175	1023569.7788194481	352201.2943227671
8974800	0.01625	869569.0726543542	492486.16734433646
8978400	0.0225	739382.3920895546	323680.1852493984
8982000	0.0225	759858.8281260047	311352.5497339585
8985600	0.0225	759858.8281260047	206198.36087286356
8989200	0.0225	1121659.2005689247	4901.88869771523
8992800	0.0225	883312.8663768724	30606.53940633081
8996400	0.0225	629672.1475612051	0.0
9000000	0.0225	629672.1475612051	0.0
9003600	0.0225	629672.1475612051	0.0
9007200	0.0225	629672.1475612051	0.0
9010800	0.0225	629672.1475612051	0.0
9014400	0.0225	883312.8663768724	2859.4350736672172
9018000	0.0125	754605.9583901751	26663.53814485767
9021600	0.01125	1121659.2005689247	26663.53814485767
9025200	0.01125	883312.8663768724	87887.37647498146
9028800	0.0125	1121659.2005689247	22311.20825542918
9032400	0.01375	1121659.2005689247	6918.332543490368
9036000	0.01875	1121659.2005689247	36849.79648682486
9039600	0.02	992952.2925822274	12661.432209241968
9043200	0.0175	992952.2925822274	55474.20845321308
9046800	0.015	992952.2925822274	34919.83491510266
9050400	0.015	1121659.2005689247	25282.86819804278
9054000	0.01625	754605.9583901751	32047.95920989331
9057600	0.0175	883312.8663768724	132781.09009701715
9061200	0.015	883312.8663768724	274689.14229074575
9064800	0.0225	754605.9583901751	345691.26911955257
9068400	0.0225	1121659.2005689247	307444.80857435043
9072000	0.0225	883312.8663768724	265882.88673449965
9075600	0.0225	629672.1475612051	0.0
9079200	0.0225	629672.1475612051	0.0
9082800	0.0225	629672.1475612051	0.0
9086400	0.0225	629672.1475612051	0.0
9090000	0.0225	629672.1475612051	0.0
9093600	0.0225	629672.1475612051	40900.84354293948
9097200	0.0225	753189.0504556431	24270.050979201624
9100800	0.0225	893345.995182304	36365.38716149822
9104400	0.00125	629672.1475612051	22295.40068179335
9108000	0.00125	760864.856896163	13377.24040907601
9111600	0.00375	893345.995182304	0.0
9115200	0.00625	629672.1475612051	40849.07248096025
9118800	0.0075	753189.0504556431	17775.69209657178
9122400	0.00625	769829.0922878657	51226.5712961958
9126000	0.00625	629672.1475612051	0.0
9129600	0.00625	629672.1475612051	44116.998279437066
9133200	0.01125	629672.1475612051	27631.31704667768
9136800	0.015	1149506.521819335	47395.899199893276
9140400	0.01625	884381.759790601	47395.899199893276
9144000	0.01375	1009349.5770926743	279202.674607666
9147600	0.01375	753189.0504556431	306957.9854465664
9151200	0.0225	629672.1475612051	431094.00489390653
9154800	0.0225	1024538.7045172618	484468.29815941653
9158400	0.0225	1024538.7045172618	379691.3260129728
9162000	0.0225	904873.2068325647	9855.6249501059
9165600	0.0225	629672.1475612051	0.0
9169200	0.0225	629672.1475612051	0.0
9172800	0.0225	629672.1475612051	0.0
9176400	0.0225	629672.1475612051	0.0
9180000	0.0225	904873.2068325647	22972.398663006396
9183600	0.0225	766461.0755769447	23977.441104512927
9187200	0.0225	915700.7416982194	8891.39165098324
9190800	0.00875	915700.7416982194	13331.769072428835
9194400	0.00875	884911.356206897	0.0
9198000	0.0075	884911.356206897	0.0
9201600	0.01	1021700.2842226366	7437.207484252145
9205200	0.01125	1160112.4154782565	7178.874582189499
9208800	0.01375	1160112.4154782565	3267.9257984768196
9212400	0.00875	884911.356206897	6127.360872144037
9216000	0.01125	777288.6104425995	13755.808829664546
9219600	0.0125	1052489.669713959	0.0
9223200	0.01625	1023323.4874625169	17363.560276041477
9226800	0.01625	1023323.4874625169	13645.424613712372
9230400	0.0125	1023323.4874625169	134714.40525281525
9234000	0.015	1023323.4874625169	214162.7582756072
9237600	0.0225	884911.356206897	205231.7097984894
9241200	0.0225	1160112.4154782565	237314.3495269079
9244800	0.0225	629672.1475612051	38141.268556909825
9248400	0.0225	629672.1475612051	0.0
9252000	0.0225	629672.1475612051	0.0
9255600	0.0225	629672.1475612051	0.0
9259200	0.0225	629672.1475612051	0.0
9262800	0.0225	629672.1475612051	0.0
9266400	0.0225	629672.1475612051	0.0
9270000	0.0225	629672.1475612051	0.0
9273600	0.0225	895548.2197732232	5913.374970063539
9277200	0.01	755876.2307314044	0.0
9280800	0.0075	629672.1475612051	9440.133974381364
9284400	0.00875	889419.6273449853	0.0
9288000	0.0075	1166256.432673307	0.0
9291600	0.00625	755876.2307314044	10377.498815235553
9295200	0.005	889419.6273449853	0.0
9298800	0.00375	889419.6273449853	0.0
9302400	0.005	763215.544174786	6918.332543490368
9306000	0.0075	906508.9528895267	0.0
9309600	0.0125	906508.9528895267	0.0
9313200	0.01375	889419.6273449853	50555.12453018175
9316800	0.015	769344.1366030239	219397.21192756045
9320400	0.015	769344.1366030239	224928.65070290753
9324000	0.0225	1029091.616386804	316260.09333696135
9327600	0.0225	769344.1366030239	342699.0011422942
9331200	0.0225	629672.1475612051	216814.05988759844
9334800	0.0225	629672.1475612051	0.0
9338400	0.0225	629672.1475612051	0.0
9342000	0.0225	629672.1475612051	0.0
9345600	0.0225	629672.1475612051	0.0
9349200	0.0225	629672.1475612051	0.0
9352800	0.0225	629672.1475612051	12177.77282695196
9356400	0.0225	629672.1475612051	12774.35722325753
9360000	0.0225	768154.7739319087	22962.720946626323
9363600	0.0075	1184378.8890458394	13623.969280951853
9367200	0.00625	1057420.4420803406	19686.472146001586
9370800	0.00875	1184378.8890458394	14357.749164378998
9374400	0.01125	1184378.8890458394	23990.090119610843
9378000	0.01	1184378.8890458394	15545.715925295382
9381600	0.00875	898751.9365686716	0.0
9385200	0.00875	898751.9365686716	15477.29367542872
9388800	0.0075	898751.9365686716	9747.465575553162
9392400	0.01125	756630.5945267039	4901.88869771523
9396000	0.01125	1037234.5629393752	1722.9298997254798
9399600	0.01125	1037234.5629393752	1888.0267948762728
9403200	0.015	1037234.5629393752	153856.01604951313
9406800	0.01875	1037234.5629393752	248479.0444311403
9410400	0.0225	1184378.8890458394	321838.72232616966
9414000	0.0225	1184378.8890458394	402096.43022498337
9417600	0.0225	629672.1475612051	189195.66953818407
9421200	0.0225	629672.1475612051	0.0
9424800	0.0225	629672.1475612051	73784.58746717176
9428400	0.0225	629672.1475612051	0.0
9432000	0.0225	867140.1668702255	10337.579398352878
9435600	0.0225	629672.1475612051	0.0
9439200	0.0225	629672.1475612051	0.0
9442800	0.0225	746410.0883909615	0.0
9446400	0.0225	747412.8787214393	3942.2499800423593
9450000	0.00875	629672.1475612051	12667.445240735786
9453600	0.005	876368.976745879	13793.28034869847
9457200	0.00375	629672.1475612051	8891.39165098324
9460800	0.00375	629672.1475612051	0.0
9464400	0.005	629672.1475612051	0.0
9468000	0.00625	876368.976745879	0.0
9471600	0.00625	876368.976745879	0.0
9475200	0.0075	867140.1668702255	0.0
9478800	0.015	867140.1668702255	3776.0535897525456
9482400	0.0175	984880.8980304596	8046.458021652153
9486000	0.01625	629672.1475612051	12912.501497448127
9489600	0.0125	747412.8787214393	198801.1043079503
9493200	0.01375	747412.8787214393	323391.6308235661
9496800	0.0225	747412.8787214393	290210.6641607622
9500400	0.0225	747412.8787214393	193424.8726680981
9504000	0.0225	876368.976745879	128114.278150523
9507600	0.0225	848361.1710194882	0.0
9511200	0.0225	629672.1475612051	0.0
9514800	0.0225	629672.1475612051	0.0
9518400	0.0225	629672.1475612051	0.0
9522000	0.0225	629672.1475612051	0.0
9525600	0.0225	629672.1475612051	0.0
9529200	0.0225	629672.1475612051	51016.236317161005
9532800	0.0225	629672.1475612051	30574.190406103462
9536400	0.01125	848361.1710194882	28441.107354514847
9540000	0.01125	848361.1710194882	53039.159847007824
9543600	0.00875	848361.1710194882	27482.089700693108
9547200	0.00875	848361.1710194882	41798.61552551971
9550800	0.00625	848361.1710194882	29936.298399011466
9554400	0.0075	848361.1710194882	5913.374970063539
9558000	0.00375	848361.1710194882	0.0
9561600	0.00625	629672.1475612051	5913.374970063539
9565200	0.0125	887639.3801393956	21266.883914508442
9568800	0.01125	887639.3801393956	26132.927390304416
9572400	0.01	767037.9891713937	84369.33743076502
9576000	0.01125	887639.3801393956	77113.00835176102
9579600	0.01	750273.5385292072	209703.00206982612
9583200	0.0225	750273.5385292072	236805.91032315214
9586800	0.0225	750273.5385292072	312692.07632363454
9590400	0.0225	750273.5385292072	214195.77497825446
9594000	0.0225	629672.1475612051	5913.374970063539
9597600	0.0225	629672.1475612051	0.0
9601200	0.0225	629672.1475612051	0.0
9604800	0.0225	629672.1475612051	0.0
9608400	0.0225	629672.1475612051	0.0
9612000	0.0225	629672.1475612051	0.0
9615600	0.0225	629672.1475612051	0.0
9619200	0.0225	1138841.4891948903	12853.37650438031
9622800	0.0125	1023213.833438481	14357.749164378998
9626400	0.01375	1138841.4891948903	27464.218180557324
9630000	0.01375	1138841.4891948903	22988.800581164116
9633600	0.01375	1138841.4891948903	10377.498815235553
9637200	0.01125	1138841.4891948903	21015.539669170234
9640800	0.01375	1023213.833438481	31680.9549271133
9644400	0.01375	1023213.833438481	57668.9879756664
9648000	0.00875	871783.0991499431	11052.526818671071
9651600	0.0125	629672.1475612051	11052.526818671071
9655200	0.01625	871783.0991499431	28348.35817739699
9658800	0.0125	1036082.520948116	50455.402845631426
9662400	0.01375	896730.5376061525	136606.66747352734
9666000	0.01125	1036082.520948116	284458.33926831343
9669600	0.0225	769024.1309031686	181527.39008128282
9673200	0.0225	1138841.4891948903	384817.6801696209
9676800	0.0225	871783.0991499431	53357.03097096162
9680400	0.0225	878205.7768469658	0.0
9684000	0.0225	878205.7768469658	25126.061037663247
9687600	0.0225	853708.5599678813	23349.372334279993
9691200	0.0225	629672.1475612051	0.0
9694800	0.0225	629672.1475612051	0.0
9698400	0.0225	878205.7768469658	26489.680184712495
9702000	0.0225	990850.6027362642	5927.5944339888265
9705600	0.0225	742316.9734505038	14818.986084972068
9709200	0.01	986622.83486289	29637.972169944136
9712800	0.01125	878205.7768469658	58087.00030028808
9716400	0.0075	1102242.189253642	14415.626139373495
9720000	0.00625	878205.7768469658	5743.099665751599
9723600	0.0075	629672.1475612051	0.0
9727200	0.00875	742316.9734505038	6134.614353560386
9730800	0.01125	853708.5599678813	12715.060023773116
9734400	0.01125	853708.5599678813	28153.19091180733
9738000	0.01125	853708.5599678813	6918.332543490368
9741600	0.01375	853708.5599678813	3449.4687325370646
9745200	0.01625	1102242.189253642	10222.379434523846
9748800	0.015	1102242.189253642	256626.23747813946
9752400	0.015	1102242.189253642	289942.5142021377
9756000	0.0225	990850.6027362642	267996.2394880834
9759600	0.0225	989597.3633643433	320018.90182652883
9763200	0.0225	629672.1475612051	150088.0657981903
9766800	0.0225	629672.1475612051	0.0
9770400	0.0225	629672.1475612051	45705.571397676365
9774000	0.0225	629672.1475612051	0.0
9777600	0.0225	629672.1475612051	0.0
9781200	0.0225	629672.1475612051	0.0
9784800	0.0225	629672.1475612051	0.0
9788400	0.0225	629672.1475612051	0.0
9792000	0.0225	867945.9774769845	21446.357012181306
9795600	0.00375	998569.386811621	5743.099665751599
9799200	0.005	867963.5605372421	0.0
9802800	0.005	867963.5605372421	0.0
9806400	0.0075	867963.5605372421	0.0
9810000	0.00875	867963.5605372421	0.0
9813600	0.0075	867963.5605372421	6918.332543490368
9817200	0.00625	867963.5605372421	6918.332543490368
9820800	0.00625	737340.1512026056	6918.332543490368
9824400	0.0125	867963.5605372421	6918.332543490368
9828000	0.0175	867963.5605372421	26475.139452416675
9831600	0.0175	867963.5605372421	39879.14848322679
9835200	0.01625	1137716.2234404378	152851.9046937771
9838800	0.01625	1137716.2234404378	379678.2534670114
9842400	0.0225	867945.9774769845	442170.73580412776
9846000	0.0225	1007092.8141058013	452556.83019370167
9849600	0.0225	867963.5605372421	182936.63370319025
9853200	0.0225	629672.1475612051	0.0
9856800	0.0225	629672.1475612051	78521.12543551653
9860400	0.0225	629672.1475612051	0.0
9864000	0.0225	629672.1475612051	0.0
9867600	0.0225	629672.1475612051	0.0
9871200	0.0225	629672.1475612051	0.0
9874800	0.0225	629672.1475612051	0.0
9878400	0.0225	756688.1918355206	0.0
9882000	0.0075	750941.1643298243	5664.080384628818
9885600	0.00625	756688.1918355206	28150.755157400905
9889200	0.0025	629672.1475612051	14818.986084972068
9892800	0.00125	629672.1475612051	20746.580518960895
9896400	0.00125	744927.4808373551	0.0
9900000	0.00125	854907.3505880865	0.0
9903600	0.0025	629672.1475612051	0.0
9907200	0.00625	854907.3505880865	5664.080384628818
9910800	0.0075	854907.3505880865	0.0
9914400	0.01125	744927.4808373551	0.0
9918000	0.0125	871943.5251116704	133927.1290181646
9921600	0.01375	981923.3948624018	300851.23541930056
9925200	0.0125	976176.3673567055	371053.08944254275
9928800	0.0225	981923.3948624018	401234.53677838016
9932400	0.0225	981923.3948624018	284415.2419742987
9936000	0.0225	629672.1475612051	165705.03354311798
9939600	0.0225	629672.1475612051	0.0
9943200	0.0225	629672.1475612051	0.0
9946800	0.0225	629672.1475612051	0.0
9950400	0.0225	629672.1475612051	0.0
9954000	0.0225	629672.1475612051	0.0
9957600	0.0225	629672.1475612051	10856.154070538569
9961200	0.0225	629672.1475612051	71303.18786442198
9964800	0.0225	890064.147766561	49298.311132691655
9968400	0.0075	629672.1475612051	0.0
9972000	0.0075	629672.1475612051	0.0
9975600	0.0075	629672.1475612051	0.0
9979200	0.005	629672.1475612051	8891.39165098324
9982800	0.005	629672.1475612051	0.0
9986400	0.0025	629672.1475612051	23737.14635768941
9990000	0.0025	629672.1475612051	8918.16027271734
9993600	0.00625	1152694.6538194458	0.0
9997200	0.0075	1023320.2935148869	11437.740294668869
10000800	0.01125	890064.147766561	6139.4756313526195
10004400	0.01375	781169.7727343668	16248.79024195181
10008000	0.0125	781169.7727343668	177349.54791666818
10011600	0.015	781169.7727343668	248241.56197898506
10015200	0.0225	738566.5225933995	289433.5135801944
10018800	0.0225	1152694.6538194458	263527.0708133863
10022400	0.0225	1152694.6538194458	234421.73094598268
10026000	0.0225	629672.1475612051	0.0
10029600	0.0225	629672.1475612051	0.0
10033200	0.0225	629672.1475612051	0.0
10036800	0.0225	629672.1475612051	0.0
10040400	0.0225	629672.1475612051	0.0
10044000	0.0225	629672.1475612051	28441.107354514847
10047600	0.0225	756913.6584409997	30574.190406103462
10051200	0.0225	770174.6891667668	10665.415257943068
10054800	0.005	629672.1475612051	15567.303955658299
10058400	0.0025	878693.2809437786	0.0
10062000	0.00625	756913.6584409997	3449.4687325370646
10065600	0.00375	897416.2000465612	17807.217896916063
10069200	0.00625	629672.1475612051	9440.133974381364
10072800	0.00875	629672.1475612051	10665.415257943068
10076400	0.01	629672.1475612051	10665.415257943068
10080000	0.00625	629672.1475612051	34662.59958831497
10083600	0.00875	878693.2809437786	13836.665086980736
10087200	0.0125	1146437.3334291347	0.0
10090800	0.015	1042098.3955467909	1971.1249900211797
10094400	0.01375	1005934.791823573	113489.43368475119
10098000	0.01875	901595.8539412292	353397.62932159205
10101600	0.0225	897416.2000465612	357229.16440186556
10105200	0.0225	1146437.3334291347	346078.7611349455
10108800	0.0225	1005934.791823573	361062.4239765545
10112400	0.0225	629672.1475612051	0.0
10116000	0.0225	629672.1475612051	0.0
10119600	0.0225	629672.1475612051	0.0
10123200	0.0225	629672.1475612051	0.0
10126800	0.0225	629672.1475612051	14818.986084972068
10130400	0.0225	629672.1475612051	0.0
10134000	0.0225	629672.1475612051	0.0
10137600	0.0225	629672.1475612051	0.0
10141200	0.00375	629672.1475612051	0.0
10144800	0.0125	751571.1465896317	7080.100480786023
10148400	0.01375	1188338.841807483	26375.859405273284
10152000	0.0125	1188338.841807483	28770.135972756998
10155600	0.0125	1037120.8205899843	19890.20606253481
10159200	0.0125	940806.0024819814	39186.200688441626
10162800	0.0125	940806.0024819814	17369.192574696797
10166400	0.01375	940806.0024819814	0.0
10170000	0.01	940806.0024819814	10918.007854527952
10173600	0.0125	789587.9812644827	9855.6249501059
10177200	0.01375	940806.0024819814	41305.55777870551
10180800	0.0175	940806.0024819814	208135.86849773358
10184400	0.01625	1188338.841807483	310154.10184632166
10188000	0.0225	1188338.841807483	388395.48797717685
10191600	0.0225	1188338.841807483	467578.88813923666
10195200	0.0225	1188338.841807483	262232.92141805246
10198800	0.0225	629672.1475612051	0.0
10202400	0.0225	629672.1475612051	80851.43996379011
10206000	0.0225	629672.1475612051	0.0
10209600	0.0225	629672.1475612051	0.0
10213200	0.0225	629672.1475612051	0.0
10216800	0.0225	892937.7857434729	89216.77794414782
10220400	0.0225	892937.7857434729	27865.274469099815
10224000	0.0225	892937.7857434729	13836.665086980736
10227600	0.00375	629672.1475612051	0.0
10231200	0.01	899118.2029521172	0.0
10234800	0.00875	1045323.7035176728	0.0
10238400	0.0075	892937.7857434729	0.0
10242000	0.01	1009997.9233601848	9051.415595078983
10245600	0.01	1162383.8411343847	20841.12570067212
10249200	0.01125	899118.2029521172	11437.740294668869
10252800	0.01125	629672.1475612051	8169.814496192049
10256400	0.01375	629672.1475612051	1722.9298997254798
10260000	0.01625	899118.2029521172	37703.05213106296
10263600	0.01375	899118.2029521172	89498.64382475027
10267200	0.0125	899118.2029521172	269902.5995489876
10270800	0.01375	782058.0653354051	268772.26755762415
10274400	0.0225	782058.0653354051	190889.0147583268
10278000	0.0225	629672.1475612051	277652.9013421525
10281600	0.0225	899118.2029521172	108894.66243026179
10285200	0.0225	629672.1475612051	8918.16027271734
10288800	0.0225	629672.1475612051	62427.12190902138
10292400	0.0225	629672.1475612051	0.0
10296000	0.0225	629672.1475612051	0.0
10299600	0.0225	629672.1475612051	0.0
10303200	0.0225	629672.1475612051	0.0
10306800	0.0225	629672.1475612051	0.0
10310400	0.0225	748480.8788299465	0.0
10314000	0.01125	862741.9049829468	5913.374970063539
10317600	0.01125	876275.9872393869	21954.954169927907
10321200	0.01	876275.9872393869	9440.133974381364
10324800	0.0075	876275.9872393869	26663.53814485767
10328400	0.01	876275.9872393869	49018.886977152295
10332000	0.00875	876275.9872393869	8169.814496192049
10335600	0.00625	629672.1475612051	13071.703193907279
10339200	0.005	629672.1475612051	8169.814496192049
10342800	0.0075	629672.1475612051	44116.998279437066
10346400	0.00875	629672.1475612051	15104.214359010182
10350000	0.015	876275.9872393869	9440.133974381364
10353600	0.0125	876275.9872393869	147646.02362935868
10357200	0.015	876275.9872393869	316147.9943135942
10360800	0.0225	876275.9872393869	461440.3097602234
10364400	0.0225	758083.6311274949	451714.5670302146
10368000	0.0225	872344.6572804952	306403.84815761267
10371600	0.0225	866289.8674375268	29566.874850317694
10375200	0.0225	629672.1475612051	0.0
10378800	0.0225	629672.1475612051	0.0
10382400	0.0225	629672.1475612051	0.0
10386000	0.0225	629672.1475612051	0.0
10389600	0.0225	629672.1475612051	9803.77739543046
10393200	0.0225	895363.6839194596	46943.05871364945
10396800	0.0225	1011065.8698051933	0.0
10400400	0.00875	1131981.4037957813	10377.498815235553
10404000	0.005	895363.6839194596	7437.207484252145
10407600	0.00375	895363.6839194596	17775.69209657178
10411200	0.0075	895363.6839194596	0.0
10414800	0.00625	895363.6839194596	28153.19091180733
10418400	0.00625	750587.6815517931	60437.35312834405
10422000	0.00375	895363.6839194596	60437.35312834405
10425600	0.0075	895363.6839194596	53327.07628971534
10429200	0.01125	895363.6839194596	36519.16309496357
10432800	0.015	1131981.4037957813	27361.666099716538
10436400	0.01625	1131981.4037957813	148894.65008734123
10440000	0.015	1012262.9528114947	266638.7110767253
10443600	0.0175	774448.1499288715	320542.5653405827
10447200	0.0225	891347.4188209067	250703.57498933334
10450800	0.0225	774448.1499288715	440495.92633821757
10454400	0.0225	891347.4188209067	205759.96727953816
10458000	0.0225	629672.1475612051	0.0
10461600	0.0225	629672.1475612051	0.0
10465200	0.0225	629672.1475612051	0.0
10468800	0.0225	629672.1475612051	0.0
10472400	0.0225	629672.1475612051	0.0
10476000	0.0225	629672.1475612051	0.0
10479600	0.0225	629672.1475612051	54656.05897952481
10483200	0.0225	889453.170365464	65816.8217922895
10486800	0.005	761807.4500058813	5186.645129740224
10490400	0.00375	889453.170365464	0.0
10494000	0.00625	889453.170365464	5186.645129740224
10497600	0.00625	889453.170365464	22665.86020060145
10501200	0.00875	1020601.432264139	15852.060387683292
10504800	0.0075	1155379.31688718	27184.50579690179
10508400	0.0075	1155379.31688718	14555.472035612058
10512000	0.0075	1155379.31688718	0.0
10515600	0.01375	1155379.31688718	3942.2499800423593
10519200	0.01625	1021588.4728101399	3267.9257984768196
10522800	0.0175	1020601.432264139	48567.376050755156
10526400	0.01625	886810.5881870987	197154.91163238062
10530000	0.015	1155379.31688718	337159.7066576789
10533600	0.0225	1030376.1787059626	304718.449861915
10537200	0.0225	629672.1475612051	424363.72034111666
10540800	0.0225	1021588.4728101399	392319.8601094642
10544400	0.0225	629672.1475612051	0.0
10548000	0.0225	894513.8309724391	48428.32780443258
10551600	0.0225	629672.1475612051	0.0
10555200	0.0225	629672.1475612051	5664.080384628818
10558800	0.0225	629672.1475612051	6221.492233800122
10562400	0.0225	894513.8309724391	3459.166271745184
10566000	0.0225	629672.1475612051	0.0
10569600	0.0225	758936.2341096022	3942.2499800423593
10573200	0.0125	777039.6345953876	0.0
10576800	0.0125	1171145.4045550188	52864.75025653563
10580400	0.01	1171145.4045550188	60794.462795015985
10584000	0.01	1023777.9175208362	18307.2113537159
10587600	0.01	1171145.4045550188	0.0
10591200	0.0125	1171145.4045550188	15886.459819152664
10594800	0.01125	906303.7211437847	14895.721709651121
10598400	0.01375	906303.7211437847	23703.286530560606
10602000	0.015	1171145.4045550188	34119.23847918869
10605600	0.015	1040297.2201147783	3776.0535897525456
10609200	0.01625	1040297.2201147783	189835.3349189313
10612800	0.015	907887.8190356279	316323.56107953534
10616400	0.01875	892929.733080596	468915.46098399634
10620000	0.0225	1041881.3180066217	402865.44414441334
10623600	0.0225	758936.2341096022	362287.3671157572
10627200	0.0225	906303.7211437847	113388.38322254585
10630800	0.0225	881863.845243928	0.0
10634400	0.0225	629672.1475612051	18523.732606215086
10638000	0.0225	629672.1475612051	0.0
10641600	0.0225	629672.1475612051	0.0
10645200	0.0225	629672.1475612051	0.0
10648800	0.0225	629672.1475612051	0.0
10652400	0.0225	629672.1475612051	0.0
10656000	0.0225	747118.5219689282	143066.4729961425
10659600	0.00875	629672.1475612051	61367.740083096454
10663200	0.00625	881863.845243928	8169.814496192049
10666800	0.0075	747118.5219689282	0.0
10670400	0.01125	881863.845243928	0.0
10674000	0.00625	629672.1475612051	0.0
10677600	0.00875	881863.845243928	735.2833046572844
10681200	0.01	881863.845243928	49068.76925348987
10684800	0.0125	1124679.4098353519	53600.03356119292
10688400	0.015	989934.086560352	62554.17881635172
10692000	0.01625	1124679.4098353519	18349.189948403942
10695600	0.0175	1124679.4098353519	213994.68930077972
10699200	0.01875	747118.5219689282	307571.44599298964
10702800	0.01625	872487.7121526289	338936.45541532733
10706400	0.0225	872487.7121526289	270570.75586169923
10710000	0.0225	629672.1475612051	162720.1768007439
10713600	0.0225	629672.1475612051	94175.89085266161
10717200	0.0225	629672.1475612051	0.0
10720800	0.0225	629672.1475612051	0.0
10724400	0.0225	629672.1475612051	0.0
10728000	0.0225	629672.1475612051	0.0
10731600	0.0225	629672.1475612051	0.0
10735200	0.0225	629672.1475612051	0.0
10738800	0.0225	629672.1475612051	0.0
10742400	0.0225	629672.1475612051	26663.53814485767
10746000	0.015	1000992.7022100079	47200.669871906815
10749600	0.01625	1132059.9762139858	26663.53814485767
10753200	0.01125	1132059.9762139858	4901.88869771523
10756800	0.01375	1132059.9762139858	7437.207484252145
10760400	0.01125	1132059.9762139858	29176.735249351066
10764000	0.01125	883352.8898907905	15971.492131769262
10767600	0.00875	629672.1475612051	0.0
10771200	0.00875	883352.8898907905	0.0
10774800	0.0125	754277.7462339837	0.0
10778400	0.01375	754277.7462339837	10377.498815235553
10782000	0.015	754277.7462339837	0.0
10785600	0.015	1007454.3775412075	159866.9352060606
10789200	0.01375	754277.7462339837	176221.8866475881
10792800	0.0225	883352.8898907905	252418.6651345674
10796400	0.0225	758747.2912180119	198653.90176207066
10800000	0.0225	629672.1475612051	51297.2622735128
10803600	0.0225	885450.9671822316	0.0
10807200	0.0225	885450.9671822316	52198.72290470022
10810800	0.0225	879147.8325797413	43758.453337576575
10814400	0.0225	629672.1475612051	0.0
10818000	0.0225	879147.8325797413	17295.831358725918
10821600	0.0225	629672.1475612051	0.0
10825200	0.0225	629672.1475612051	0.0
10828800	0.0225	750833.4259441069	0.0
10832400	0.01125	879147.8325797413	9855.6249501059
10836000	0.0125	879147.8325797413	23511.342235422264
10839600	0.015	879147.8325797413	0.0
10843200	0.01375	879147.8325797413	10377.498815235553
10846800	0.01	1000309.110962643	0.0
10850400	0.01125	750833.4259441069	16328.874154400179
10854000	0.01	1134926.6522007678	4842.674822896979
10857600	0.005	885450.9671822316	13457.324321524378
10861200	0.0175	1134926.6522007678	10585.774488648578
10864800	0.02	1000309.110962643	34170.871331184906
10868400	0.01875	1000309.110962643	284417.1927701329
10872000	0.01625	1000309.110962643	258988.77980307114
10875600	0.0125	750833.4259441069	393080.32898651646
10879200	0.0225	1000309.110962643	418627.8696953423
10882800	0.0225	1134926.6522007678	320656.7630796378
10886400	0.0225	885450.9671822316	299851.14588368114
10890000	0.0225	629672.1475612051	0.0
10893600	0.0225	629672.1475612051	17156.610442003304
10897200	0.0225	629672.1475612051	0.0
10900800	0.0225	629672.1475612051	0.0
10904400	0.0225	629672.1475612051	0.0
10908000	0.0225	629672.1475612051	14818.986084972068
10911600	0.0225	629672.1475612051	0.0
10915200	0.0225	858037.4822393046	5913.374970063539
10918800	0.005	858037.4822393046	24694.024640062147
10922400	0.00625	897248.8823497724	0.0
10926000	0.005	757947.0207264093	0.0
10929600	0.0075	757947.0207264093	11645.792997486114
10933200	0.0075	757947.0207264093	0.0
10936800	0.00625	897248.8823497724	0.0
10940400	0.00625	897248.8823497724	13935.716889572901
10944000	0.00875	897248.8823497724	6221.492233800122
10947600	0.01125	743435.958499043	26377.583061594618
10951200	0.0125	743435.958499043	34501.85021363308
10954800	0.015	1011012.6932876101	37530.889241539066
10958400	0.0125	1125614.2170278716	94821.1776199573
10962000	0.015	1125614.2170278716	191215.00401128136
10965600	0.0225	986312.3554045085	245970.52605929284
10969200	0.0225	768974.0091845684	294120.23728514684
10972800	0.0225	629672.1475612051	67453.155308357
10976400	0.0225	629672.1475612051	18523.732606215086
10980000	0.0225	629672.1475612051	0.0
10983600	0.0225	629672.1475612051	0.0
10987200	0.0225	629672.1475612051	0.0
10990800	0.0225	629672.1475612051	0.0
10994400	0.0225	913255.7983258828	7896.762040408449
10998000	0.0225	863586.0174700182	0.0
11001600	0.0225	863586.0174700182	0.0
11005200	0.01125	747459.1048496	3942.2499800423593
11008800	0.00625	1008567.4083347034	24694.024640062147
11012400	0.00375	774653.5384258903	17775.69209657178
11016000	0.00625	913255.7983258828	0.0
11019600	0.0075	1147169.668234696	849.6120576943227
11023200	0.0075	1029382.710946301	849.6120576943227
11026800	0.0075	1147169.668234696	12845.926977479194
11030400	0.00875	1147169.668234696	29176.735249351066
11034000	0.01125	1147169.668234696	8891.39165098324
11037600	0.01125	1008567.4083347034	23838.281802643363
11041200	0.0125	1008567.4083347034	26251.914699906858
11044800	0.0125	1029382.710946301	176479.68337993522
11048400	0.01375	1031042.7556142777	185734.4434958841
11052000	0.0225	1008567.4083347034	278300.3753843316
11055600	0.0225	629672.1475612051	395081.27749895304
11059200	0.0225	913255.7983258828	311613.66232161695
11062800	0.0225	914764.5127924455	0.0
11066400	0.0225	629672.1475612051	0.0
11070000	0.0225	629672.1475612051	0.0
11073600	0.0225	629672.1475612051	0.0
11077200	0.0225	629672.1475612051	0.0
11080800	0.0225	629672.1475612051	0.0
11084400	0.0225	629672.1475612051	43364.74978046595
11088000	0.0225	869513.8272027776	0.0
11091600	0.0075	629672.1475612051	20483.066469600886
11095200	0.00625	914764.5127924455	0.0
11098800	0.005	914764.5127924455	0.0
11102400	0.00375	629672.1475612051	5664.080384628818
11106000	0.00375	629672.1475612051	13833.894880820866
11109600	0.0025	629672.1475612051	0.0
11113200	0.00125	914764.5127924455	5913.374970063539
11116800	0.00375	629672.1475612051	0.0
11120400	0.00875	629672.1475612051	7110.276838628712
11124000	0.015	629672.1475612051	0.0
11127600	0.01625	1154606.192434018	27987.447285808965
11131200	0.01875	1154606.192434018	169813.4473290962
11134800	0.02	1154606.192434018	294791.7282245016
11138400	0.0225	1033642.1905360469	345861.0063073571
11142000	0.0225	1154606.192434018	319207.85070522793
11145600	0.0225	629672.1475612051	169443.05036596925
11149200	0.0225	883323.4207735949	9512.707247299257
11152800	0.0225	629672.1475612051	0.0
11156400	0.0225	629672.1475612051	0.0
11160000	0.0225	629672.1475612051	0.0
11163600	0.0225	629672.1475612051	0.0
11167200	0.0225	629672.1475612051	0.0
11170800	0.0225	751299.2862612419	6862.644176801321
11174400	0.0225	759996.1053926917	0.0
11178000	0.0075	902127.0104436467	6893.752709606585
11181600	0.00875	883323.4207735949	4429.84647208011
11185200	0.01	883323.4207735949	9871.769390526286
11188800	0.01	883323.4207735949	10377.498815235553
11192400	0.0075	883323.4207735949	0.0
11196000	0.005	629672.1475612051	3267.9257984768196
11199600	0.00875	629672.1475612051	17101.820679297685
11203200	0.00875	629672.1475612051	10565.969082344047
11206800	0.01	629672.1475612051	24425.316449643244
11210400	0.01125	629672.1475612051	37061.856697607494
11214000	0.015	883323.4207735949	54472.529278775095
11217600	0.01625	883323.4207735949	85068.4141182822
11221200	0.01625	751299.2862612419	283630.3748278863
11224800	0.0225	1023754.1491436833	221489.8874498577
11228400	0.0225	1023754.1491436833	203513.9066714328
11232000	0.0225	629672.1475612051	140115.6655586232
11235600	0.0225	629672.1475612051	0.0
11239200	0.0225	629672.1475612051	21682.374890232975
11242800	0.0225	629672.1475612051	0.0
11246400	0.0225	629672.1475612051	0.0
11250000	0.0225	629672.1475612051	0.0
11253600	0.0225	629672.1475612051	0.0
11257200	0.0225	859075.4545996552	36176.09930748865
11260800	0.0225	996494.8512210764	6053.540975554072
11264400	0.01125	883454.3541296448	849.6120576943227
11268000	0.01125	1129164.9662658295	0.0
11271600	0.00875	859075.4545996552	18408.26125004366
11275200	0.00375	746034.9575082234	22988.7143190949
11278800	0.00375	859075.4545996552	15104.214359010182
11282400	0.005	859075.4545996552	31395.088144309273
11286000	0.00375	859075.4545996552	18880.26794876273
11289600	0.00625	859075.4545996552	0.0
11293200	0.00875	859075.4545996552	11147.700340896676
11296800	0.015	859075.4545996552	11147.700340896676
11300400	0.02	859075.4545996552	18010.344517697995
11304000	0.01875	859075.4545996552	179440.12735284568
11307600	0.01625	996494.8512210764	279392.25420543435
11311200	0.0225	883454.3541296448	365812.9007105133
11314800	0.0225	742712.644652637	335751.4014026208
11318400	0.0225	629672.1475612051	236456.98278764338
11322000	0.0225	629672.1475612051	3942.2499800423593
11325600	0.0225	629672.1475612051	44547.42477447866
11329200	0.0225	629672.1475612051	0.0
11332800	0.0225	629672.1475612051	0.0
11336400	0.0225	629672.1475612051	0.0
11340000	0.0225	629672.1475612051	0.0
11343600	0.0225	629672.1475612051	0.0
11347200	0.0225	888639.3983684878	0.0
11350800	0.0175	888639.3983684878	12099.707490956112
11354400	0.01375	1158170.6308833098	22830.497393518213
11358000	0.01125	1158170.6308833098	34681.47770574076
11361600	0.01	897301.8950835073	23710.377735955306
11365200	0.01	897301.8950835073	4908.869666678309
11368800	0.01125	746441.7078715393	24632.037140287506
11372400	0.0125	897301.8950835073	29110.944071224116
11376000	0.015	1158170.6308833098	34179.19508577077
11379600	0.015	1158170.6308833098	17104.308208695023
11383200	0.015	1039499.5855804561	64496.50123063273
11386800	0.01625	897301.8950835073	62720.37520664153
11390400	0.01625	1158170.6308833098	83821.20675882394
11394000	0.015	890540.8833610076	330993.40473946894
11397600	0.0225	771869.8380581539	343791.3779760243
11401200	0.0225	890540.8833610076	387944.81181131315
11404800	0.0225	629672.1475612051	294498.12829469814
11408400	0.0225	629672.1475612051	0.0
11412000	0.0225	629672.1475612051	0.0
11415600	0.0225	629672.1475612051	0.0
11419200	0.0225	629672.1475612051	0.0
11422800	0.0225	629672.1475612051	0.0
11426400	0.0225	629672.1475612051	0.0
11430000	0.0225	629672.1475612051	0.0
11433600	0.0225	870544.9383942997	0.0
11437200	0.0075	870544.9383942997	13801.294628367623
11440800	0.0125	1112707.4859921348	10377.498815235553
11444400	0.015	1112707.4859921348	16290.873785299093
11448000	0.01	1112707.4859921348	33576.17269136697
11451600	0.01125	1112707.4859921348	65975.1335186235
11455200	0.005	864759.4771861373	14036.237671761068
11458800	0.0075	864759.4771861373	15348.689078381547
11462400	0.0075	745491.805920898	0.0
11466000	0.005	864759.4771861373	0.0
11469600	0.00625	864759.4771861373	0.0
11473200	0.00625	629672.1475612051	9632.340955231844
11476800	0.01125	864759.4771861373	95487.06427738702
11480400	0.0125	1112707.4859921348	271289.5753274582
11484000	0.0225	1112707.4859921348	305414.27561562776
11487600	0.0225	1112707.4859921348	180244.20803777128
11491200	0.0225	629672.1475612051	255730.11429674196
11494800	0.0225	629672.1475612051	0.0
11498400	0.0225	629672.1475612051	23855.858328880782
11502000	0.0225	884105.2199556727	14355.540027742514
11505600	0.0225	629672.1475612051	0.0
11509200	0.0225	629672.1475612051	0.0
11512800	0.0225	629672.1475612051	0.0
11516400	0.0225	629672.1475612051	0.0
11520000	0.0225	743811.474343738	0.0
11523600	0.0075	1112426.1766143283	30358.105024690965
11527200	0.00875	884105.2199556727	12296.914557741758
11530800	0.00625	629672.1475612051	29648.360074574655
11534400	0.00875	884105.2199556727	12296.914557741758
11538000	0.01	755027.7591409227	25674.15496681777
11541600	0.0075	1112426.1766143283	0.0
11545200	0.005	857993.1042198609	1182.6749940127079
11548800	0.00875	857993.1042198609	16360.337417175791
11552400	0.0075	857993.1042198609	11826.749940127078
11556000	0.01375	629672.1475612051	10815.263667778769
11559600	0.015	857993.1042198609	980.3777395430459
11563200	0.01125	857993.1042198609	134182.6211639815
11566800	0.01375	857993.1042198609	307974.5404919174
11570400	0.0225	857993.1042198609	310992.28919195215
11574000	0.0225	629672.1475612051	180968.3654555601
11577600	0.0225	629672.1475612051	31045.295085529786
11581200	0.0225	629672.1475612051	0.0
11584800	0.0225	629672.1475612051	0.0
11588400	0.0225	629672.1475612051	0.0
11592000	0.0225	629672.1475612051	0.0
11595600	0.0225	629672.1475612051	0.0
11599200	0.0225	629672.1475612051	0.0
11602800	0.0225	764617.3058047672	0.0
11606400	0.0225	902269.9512436038	30543.15397404358
11610000	0.005	629672.1475612051	11051.243324305953
11613600	0.00375	933299.4605452935	18968.58468778264
11617200	0.00625	933299.4605452935	0.0
11620800	0.00875	902269.9512436038	2859.4350736672172
11624400	0.0125	902269.9512436038	0.0
11628000	0.01	902269.9512436038	13299.285759278817
11631600	0.00875	933299.4605452935	7635.205374649998
11635200	0.01375	902269.9512436038	1971.1249900211797
11638800	0.015	1205897.2642276923	8918.16027271734
11642400	0.0175	1205897.2642276923	1132.8160769257636
11646000	0.01625	920815.2164014571	18428.64743565168
11649600	0.015	920815.2164014571	74985.04868881272
11653200	0.01625	1068244.6187888556	283644.6200852578
11656800	0.0225	1068244.6187888556	393307.6163453632
11660400	0.0225	1068244.6187888556	388272.4177924652
11664000	0.0225	933299.4605452935	210104.59499871772
11667600	0.0225	749392.1776125943	0.0
11671200	0.0225	629672.1475612051	0.0
11674800	0.0225	629672.1475612051	0.0
11678400	0.0225	629672.1475612051	0.0
11682000	0.0225	629672.1475612051	0.0
11685600	0.0225	1033544.7860549556	20754.997630471105
11689200	0.0225	875356.4392883414	27673.330173961473
11692800	0.0225	875356.4392883414	0.0
11696400	0.01	765539.8769316501	0.0
11700000	0.005	875356.4392883414	10377.498815235553
11703600	0.0025	875356.4392883414	10377.498815235553
11707200	0.0025	1143361.348411647	10377.498815235553
11710800	0.0025	995076.4693397307	10377.498815235553
11714400	0.0025	1143361.348411647	13249.048648111351
11718000	0.005	1143361.348411647	7178.874582189499
11721600	0.0075	995076.4693397307	0.0
11725200	0.015	1143361.348411647	0.0
11728800	0.015	995076.4693397307	4901.88869771523
11732400	0.01625	1023641.3183602574	4901.88869771523
11736000	0.01625	897677.0566845105	28486.019360249127
11739600	0.015	1143361.348411647	245510.74777272742
11743200	0.0225	1143361.348411647	336692.7588781393
11746800	0.0225	1033544.7860549556	380076.5130425907
11750400	0.0225	1143361.348411647	233486.66268311153
11754000	0.0225	880372.8609336987	9264.287453099545
11757600	0.0225	880372.8609336987	98498.42291623203
11761200	0.0225	629672.1475612051	0.0
11764800	0.0225	629672.1475612051	0.0
11768400	0.0225	629672.1475612051	0.0
11772000	0.0225	629672.1475612051	0.0
11775600	0.0225	629672.1475612051	0.0
11779200	0.0225	629672.1475612051	0.0
11782800	0.01	1008125.8754761594	18279.12910679124
11786400	0.01	891862.160790272	22482.900888778615
11790000	0.005	629672.1475612051	26432.375128267817
11793600	0.00625	629672.1475612051	0.0
11797200	0.0075	880372.8609336987	8169.814496192049
11800800	0.00625	880372.8609336987	21547.054905268058
11804400	0.00625	764140.4761476899	18547.313311427602
11808000	0.005	880372.8609336987	10377.498815235553
11811600	0.01	880372.8609336987	0.0
11815200	0.015	1008094.5455762809	27791.836354090497
11818800	0.01625	745904.532347214	10695.382241311965
11822400	0.01625	745904.532347214	144151.44131801056
11826000	0.01375	764140.4761476899	287765.2891819471
11829600	0.0225	745904.532347214	318197.1109955665
11833200	0.0225	880372.8609336987	224280.4499713743
11836800	0.0225	629672.1475612051	295335.83346130303
11840400	0.0225	887457.2706991327	0.0
11844000	0.0225	629672.1475612051	52406.369016939534
11847600	0.0225	629672.1475612051	0.0
11851200	0.0225	629672.1475612051	0.0
11854800	0.0225	629672.1475612051	0.0
11858400	0.0225	629672.1475612051	31119.870778441342
11862000	0.0225	629672.1475612051	11826.749940127078
11865600	0.0225	768557.4069339847	30088.74871544735
11869200	0.00875	768557.4069339847	14319.748795277912
11872800	0.00375	887457.2706991327	27673.330173961473
11876400	0.0025	629672.1475612051	1888.0267948762728
11880000	0.005	887457.2706991327	10377.498815235553
11883600	0.00875	744048.6409474928	15104.214359010182
11887200	0.00875	1128489.3043194455	25554.286447163628
11890800	0.00875	870704.1811815181	8339.52846644402
11894400	0.00875	629672.1475612051	8339.52846644402
11898000	0.00875	629672.1475612051	5882.266437258275
11901600	0.01125	744048.6409474928	0.0
11905200	0.01375	1128489.3043194455	129550.11283658502
11908800	0.01375	756327.6877952304	208170.66868810073
11912400	0.01375	756327.6877952304	188689.4453161821
11916000	0.0225	756327.6877952304	179856.5801055879
11919600	0.0225	629672.1475612051	225821.32368683617
11923200	0.0225	629672.1475612051	25843.948495882196
11926800	0.0225	629672.1475612051	0.0
11930400	0.0225	629672.1475612051	0.0
11934000	0.0225	629672.1475612051	0.0
11937600	0.0225	629672.1475612051	136803.6499772434
11941200	0.0225	629672.1475612051	0.0
11944800	0.0225	629672.1475612051	0.0
11948400	0.0225	629672.1475612051	0.0
11952000	0.0225	886642.6915091604	0.0
11955600	0.01375	886642.6915091604	3776.0535897525456
11959200	0.01125	1149376.5049139252	3776.0535897525456
11962800	0.01125	629672.1475612051	13377.24040907601
11966400	0.015	760875.7426213494	11546.346821887093
11970000	0.01	760875.7426213494	9824.516417300634
11973600	0.01125	1149376.5049139252	4901.88869771523
11977200	0.00875	1149376.5049139252	5186.645129740224
11980800	0.00625	764884.0510168292	14818.986084972068
11984400	0.00875	892405.9609659698	23990.090119610843
11988000	0.0125	629672.1475612051	0.0
11991600	0.01375	1023609.5560261142	5664.080384628818
11995200	0.015	886642.6915091604	283955.9496143546
11998800	0.015	760875.7426213494	278208.9375784771
12002400	0.0225	888397.65257049	341422.569924978
12006000	0.0225	1023609.5560261142	412296.0916535466
12009600	0.0225	892405.9609659698	195076.28373375948
12013200	0.0225	881713.813376429	0.0
12016800	0.0225	629672.1475612051	30790.116084034715
12020400	0.0225	629672.1475612051	0.0
12024000	0.0225	629672.1475612051	0.0
12027600	0.0225	629672.1475612051	0.0
12031200	0.0225	629672.1475612051	0.0
12034800	0.0225	629672.1475612051	0.0
12038400	0.0225	775841.8678688176	1292.1974247941098
12042000	0.005	881713.813376429	0.0
12045600	0.0075	908668.532100721	31187.410140169053
12049200	0.00875	915227.0947869746	35816.24638210068
12052800	0.01375	915227.0947869746	47149.315608812154
12056400	0.0125	915227.0947869746	47995.56308532846
12060000	0.01	915227.0947869746	0.0
12063600	0.00875	915227.0947869746	53114.04484197035
12067200	0.01	915227.0947869746	61558.41903628581
12070800	0.01625	1034442.0963702949	50188.22473395954
12074400	0.01625	1021099.0402945857	22677.58079428701
12078000	0.01875	1027883.5336840414	50759.637333332015
12081600	0.02	908668.532100721	84423.13553130264
12085200	0.02	908668.532100721	360963.0105094453
12088800	0.0225	762498.8117931085	374222.27370395977
12092400	0.0225	908668.532100721	285568.32567519683
12096000	0.0225	1027883.5336840414	191854.81962242984
12099600	0.0225	629672.1475612051	0.0
12103200	0.0225	629672.1475612051	0.0
12106800	0.0225	629672.1475612051	0.0
12110400	0.0225	746637.4609949484	0.0
12114000	0.0225	629672.1475612051	0.0
12117600	0.0225	629672.1475612051	0.0
12121200	0.0225	629672.1475612051	0.0
12124800	0.0225	629672.1475612051	11437.740294668869
12128400	0.01375	1009857.1111218466	0.0
12132000	0.00875	629672.1475612051	29566.874850317694
12135600	0.00625	629672.1475612051	33342.92844007024
12139200	0.00625	629672.1475612051	0.0
12142800	0.00625	629672.1475612051	18761.236065014426
12146400	0.0025	629672.1475612051	5913.374970063539
12150000	0.00375	629672.1475612051	9855.6249501059
12153600	0.01	1144487.591613522	20100.8488301306
12157200	0.0125	892891.7976881035	5743.099665751599
12160800	0.01375	881267.9414866238	5927.5944339888265
12164400	0.01375	1009857.1111218466	9586.527143889221
12168000	0.0125	892891.7976881035	0.0
12171600	0.01	892891.7976881035	138813.4458100667
12175200	0.0225	892891.7976881035	147886.4966832571
12178800	0.0225	892891.7976881035	223964.82117835787
12182400	0.0225	892891.7976881035	116718.95015665668
12186000	0.0225	629672.1475612051	22295.40068179335
12189600	0.0225	629672.1475612051	49278.124750529496
12193200	0.0225	629672.1475612051	0.0
12196800	0.0225	629672.1475612051	0.0
12200400	0.0225	629672.1475612051	0.0
12204000	0.0225	629672.1475612051	0.0
12207600	0.0225	629672.1475612051	0.0
12211200	0.0225	744252.103120022	10377.498815235553
12214800	0.005	629672.1475612051	10665.415257943068
12218400	0.005	629672.1475612051	0.0
12222000	0.00875	863768.4860370497	0.0
12225600	0.0075	863768.4860370497	1599.8122886914603
12229200	0.01125	629672.1475612051	10517.9725614088
12232800	0.01125	863768.4860370497	5542.06226873382
12236400	0.00875	863768.4860370497	14555.472035612058
12240000	0.0125	744252.103120022	0.0
12243600	0.01125	863768.4860370497	23223.425792714745
12247200	0.01375	863768.4860370497	14818.986084972068
12250800	0.01625	1141570.1084333358	5913.374970063539
12254400	0.0175	1022053.7255163079	153658.71853055584
12258000	0.01625	1141570.1084333358	297961.17340357584
12261600	0.0225	993475.5825186532	357659.7338918392
12265200	0.0225	629672.1475612051	348118.8865612567
12268800	0.0225	863768.4860370497	218298.94261482637
12272400	0.0225	629672.1475612051	0.0
12276000	0.0225	629672.1475612051	28897.02286569553
12279600	0.0225	629672.1475612051	0.0
12283200	0.0225	629672.1475612051	0.0
12286800	0.0225	629672.1475612051	0.0
12290400	0.0225	629672.1475612051	0.0
12294000	0.0225	629672.1475612051	0.0
12297600	0.0225	629672.1475612051	40849.07248096025
12301200	0.00875	1015926.5944249157	12993.47545084956
12304800	0.005	894619.8406956804	0.0
12308400	0.0075	629672.1475612051	40849.07248096025
12312000	0.01125	888455.1744365734	0.0
12315600	0.01125	1153402.8675710484	13593.792923109164
12319200	0.01125	1153402.8675710484	52043.34469480379
12322800	0.0075	1153402.8675710484	8918.16027271734
12326400	0.00625	1153402.8675710484	0.0
12330000	0.00875	1153402.8675710484	0.0
12333600	0.01625	1018473.52140578	20285.343598367825
12337200	0.015	1018473.52140578	12452.998578282662
12340800	0.01625	1018473.52140578	78129.46518992567
12344400	0.01875	1018473.52140578	362838.9449211599
12348000	0.0225	1153402.8675710484	341606.1288612579
12351600	0.0225	767148.420707338	419628.45698278927
12355200	0.0225	880997.2482596473	196580.54973161907
12358800	0.0225	881330.0610270193	10377.498815235553
12362400	0.0225	881330.0610270193	100200.86132702547
12366000	0.0225	629672.1475612051	0.0
12369600	0.0225	629672.1475612051	9803.77739543046
12373200	0.0225	629672.1475612051	0.0
12376800	0.0225	629672.1475612051	0.0
12380400	0.0225	629672.1475612051	0.0
12384000	0.0225	759683.4857492498	17295.831358725918
12387600	0.01	759683.4857492498	25915.713836990773
12391200	0.00875	867315.074544366	65476.87897017578
12394800	0.0075	867315.074544366	52102.558569622044
12398400	0.00625	867315.074544366	11820.221241205598
12402000	0.005	867315.074544366	15088.147039682417
12405600	0.005	867315.074544366	49988.57966045766
12409200	0.00625	867315.074544366	0.0
12412800	0.01	867315.074544366	0.0
12416400	0.0125	1118972.9880101802	3942.2499800423593
12420000	0.0125	993636.834106371	19245.144042492375
12423600	0.015	1118972.9880101802	92997.01196873306
12427200	0.01875	992651.2284481754	239860.59880995206
12430800	0.02125	992651.2284481754	329555.68895385426
12434400	0.0225	1011341.399215064	325369.4055153963
12438000	0.0225	867315.074544366	452478.8047969076
12441600	0.0225	867315.074544366	300018.59983487654
12445200	0.0225	880564.7625199002	0.0
12448800	0.0225	629672.1475612051	0.0
12452400	0.0225	629672.1475612051	0.0
12456000	0.0225	629672.1475612051	0.0
12459600	0.0225	629672.1475612051	0.0
12463200	0.0225	629672.1475612051	0.0
12466800	0.0225	629672.1475612051	0.0
12470400	0.0225	758598.6338811712	1888.0267948762728
12474000	0.00875	1011863.3038636635	15640.068119443295
12477600	0.00625	880564.7625199002	0.0
12481200	0.005	1133829.4325023922	16408.514923694667
12484800	0.00625	629672.1475612051	0.0
12488400	0.00625	629672.1475612051	9855.6249501059
12492000	0.005	880564.7625199002	5913.374970063539
12495600	0.00625	629672.1475612051	11052.526818671071
12499200	0.00625	629672.1475612051	7110.276838628712
12502800	0.00875	629672.1475612051	21602.28728179439
12506400	0.01	629672.1475612051	7110.276838628712
12510000	0.01375	1133829.4325023922	30673.07176780193
12513600	0.0175	1011863.3038636635	111853.61860518758
12517200	0.0175	1011863.3038636635	303779.3108967802
12520800	0.0225	1011863.3038636635	287239.495085317
12524400	0.0225	629672.1475612051	224294.9373195154
12528000	0.0225	1011863.3038636635	237730.73297511344
12531600	0.0225	891558.9536998135	3267.9257984768196
12535200	0.0225	891558.9536998135	51200.56151792292
12538800	0.0225	629672.1475612051	13797.874930148258
12542400	0.0225	629672.1475612051	0.0
12546000	0.0225	629672.1475612051	0.0
12549600	0.0225	629672.1475612051	0.0
12553200	0.0225	891558.9536998135	0.0
12556800	0.0225	629672.1475612051	0.0
12560400	0.0075	1008555.7820476575	0.0
12564000	0.01	1137151.9062814268	14097.408930180874
12567600	0.015	1137151.9062814268	39569.39765828892
12571200	0.0125	1137151.9062814268	31292.19799871242
12574800	0.01	1008555.7820476575	7845.560143285996
12578400	0.00875	1137151.9062814268	6662.877738646111
12582000	0.0125	1137151.9062814268	22527.563660571046
12585600	0.00875	875265.1001428184	24779.732738141636
12589200	0.0075	875265.1001428184	58187.122261349985
12592800	0.01625	746668.9759090492	20426.586363824532
12596400	0.015	861723.226139717	8361.549576202207
12600000	0.01625	990319.3503734863	5927.5944339888265
12603600	0.01625	1137151.9062814268	232533.76298062375
12607200	0.0225	746668.9759090492	239138.29204158712
12610800	0.0225	629672.1475612051	179962.66695982253
12614400	0.0225	629672.1475612051	165071.68191764536
12618000	0.0225	629672.1475612051	13305.093682642962
12621600	0.0225	629672.1475612051	9855.6249501059
12625200	0.0225	629672.1475612051	0.0
12628800	0.0225	629672.1475612051	0.0
12632400	0.0225	629672.1475612051	0.0
12636000	0.0225	629672.1475612051	0.0
12639600	0.0225	629672.1475612051	0.0
12643200	0.0225	629672.1475612051	0.0
12646800	0.0125	854143.3035458152	10665.415257943068
12650400	0.015	1074344.5531041452	10050.4244150653
12654000	0.01625	1074344.5531041452	13627.746946951465
12657600	0.01625	1074344.5531041452	25134.66510960722
12661200	0.01625	1074344.5531041452	13524.850331610285
12664800	0.00875	1074344.5531041452	8602.534739418816
12668400	0.00625	743892.117407948	15375.440620983443
12672000	0.00875	849873.3971195351	5913.374970063539
12675600	0.01125	849873.3971195351	5913.374970063539
12679200	0.01375	731975.2390414432	26663.53814485767
12682800	0.015	1074344.5531041452	10140.939486213229
12686400	0.01625	956446.3950260531	167587.8416217522
12690000	0.01625	956446.3950260531	267759.98410938686
12693600	0.0225	956446.3950260531	261880.3967949539
12697200	0.0225	956446.3950260531	272588.86731676094
12700800	0.0225	731975.2390414432	176292.36351897207
12704400	0.0225	629672.1475612051	0.0
12708000	0.0225	629672.1475612051	0.0
12711600	0.0225	629672.1475612051	0.0
12715200	0.0225	629672.1475612051	0.0
12718800	0.0225	629672.1475612051	0.0
12722400	0.0225	629672.1475612051	0.0
12726000	0.0225	629672.1475612051	0.0
12729600	0.0225	873975.283533334	0.0
12733200	0.005	873611.9827061049	0.0
12736800	0.00375	629672.1475612051	0.0
12740400	0.005	629672.1475612051	44324.388498138826
12744000	0.00625	629672.1475612051	980.3777395430459
12747600	0.00875	879619.6231242779	0.0
12751200	0.01	1123559.4582691775	6918.332543490368
12754800	0.01125	1123559.4582691775	14815.094583898817
12758400	0.00875	879619.6231242779	6918.332543490368
12762000	0.015	879619.6231242779	17906.77357052203
12765600	0.01625	879619.6231242779	17457.599296021574
12769200	0.0175	997479.1982699765	31241.527173897484
12772800	0.01875	997479.1982699765	220367.38712059034
12776400	0.0175	877043.2778617195	407713.6419708081
12780000	0.0225	873975.283533334	432794.0028420541
12783600	0.0225	879619.6231242779	264348.4640955004
12787200	0.0225	750108.0679694624	314835.27898365
12790800	0.0225	629672.1475612051	0.0
12794400	0.0225	629672.1475612051	96877.5219263162
12798000	0.0225	629672.1475612051	0.0
12801600	0.0225	629672.1475612051	0.0
12805200	0.0225	629672.1475612051	12460.9768461834
12808800	0.0225	895124.2174896346	57752.73191561118
12812400	0.0225	629672.1475612051	0.0
12816000	0.0225	629672.1475612051	0.0
12819600	0.00875	763350.0255039069	0.0
12823200	0.00875	895124.2174896346	0.0
12826800	0.00625	629672.1475612051	0.0
12830400	0.0075	629672.1475612051	0.0
12834000	0.00625	752175.4671984373	0.0
12837600	0.00125	629672.1475612051	0.0
12841200	0.0	629672.1475612051	0.0
12844800	0.00375	629672.1475612051	0.0
12848400	0.00625	629672.1475612051	3267.9257984768196
12852000	0.00875	629672.1475612051	0.0
12855600	0.01125	895124.2174896346	80027.19714122968
12859200	0.01375	895124.2174896346	207091.25944608304
12862800	0.00875	895124.2174896346	232872.1193792248
12866400	0.0225	895124.2174896346	313081.0632573125
12870000	0.0225	895124.2174896346	300070.50712623826
12873600	0.0225	629672.1475612051	179236.9528830411
12877200	0.0225	629672.1475612051	0.0
12880800	0.0225	629672.1475612051	0.0
12884400	0.0225	629672.1475612051	0.0
12888000	0.0225	629672.1475612051	0.0
12891600	0.0225	629672.1475612051	0.0
12895200	0.0225	629672.1475612051	0.0
12898800	0.0225	906861.643847188	9855.6249501059
12902400	0.0225	629672.1475612051	5913.374970063539
12906000	0.00875	1161175.7756178374	50078.543316417665
12909600	0.0075	906861.643847188	4901.88869771523
12913200	0.005	755807.7217658919	0.0
12916800	0.005	629672.1475612051	0.0
12920400	0.0075	752432.4695537449	0.0
12924000	0.0075	761225.957339315	4901.88869771523
12927600	0.00625	883986.2793318548	20295.572952566377
12931200	0.0075	629672.1475612051	50990.01196717347
12934800	0.0075	906861.643847188	0.0
12938400	0.0125	629672.1475612051	9855.6249501059
12942000	0.015	752432.4695537449	24175.37374538381
12945600	0.01125	1161175.7756178374	24654.029000686827
12949200	0.01	883986.2793318548	213476.5077943417
12952800	0.0225	1010121.8535365416	302745.98256141145
12956400	0.0225	629672.1475612051	277795.074568998
12960000	0.0225	906861.643847188	270505.25825131935
12963600	0.0225	629672.1475612051	3776.0535897525456
12967200	0.0225	629672.1475612051	0.0
12970800	0.0225	629672.1475612051	0.0
12974400	0.0225	629672.1475612051	0.0
12978000	0.0225	629672.1475612051	0.0
12981600	0.0225	629672.1475612051	0.0
12985200	0.0225	629672.1475612051	980.3777395430459
12988800	0.0225	629672.1475612051	980.3777395430459
12992400	0.0075	1013325.8827740292	11357.876554778599
12996000	0.01	892787.5514339812	19575.79051961201
12999600	0.0075	892787.5514339812	7178.874582189499
13003200	0.0075	892787.5514339812	8614.6494986274
13006800	0.0075	629672.1475612051	0.0
13010400	0.0075	629672.1475612051	980.3777395430459
13014000	0.005	629672.1475612051	4248.303538019865
13017600	0.0075	629672.1475612051	0.0
13021200	0.0175	1142568.3584965607	5015.791094030516
13024800	0.01875	1013325.8827740292	20202.52639088175
13028400	0.01375	1008695.4303463164	59605.4024178421
13032000	0.0125	1011495.8490013364	55985.59467484615
13035600	0.0125	760744.6570564294	131973.1673752928
13039200	0.0225	879452.9546237846	193991.39432332906
13042800	0.0225	892787.5514339812	154567.80106207065
13046400	0.0225	748380.4451285603	62845.44941238425
13050000	0.0225	629672.1475612051	0.0
13053600	0.0225	629672.1475612051	0.0
13057200	0.0225	629672.1475612051	0.0
13060800	0.0225	629672.1475612051	0.0
13064400	0.0225	629672.1475612051	8741.701510925492
13068000	0.0225	629672.1475612051	0.0
13071600	0.0225	629672.1475612051	40849.07248096025
13075200	0.0225	629672.1475612051	0.0
13078800	0.0075	1125824.73676076	38668.589036034435
13082400	0.00375	876833.6041455395	10377.498815235553
13086000	0.0025	629672.1475612051	0.0
13089600	0.00375	629672.1475612051	6221.492233800122
13093200	0.00375	629672.1475612051	0.0
13096800	0.00375	878663.2801764258	0.0
13100400	0.00375	1125824.73676076	0.0
13104000	0.00375	876833.6041455395	6221.492233800122
13107600	0.00375	876833.6041455395	16041.57919986437
13111200	0.0075	876833.6041455395	45892.01650046974
13114800	0.0075	876833.6041455395	74198.71706738965
13118400	0.00625	876833.6041455395	134275.66242449314
13122000	0.01	878663.2801764258	188558.35071369878
13125600	0.0225	1006901.1934265171	273042.069448672
13129200	0.0225	629672.1475612051	143292.10811019913
13132800	0.0225	876833.6041455395	120387.82169155276
13136400	0.0225	876806.7342911612	0.0
13140000	0.0225	629672.1475612051	42576.29978445748
13143600	0.0225	629672.1475612051	0.0
13147200	0.0225	629672.1475612051	0.0
13150800	0.0225	629672.1475612051	0.0
13154400	0.0225	629672.1475612051	0.0
13158000	0.0225	629672.1475612051	0.0
13161600	0.0225	629672.1475612051	0.0
13165200	0.00875	765521.6412722373	26390.341595199177
13168800	0.00875	765521.6412722373	19280.064756570468
13172400	0.01	876806.7342911612	10665.415257943068
13176000	0.0075	629672.1475612051	34354.482324578385
13179600	0.01	898993.3039026544	33342.996052230075
13183200	0.01125	898993.3039026544	45750.961178675476
13186800	0.01125	898993.3039026544	51415.041563304294
13190400	0.01375	898993.3039026544	47043.15860346959
13194000	0.01875	1146127.8906326105	23423.385119764138
13197600	0.02	1146127.8906326105	31682.890579044746
13201200	0.0175	1012656.2280021934	57855.71099930153
13204800	0.01375	891095.7602817693	25220.887293555126
13208400	0.01375	755246.2665707371	263108.96489767474
13212000	0.0225	755246.2665707371	344412.80375861836
13215600	0.0225	898993.3039026544	344498.9795781735
13219200	0.0225	1024567.4229121862	282961.81390264805
13222800	0.0225	874599.4917698284	0.0
13226400	0.0225	874599.4917698284	19890.20606253481
13230000	0.0225	629672.1475612051	0.0
13233600	0.0225	629672.1475612051	0.0
13237200	0.0225	629672.1475612051	0.0
13240800	0.0225	629672.1475612051	0.0
13244400	0.0225	629672.1475612051	0.0
13248000	0.0225	629672.1475612051	0.0
13251600	0.005	874528.919275733	0.0
13255200	0.00625	874599.4917698284	5927.5944339888265
13258800	0.00375	874599.4917698284	7739.580147675928
13262400	0.005	874599.4917698284	0.0
13266000	0.0075	874599.4917698284	2075.4997630471103
13269600	0.0075	629672.1475612051	4625.665647446868
13273200	0.01375	1119456.263484356	4153.6589487278
13276800	0.01625	1119456.263484356	4153.6589487278
13280400	0.01125	629672.1475612051	20437.235112075527
13284000	0.01125	874599.4917698284	31253.012093913487
13287600	0.0125	629672.1475612051	64912.614259822
13291200	0.01125	629672.1475612051	121071.83351102006
13294800	0.01125	629672.1475612051	151071.8928120595
13298400	0.0225	1002167.307755285	250618.66351313214
13302000	0.0225	1002167.307755285	291209.446286108
13305600	0.0225	874599.4917698284	248431.4904320703
13309200	0.0225	629672.1475612051	0.0
13312800	0.0225	629672.1475612051	58528.83064116445
13316400	0.0225	629672.1475612051	0.0
13320000	0.0225	629672.1475612051	0.0
13323600	0.0225	629672.1475612051	0.0
13327200	0.0225	629672.1475612051	18502.662589787473
13330800	0.0225	629672.1475612051	77881.10528864626
13334400	0.0225	629672.1475612051	34362.087666748164
13338000	0.00625	864290.093569593	50457.26973609635
13341600	0.00625	751281.0795317702	46203.87962812398
13345200	0.005	864290.093569593	26869.3369876282
13348800	0.00625	907571.8701805344	16873.582375482503
13352400	0.01	907571.8701805344	13377.24040907601
13356000	0.01	907571.8701805344	0.0
13359600	0.0075	907571.8701805344	14563.708296266115
13363200	0.0075	907571.8701805344	0.0
13366800	0.01125	775619.2419627688	28654.924532715086
13370400	0.01375	775619.2419627688	0.0
13374000	0.015	1010237.1879711566	67037.9073763135
13377600	0.015	864290.093569593	23718.86385763758
13381200	0.01625	629672.1475612051	287112.68450661044
13384800	0.0225	1142189.8161889222	391910.66856732726
13388400	0.0225	1142189.8161889222	312936.1472385987
13392000	0.0225	629672.1475612051	73175.4687464636
13395600	0.0225	629672.1475612051	0.0
13399200	0.0225	871764.7506501232	20754.997630471105
13402800	0.0225	629672.1475612051	27415.124257198324
13406400	0.0225	629672.1475612051	53348.34990589944
13410000	0.0225	629672.1475612051	0.0
13413600	0.0225	629672.1475612051	0.0
13417200	0.0225	629672.1475612051	0.0
13420800	0.0225	776534.6691543336	30674.70122309501
13424400	0.00375	629672.1475612051	0.0
13428000	0.005	1149912.5839557075	7437.207484252145
13431600	0.00375	629672.1475612051	0.0
13435200	0.00375	629672.1475612051	0.0
13438800	0.005	907819.9808667896	8918.16027271734
13442400	0.005	760957.459273661	8918.16027271734
13446000	0.00375	1149912.5839557075	8918.16027271734
13449600	0.00375	1149912.5839557075	0.0
13453200	0.00875	1149912.5839557075	0.0
13456800	0.01125	1031285.1926247675	18102.622742195214
13460400	0.01375	1149912.5839557075	22256.19356922421
13464000	0.01625	1031285.1926247675	30185.90610770456
13467600	0.0175	1031285.1926247675	177318.46820192086
13471200	0.0225	884422.671031639	216232.3483558702
13474800	0.0225	748299.538892145	317956.23238307703
13478400	0.0225	753137.3593191833	328266.6025284474
13482000	0.0225	866822.5309254017	0.0
13485600	0.0225	866822.5309254017	27673.330173961473
13489200	0.0225	629672.1475612051	0.0
13492800	0.0225	629672.1475612051	0.0
13496400	0.0225	629672.1475612051	0.0
13500000	0.0225	629672.1475612051	0.0
13503600	0.0225	629672.1475612051	0.0
13507200	0.0225	751019.1034564574	22641.527862175557
13510800	0.0075	889835.9994796289	0.0
13514400	0.01125	1126986.3828438253	36844.85968591159
13518000	0.00875	988169.4868206538	10860.582523532728
13521600	0.00875	1126986.3828438253	57739.93662443802
13525200	0.01125	1126986.3828438253	10539.266752531206
13528800	0.0075	734034.4223736904	19803.554205630753
13532400	0.00625	734034.4223736904	6918.332543490368
13536000	0.00875	866822.5309254017	17774.486614028938
13539600	0.0125	866822.5309254017	3776.0535897525456
13543200	0.0125	629672.1475612051	9440.133974381364
13546800	0.01625	734034.4223736904	0.0
13550400	0.01625	988169.4868206538	7178.874582189499
13554000	0.01625	855381.3782689427	274440.60783166334
13557600	0.0225	1126986.3828438253	335853.59679399943
13561200	0.0225	988169.4868206538	315151.66661288566
13564800	0.0225	889835.9994796289	171362.14638344757
13568400	0.0225	629672.1475612051	14357.749164378998
13572000	0.0225	629672.1475612051	7884.499960084719
13575600	0.0225	629672.1475612051	0.0
13579200	0.0225	629672.1475612051	0.0
13582800	0.0225	629672.1475612051	0.0
13586400	0.0225	629672.1475612051	0.0
13590000	0.0225	629672.1475612051	0.0
13593600	0.0225	1017189.008628696	14078.036780723463
13597200	0.0075	629672.1475612051	22228.4791274581
13600800	0.0075	629672.1475612051	0.0
13604400	0.00625	629672.1475612051	0.0
13608000	0.00875	629672.1475612051	8169.814496192049
13611600	0.01125	744932.3824841152	0.0
13615200	0.00875	872466.4436162023	15809.724194473609
13618800	0.0075	872466.4436162023	11820.221241205598
13622400	0.0075	872466.4436162023	0.0
13626000	0.01375	1012098.7290263872	11957.612682737177
13629600	0.01875	1144723.069760783	16111.183509766179
13633200	0.02	1017189.008628696	7080.100480786023
13636800	0.02	1017189.008628696	2859.4350736672172
13640400	0.02	1017189.008628696	335456.254409459
13644000	0.0225	884564.6678943001	332663.2936913165
13647600	0.0225	744932.3824841152	389565.75134413544
13651200	0.0225	872466.4436162023	212887.32585942338
13654800	0.0225	890082.743926553	51835.52487040341
13658400	0.0225	629672.1475612051	11038.299944118606
13662000	0.0225	629672.1475612051	0.0
13665600	0.0225	629672.1475612051	0.0
13669200	0.0225	629672.1475612051	13331.769072428835
13672800	0.0225	629672.1475612051	0.0
13676400	0.0225	629672.1475612051	0.0
13680000	0.0225	629672.1475612051	0.0
13683600	0.00875	1004860.5742268828	15519.705334734717
13687200	0.01125	890082.743926553	11147.700340896676
13690800	0.01125	1126912.8814478873	12833.641631025599
13694400	0.01	890082.743926553	7884.499960084719
13698000	0.01125	890082.743926553	14626.779104121588
13701600	0.00375	629672.1475612051	15104.214359010182
13705200	0.00625	629672.1475612051	40636.74037750176
13708800	0.0075	629672.1475612051	56168.797147569116
13712400	0.015	629672.1475612051	22228.4791274581
13716000	0.0175	1126912.8814478873	18246.493312748004
13719600	0.01875	1012135.0511475573	29653.673363128422
13723200	0.01875	991530.3387178064	22735.340819638055
13726800	0.0175	991530.3387178064	211395.25539677445
13730400	0.0225	869478.0314968021	306770.4473945491
13734000	0.0225	866502.2850825393	189858.47572980105
13737600	0.0225	866502.2850825393	213245.00132334532
13741200	0.0225	629672.1475612051	0.0
13744800	0.0225	859151.7501240864	14357.749164378998
13748400	0.0225	629672.1475612051	0.0
13752000	0.0225	629672.1475612051	0.0
13755600	0.0225	629672.1475612051	0.0
13759200	0.0225	629672.1475612051	0.0
13762800	0.0225	629672.1475612051	0.0
13766400	0.0225	629672.1475612051	0.0
13770000	0.01	751345.1045144983	8891.39165098324
13773600	0.015	1119690.5889880022	19021.961626261378
13777200	0.0125	1119690.5889880022	10377.498815235553
13780800	0.0125	859151.7501240864	7178.874582189499
13784400	0.0175	1119690.5889880022	13589.543583498908
13788000	0.01625	1119690.5889880022	31148.052902896663
13791600	0.015	1119690.5889880022	23202.080505661004
13795200	0.01375	859151.7501240864	6873.013687736409
13798800	0.0175	1011883.943378414	10815.263667778769
13802400	0.0175	1119690.5889880022	37546.08545553834
13806000	0.01875	1011883.943378414	1132.8160769257636
13809600	0.02	998017.6320347087	9855.6249501059
13813200	0.01875	890798.4714936581	214839.96411763216
13816800	0.0225	998605.1171032463	272848.2844600137
13820400	0.0225	1011883.943378414	333876.5711009124
13824000	0.0225	1011883.943378414	226709.1322952071
13827600	0.0225	629672.1475612051	0.0
13831200	0.0225	629672.1475612051	0.0
13834800	0.0225	629672.1475612051	0.0
13838400	0.0225	629672.1475612051	0.0
13842000	0.0225	629672.1475612051	0.0
13845600	0.0225	629672.1475612051	0.0
13849200	0.0225	629672.1475612051	0.0
13852800	0.0225	629672.1475612051	0.0
13856400	0.00875	629672.1475612051	31537.999840338874
13860000	0.01125	900363.8496031486	9372.541241808723
13863600	0.0075	900363.8496031486	9855.6249501059
13867200	0.00875	900363.8496031486	39422.4998004236
13870800	0.0075	900363.8496031486	12860.410252759699
13874400	0.00625	629672.1475612051	4922.627719585405
13878000	0.0075	629672.1475612051	0.0
13881600	0.00875	629672.1475612051	21681.63026177339
13885200	0.0175	738027.6872454633	5913.374970063539
13888800	0.01875	1140858.352011977	22008.282864429402
13892400	0.01875	1008719.3892874068	83534.77266219578
13896000	0.02	991751.4532432337	258892.6200393227
13899600	0.01875	1008719.3892874068	379949.3502809064
13903200	0.0225	991751.4532432337	482939.50928487704
13906800	0.0225	751256.9508344054	416019.9691600096
13910400	0.0225	751256.9508344054	184846.44690559973
13914000	0.0225	629672.1475612051	0.0
13917600	0.0225	629672.1475612051	0.0
13921200	0.0225	629672.1475612051	0.0
13924800	0.0225	629672.1475612051	0.0
13928400	0.0225	629672.1475612051	0.0
13932000	0.0225	629672.1475612051	0.0
13935600	0.0225	751395.7467838209	3942.2499800423593
13939200	0.0225	1122543.677417371	13836.665086980736
13942800	0.00875	755523.848678254	8474.957365775701
13946400	0.01125	996757.2148859815	14357.749164378998
13950000	0.0125	1122543.677417371	0.0
13953600	0.0125	1122543.677417371	16773.957493596266
13957200	0.01125	1122543.677417371	5927.5944339888265
13960800	0.00625	996757.2148859815	7484.219256274159
13964400	0.00375	749181.9145463167	0.0
13968000	0.00375	874968.3770777062	22972.398663006396
13971600	0.0075	874968.3770777062	23249.14081536224
13975200	0.015	1122543.677417371	6918.332543490368
13978800	0.01875	996691.976300322	36535.24500390495
13982400	0.02125	1122543.677417371	21197.062426746586
13986000	0.02	1122543.677417371	250719.01505770558
13989600	0.0225	877247.4479008699	446509.59138674685
13993200	0.0225	751395.7467838209	320218.7870123795
13996800	0.0225	877247.4479008699	200031.4831864908
14000400	0.0225	891053.0817413484	0.0
14004000	0.0225	629672.1475612051	0.0
14007600	0.0225	629672.1475612051	15768.999920169437
14011200	0.0225	629672.1475612051	44666.02278586497
14014800	0.0225	629672.1475612051	0.0
14018400	0.0225	629672.1475612051	0.0
14022000	0.0225	629672.1475612051	0.0
14025600	0.0225	871432.7260416897	0.0
14029200	0.01125	891053.0817413484	0.0
14032800	0.0075	1030218.8010147428	1132.8160769257636
14036400	0.0075	1145571.8721874496	14278.729883256217
14040000	0.01	745025.2187339119	1292.1974247941098
14043600	0.0125	1145571.8721874496	8693.613676581654
14047200	0.01125	891053.0817413484	8844.13867775759
14050800	0.0075	629672.1475612051	7210.1757785191785
14054400	0.01	629672.1475612051	40849.07248096025
14058000	0.0125	629672.1475612051	41584.35578561753
14061600	0.01125	884190.9380073063	41584.35578561753
14065200	0.01125	745025.2187339119	13377.24040907601
14068800	0.0125	745025.2187339119	107853.06568216905
14072400	0.01	629672.1475612051	234162.95308714983
14076000	0.0225	891053.0817413484	307686.96263304265
14079600	0.0225	891053.0817413484	218303.6105739773
14083200	0.0225	884190.9380073063	98339.59919533228
14086800	0.0225	877035.0247806103	0.0
14090400	0.0225	629672.1475612051	0.0
14094000	0.0225	629672.1475612051	19382.961371911646
14097600	0.0225	629672.1475612051	34458.5979945096
14101200	0.0225	629672.1475612051	0.0
14104800	0.0225	629672.1475612051	0.0
14108400	0.0225	877035.0247806103	85962.91958483835
14112000	0.0225	742685.886004376	31874.203144921375
14115600	0.0075	877035.0247806103	25413.216020950826
14119200	0.01	629672.1475612051	0.0
14122800	0.0075	629672.1475612051	17782.78330196648
14126400	0.00625	629672.1475612051	26674.17495294972
14130000	0.005	629672.1475612051	14555.472035612058
14133600	0.005	629672.1475612051	14555.472035612058
14137200	0.00625	629672.1475612051	5664.080384628818
14140800	0.005	897918.985165999	0.0
14144400	0.0075	771637.933684527	9855.6249501059
14148000	0.0125	771637.933684527	27408.033051803624
14151600	0.01875	771637.933684527	47070.56471476037
14155200	0.02	868966.9374858481	48236.082765314546
14158800	0.02125	1032268.1239422336	260389.96633723407
14162400	0.0225	884651.6721276978	330152.6979902938
14166000	0.0225	1010932.72360917	268879.6096770634
14169600	0.0225	629672.1475612051	287047.3964909288
14173200	0.0225	629672.1475612051	0.0
14176800	0.0225	629672.1475612051	0.0
14180400	0.0225	629672.1475612051	11826.749940127078
14184000	0.0225	629672.1475612051	0.0
14187600	0.0225	629672.1475612051	0.0
14191200	0.0225	629672.1475612051	0.0
14194800	0.0225	629672.1475612051	0.0
14198400	0.0225	993232.7798060873	5913.374970063539
14202000	0.01125	1128922.3014117198	3267.9257984768196
14205600	0.01	1128922.3014117198	34818.622892751744
14209200	0.00875	1128922.3014117198	29343.012775231426
14212800	0.0075	873641.2143168377	0.0
14216400	0.005	993232.7798060873	3942.2499800423593
14220000	0.00375	873641.2143168377	9803.77739543046
14223600	0.00375	629672.1475612051	4901.88869771523
14227200	0.00375	629672.1475612051	0.0
14230800	0.00625	629672.1475612051	0.0
14234400	0.00875	629672.1475612051	11826.749940127078
14238000	0.01125	873641.2143168377	5913.374970063539
14241600	0.01	1128922.3014117198	7110.276838628712
14245200	0.015	1128922.3014117198	97421.53441617577
14248800	0.0225	1128922.3014117198	156135.08662125864
14252400	0.0225	884953.2346560871	282626.22431240964
14256000	0.0225	1128922.3014117198	123924.99155836448
14259600	0.0225	629672.1475612051	0.0
14263200	0.0225	629672.1475612051	0.0
14266800	0.0225	629672.1475612051	0.0
14270400	0.0225	629672.1475612051	0.0
14274000	0.0225	629672.1475612051	0.0
14277600	0.0225	629672.1475612051	0.0
14281200	0.0225	629672.1475612051	5927.5944339888265
14284800	0.0225	999959.8070299716	0.0
14288400	0.00875	883873.1640575654	0.0
14292000	0.005	1134319.1317388378	0.0
14295600	0.00625	1134319.1317388378	10377.498815235553
14299200	0.01	1134319.1317388378	23754.73922431156
14302800	0.01	1134319.1317388378	3942.2499800423593
14306400	0.01	1134319.1317388378	0.0
14310000	0.00875	1004565.0568928334	3263.3224148152894
14313600	0.01	1134319.1317388378	35318.15241147047
14317200	0.01125	1004565.0568928334	39769.05465242796
14320800	0.01375	1134319.1317388378	34025.95498667636
14324400	0.015	1004565.0568928334	25214.077766829774
14328000	0.01375	883873.1640575654	140729.13566576186
14331600	0.01375	1134319.1317388378	218697.05271848827
14335200	0.0225	1134319.1317388378	280577.28239689686
14338800	0.0225	1004565.0568928334	300909.05122307246
14342400	0.0225	1134319.1317388378	329448.93931107357
14346000	0.0225	880931.3346535836	3776.0535897525456
14349600	0.0225	629672.1475612051	0.0
14353200	0.0225	629672.1475612051	0.0
14356800	0.0225	629672.1475612051	0.0
14360400	0.0225	629672.1475612051	0.0
14364000	0.0225	629672.1475612051	0.0
14367600	0.0225	629672.1475612051	0.0
14371200	0.0225	761636.7547167132	0.0
14374800	0.00875	761636.7547167132	14357.749164378998
14378400	0.01	1137399.5089610682	16408.514923694667
14382000	0.005	629672.1475612051	17775.69209657178
14385600	0.00375	629672.1475612051	0.0
14389200	0.0075	629672.1475612051	0.0
14392800	0.01625	880931.3346535836	21822.724046423384
14396400	0.0175	880931.3346535836	16380.801127977209
14400000	0.015	1010401.1257295166	69023.3939183302
14403600	0.015	1010401.1257295166	62313.55375669018
14407200	0.01625	1012895.9418090915	72879.52283903422
14410800	0.015	885897.5585775399	78643.04939926206
14414400	0.015	885897.5585775399	41767.17527810306
14418000	0.01625	1012895.9418090915	265716.4970935725
14421600	0.0225	753932.9514220317	169444.66871813475
14425200	0.0225	888635.1379482648	265871.0125653805
14428800	0.0225	1010401.1257295166	233434.48913585723
14432400	0.0225	850064.7212278105	0.0
14436000	0.0225	850064.7212278105	35110.537658213616
14439600	0.0225	629672.1475612051	0.0
14443200	0.0225	629672.1475612051	0.0
14446800	0.0225	629672.1475612051	0.0
14450400	0.0225	629672.1475612051	0.0
14454000	0.0225	629672.1475612051	0.0
14457600	0.0225	995452.1988787632	0.0
14461200	0.01125	761143.3271573528	16811.780725525496
14464800	0.0125	887512.1379026165	0.0
14468400	0.0125	629672.1475612051	19553.261306228957
14472000	0.01375	629672.1475612051	0.0
14475600	0.01625	887512.1379026165	21915.036049048314
14479200	0.01375	887512.1379026165	29333.704507090173
14482800	0.00875	887512.1379026165	39250.80189434701
14486400	0.01125	1107904.711569222	26674.17495294972
14490000	0.00875	1107904.711569222	7884.499960084719
14493600	0.01125	761143.3271573528	0.0
14497200	0.01375	887512.1379026165	14357.749164378998
14500800	0.015	756040.9583064688	119601.77187827919
14504400	0.015	887512.1379026165	147743.90260468784
14508000	0.0225	887512.1379026165	161378.8536955781
14511600	0.0225	1107904.711569222	113404.72977789013
14515200	0.0225	629672.1475612051	121096.07037577484
14518800	0.0225	629672.1475612051	0.0
14522400	0.0225	629672.1475612051	20065.860613614015
14526000	0.0225	629672.1475612051	6862.644176801321
14529600	0.0225	629672.1475612051	24836.23606842383
14533200	0.0225	629672.1475612051	0.0
14536800	0.0225	629672.1475612051	0.0
14540400	0.0225	629672.1475612051	0.0
14544000	0.0225	888868.7827310399	2133.0830515886137
14547600	0.0025	898386.1842250458	24030.058484628375
14551200	0.00375	1021865.6057213985	16041.57919986437
14554800	0.00375	1021187.4747655389	10377.498815235553
14558400	0.00125	629672.1475612051	0.0
14562000	0.00375	629672.1475612051	5664.080384628818
14565600	0.0125	1154184.2977558975	18738.553784695967
14569200	0.00875	898386.1842250458	23180.041054432484
14572800	0.00875	898386.1842250458	25933.22564870112
14576400	0.00875	885470.2610920568	25933.22564870112
14580000	0.01125	885470.2610920568	14818.986084972068
14583600	0.0175	1154184.2977558975	0.0
14587200	0.01625	898386.1842250458	1182.6749940127079
14590800	0.01625	1018467.0840824153	393229.68049151223
14594400	0.0225	1021187.4747655389	352730.69001886214
14598000	0.0225	765389.3612346873	264286.4718701272
14601600	0.0225	898386.1842250458	171021.11329340652
14605200	0.0225	629672.1475612051	0.0
14608800	0.0225	629672.1475612051	93764.65159607338
14612400	0.0225	629672.1475612051	0.0
14616000	0.0225	629672.1475612051	11855.188867977653
14619600	0.0225	629672.1475612051	0.0
14623200	0.0225	629672.1475612051	0.0
14626800	0.0225	629672.1475612051	0.0
14630400	0.0225	754165.7585391556	0.0
14634000	0.00875	860651.3093206503	9377.063166525892
14637600	0.0075	842354.6884137036	8891.39165098324
14641200	0.00375	629672.1475612051	17836.32054543468
14644800	0.0075	842354.6884137036	8918.16027271734
14648400	0.00875	842354.6884137036	8918.16027271734
14652000	0.01	842354.6884137036	15066.15713334565
14655600	0.0075	842354.6884137036	0.0
14659200	0.01	735869.1376322089	0.0
14662800	0.0125	736157.6983426998	11147.700340896676
14666400	0.015	1066758.2586748453	20828.35884644198
14670000	0.015	960561.2686038415	35305.79783044342
14673600	0.015	860651.3093206503	82604.32270201347
14677200	0.01375	966848.2993916541	197689.1974978521
14680800	0.0225	629672.1475612051	252735.7951514143
14684400	0.0225	754165.7585391556	310081.97496533184
14688000	0.0225	629672.1475612051	213382.73155418085
14691600	0.0225	629672.1475612051	0.0
14695200	0.0225	629672.1475612051	17646.799311774826
14698800	0.0225	629672.1475612051	0.0
14702400	0.0225	629672.1475612051	0.0
14706000	0.0225	629672.1475612051	0.0
14709600	0.0225	899129.6175521971	0.0
14713200	0.0225	629672.1475612051	0.0
14716800	0.0225	1001213.9687013826	10377.498815235553
14720400	0.00625	899129.6175521971	27673.330173961473
14724000	0.00875	1001213.9687013826	10377.498815235553
14727600	0.00625	1128579.263124668	6918.332543490368
14731200	0.005	1128579.263124668	8889.457533511548
14734800	0.0075	1128579.263124668	6918.332543490368
14738400	0.005	859121.7931336763	2871.5498328757994
14742000	0.00375	899129.6175521971	0.0
14745600	0.00375	629672.1475612051	0.0
14749200	0.00625	859121.7931336763	3942.2499800423593
14752800	0.01125	1128579.263124668	0.0
14756400	0.01375	991624.4013464691	9011.025464228418
14760000	0.01625	859121.7931336763	4901.88869771523
14763600	0.01375	1128579.263124668	278209.6822219185
14767200	0.0225	731756.4987103909	192912.33568250667
14770800	0.0225	731756.4987103909	110885.22463855885
14774400	0.0225	629672.1475612051	75128.56081412325
14778000	0.0225	629672.1475612051	0.0
14781600	0.0225	858017.4269748705	33105.55555319953
14785200	0.0225	629672.1475612051	0.0
14788800	0.0225	629672.1475612051	0.0
14792400	0.0225	629672.1475612051	0.0
14796000	0.0225	629672.1475612051	0.0
14799600	0.0225	629672.1475612051	0.0
14803200	0.0225	758729.6275686182	0.0
14806800	0.005	911866.5318895716	0.0
14810400	0.00375	629672.1475612051	0.0
14814000	0.005	911866.5318895716	8918.16027271734
14817600	0.005	911866.5318895716	0.0
14821200	0.00625	911866.5318895716	3942.2499800423593
14824800	0.00875	1140211.811303237	9685.349645793958
14828400	0.01	1011154.3312958239	15428.449311545557
14832000	0.01	1140211.811303237	0.0
14835600	0.0125	858017.4269748705	0.0
14839200	0.0125	858017.4269748705	44153.11937199372
14842800	0.01375	753979.5504633465	50066.49434205726
14846400	0.01375	858017.4269748705	97267.16421396408
14850000	0.015	1140211.811303237	213281.22099008807
14853600	0.0225	1140211.811303237	201487.05322395285
14857200	0.0225	987074.9069822836	263022.67286164954
14860800	0.0225	858017.4269748705	151670.53425099197
14864400	0.0225	629672.1475612051	40849.07248096025
14868000	0.0225	629672.1475612051	1182.6749940127079
14871600	0.0225	629672.1475612051	0.0
14875200	0.0225	629672.1475612051	0.0
14878800	0.0225	629672.1475612051	5664.080384628818
14882400	0.0225	733723.146250145	64011.19741874578
14886000	0.0225	629672.1475612051	0.0
14889600	0.0225	629672.1475612051	980.3777395430459
14893200	0.0025	865195.8711253521	0.0
14896800	0.0	629672.1475612051	0.0
14900400	0.00125	629672.1475612051	0.0
14904000	0.00625	900462.7610779139	0.0
14907600	0.00875	989324.2801685645	0.0
14911200	0.00375	629672.1475612051	5913.374970063539
14914800	0.00625	900462.7610779139	3942.2499800423593
14918400	0.005	900462.7610779139	14357.749164378998
14922000	0.00625	629672.1475612051	0.0
14925600	0.01125	865195.8711253521	9855.6249501059
14929200	0.015	1135986.484642061	16890.800006648275
14932800	0.01875	1004513.7597668539	19778.087774081672
14936400	0.01875	1004513.7597668539	270488.71847443254
14940000	0.0225	1011858.0755988485	388662.5926353409
14943600	0.0225	900462.7610779139	257497.71298776352
14947200	0.0225	900462.7610779139	354256.8594577865
14950800	0.0225	629672.1475612051	8891.39165098324
14954400	0.0225	629672.1475612051	0.0
14958000	0.0225	629672.1475612051	0.0
14961600	0.0225	629672.1475612051	0.0
14965200	0.0225	629672.1475612051	5664.080384628818
14968800	0.0225	629672.1475612051	0.0
14972400	0.0225	629672.1475612051	0.0
14976000	0.0225	893438.7670380797	0.0
14979600	0.01375	1131658.7836245333	13350.582454315685
14983200	0.0125	1131658.7836245333	0.0
14986800	0.00625	1131658.7836245333	25005.148165812727
14990400	0.00875	1131658.7836245333	22972.398663006396
14994000	0.00875	893438.7670380797	22972.398663006396
14997600	0.00625	893438.7670380797	21468.02600300771
15001200	0.005	893438.7670380797	17775.69209657178
15004800	0.0025	893438.7670380797	17775.69209657178
15008400	0.00375	893438.7670380797	17775.69209657178
15012000	0.00625	893438.7670380797	22242.249124463717
15015600	0.00875	893438.7670380797	72117.6055322758
15019200	0.01125	893438.7670380797	160707.59290308625
15022800	0.0075	629672.1475612051	216342.9831539915
15026400	0.0225	629672.1475612051	126321.00564996942
15030000	0.0225	629672.1475612051	62500.37801206897
15033600	0.0225	629672.1475612051	0.0
15037200	0.0225	888946.4372295593	0.0
15040800	0.0225	629672.1475612051	0.0
15044400	0.0225	629672.1475612051	0.0
15048000	0.0225	629672.1475612051	0.0
15051600	0.0225	629672.1475612051	0.0
15055200	0.0225	629672.1475612051	0.0
15058800	0.0225	875981.2867906755	0.0
15062400	0.0225	875981.2867906755	0.0
15066000	0.015	875981.2867906755	53327.07628971534
15069600	0.01625	1135255.5764590297	35230.95523494651
15073200	0.01375	875981.2867906755	44791.32246100261
15076800	0.0075	875981.2867906755	44791.32246100261
15080400	0.0075	629672.1475612051	15519.705334734717
15084000	0.00875	888946.4372295593	62554.17881635172
15087600	0.00875	875981.2867906755	72931.67763158727
15091200	0.00875	1135255.5764590297	16290.873785299093
15094800	0.01	1010794.7242521241	10377.498815235553
15098400	0.015	894576.3960977001	0.0
15102000	0.015	1019037.2483046057	1556.6248222853328
15105600	0.015	1019037.2483046057	29668.1141943751
15109200	0.01625	888946.4372295593	210377.87782778294
15112800	0.0225	1135255.5764590297	279642.08208631165
15116400	0.0225	894576.3960977001	447162.9227225506
15120000	0.0225	1135255.5764590297	381139.59063088044
15123600	0.0225	629672.1475612051	13377.24040907601
15127200	0.0225	629672.1475612051	74409.96837329953
15130800	0.0225	629672.1475612051	0.0
15134400	0.0225	629672.1475612051	8891.39165098324
15138000	0.0225	756664.0174115913	6918.332543490368
15141600	0.0225	756664.0174115913	77831.24111426664
15145200	0.0225	629672.1475612051	53670.858654813346
15148800	0.0225	629672.1475612051	42334.02835978253
15152400	0.00625	629672.1475612051	22228.4791274581
15156000	0.00625	882911.9322531223	0.0
15159600	0.005	756664.0174115913	0.0
15163200	0.00125	629672.1475612051	0.0
15166800	0.0025	629672.1475612051	3776.0535897525456
15170400	0.00125	629672.1475612051	0.0
15174000	0.0025	629672.1475612051	0.0
15177600	0.0025	629672.1475612051	0.0
15181200	0.0075	629672.1475612051	11826.749940127078
15184800	0.015	629672.1475612051	9855.6249501059
15188400	0.0175	891390.8151916901	3942.2499800423593
15192000	0.0175	756241.0418840453	19295.758924487265
15195600	0.0175	764821.9208688498	172771.10739472794
15199200	0.0225	764821.9208688498	272706.6941635426
15202800	0.0225	891390.8151916901	342525.2564373503
15206400	0.0225	629672.1475612051	0.0
15210000	0.0225	629672.1475612051	0.0
15213600	0.0225	629672.1475612051	0.0
15217200	0.0225	857619.694917918	30267.70487777036
15220800	0.0225	629672.1475612051	0.0
15224400	0.0225	629672.1475612051	0.0
15228000	0.0225	629672.1475612051	0.0
15231600	0.0225	629672.1475612051	0.0
15235200	0.0225	858589.7793703547	29566.874850317694
15238800	0.00875	1107406.8558525464	35309.97451606929
15242400	0.0075	973735.4390688534	14818.986084972068
15246000	0.01	857619.694917918	9440.133974381364
15249600	0.00625	857619.694917918	0.0
15253200	0.00625	992261.1961540477	0.0
15256800	0.0075	973735.4390688534	0.0
15260400	0.00625	1107406.8558525464	15104.214359010182
15264000	0.00875	857619.694917918	0.0
15267600	0.01375	857619.694917918	10856.154070538569
15271200	0.015	742474.0352194193	13895.721004252708
15274800	0.01625	742474.0352194193	28123.01455396464
15278400	0.01875	992261.1961540477	176643.85680588282
15282000	0.0175	1107406.8558525464	389551.6604494161
15285600	0.0225	1107406.8558525464	298657.08968524565
15289200	0.0225	1107406.8558525464	431622.8817373161
15292800	0.0225	879459.3084958335	265091.57550927746
15296400	0.0225	629672.1475612051	0.0
15300000	0.0225	629672.1475612051	0.0
15303600	0.0225	629672.1475612051	0.0
15307200	0.0225	629672.1475612051	0.0
15310800	0.0225	629672.1475612051	0.0
15314400	0.0225	629672.1475612051	26143.406387814557
15318000	0.0225	770496.6361034387	0.0
15321600	0.0225	1125378.0579386423	10377.498815235553
15325200	0.01	874027.2026926903	9181.300768540359
15328800	0.00625	629672.1475612051	13123.550748582718
15332400	0.00625	856431.2767680644	19345.04298238284
15336000	0.00875	856431.2767680644	24674.611035077967
15339600	0.0075	733202.7141504567	14804.76662104678
15343200	0.0075	733202.7141504567	27673.330173961473
15346800	0.005	856431.2767680644	27673.330173961473
15350400	0.00625	856431.2767680644	10377.498815235553
15354000	0.0075	733202.7141504567	0.0
15357600	0.01	856431.2767680644	5913.374970063539
15361200	0.0125	733202.7141504567	61450.90365020946
15364800	0.015	733202.7141504567	54749.833875115684
15368400	0.01375	1002149.4953210347	207302.03307365478
15372000	0.0225	898618.9287317831	317461.20873149636
15375600	0.0225	997255.765310298	306970.10914829426
15379200	0.0225	856431.2767680644	319690.0732373153
15382800	0.0225	629672.1475612051	0.0
15386400	0.0225	629672.1475612051	0.0
15390000	0.0225	629672.1475612051	0.0
15393600	0.0225	629672.1475612051	0.0
15397200	0.0225	629672.1475612051	0.0
15400800	0.0225	629672.1475612051	0.0
15404400	0.0225	897254.8277838095	0.0
15408000	0.0225	767697.8528650578	14357.749164378998
15411600	0.015	1008372.3971965206	0.0
15415200	0.01125	1134432.699335204	3942.2499800423593
15418800	0.0075	1134432.699335204	13732.132356408527
15422400	0.005	629672.1475612051	5913.374970063539
15426000	0.00375	897254.8277838095	16578.79022800661
15429600	0.00625	897254.8277838095	23689.067066635318
15433200	0.005	897254.8277838095	10815.263667778769
15436800	0.00375	897254.8277838095	5913.374970063539
15440400	0.01	771194.5256451261	0.0
15444000	0.01125	1134432.699335204	5913.374970063539
15447600	0.0125	1134432.699335204	8918.16027271734
15451200	0.01375	1134432.699335204	19583.575530660408
15454800	0.0175	1008372.3971965206	228870.25247210826
15458400	0.0225	1035280.533087662	276353.8374139587
15462000	0.0225	629672.1475612051	400564.51470306277
15465600	0.0225	629672.1475612051	79275.6534834147
15469200	0.0225	629672.1475612051	0.0
15472800	0.0225	629672.1475612051	47200.669871906815
15476400	0.0225	629672.1475612051	0.0
15480000	0.0225	629672.1475612051	0.0
15483600	0.0225	629672.1475612051	0.0
15487200	0.0225	629672.1475612051	0.0
15490800	0.0225	759767.2213829015	0.0
15494400	0.0225	894076.4344467155	11147.700340896676
15498000	0.0075	894076.4344467155	8891.39165098324
15501600	0.00875	629672.1475612051	0.0
15505200	0.0075	629672.1475612051	8891.39165098324
15508800	0.00375	629672.1475612051	14818.986084972068
15512400	0.00375	629672.1475612051	0.0
15516000	0.00125	629672.1475612051	8918.16027271734
15519600	0.0075	876793.7173385171	0.0
15523200	0.01	876793.7173385171	2075.4997630471103
15526800	0.01125	759767.2213829015	5534.666034792294
15530400	0.0125	1024171.508268412	2075.4997630471103
15534000	0.0175	1024171.508268412	0.0
15537600	0.0175	1141198.0042240275	134064.8195259245
15541200	0.015	1141198.0042240275	302500.5089579973
15544800	0.0225	759767.2213829015	252405.57745555634
15548400	0.0225	876793.7173385171	257993.66616425884
15552000	0.0225	629672.1475612051	44590.8013635867
15555600	0.0225	629672.1475612051	0.0
15559200	0.0225	629672.1475612051	0.0
15562800	0.0225	629672.1475612051	0.0
15566400	0.0225	629672.1475612051	0.0
15570000	0.0225	629672.1475612051	22295.40068179335
15573600	0.0225	629672.1475612051	0.0
15577200	0.0225	629672.1475612051	0.0
15580800	0.0225	750736.6962151756	0.0
15584400	0.00625	750736.6962151756	70998.55301066718
15588000	0.00875	897426.307867222	5913.374970063539
15591600	0.0075	1145786.8379044675	0.0
15595200	0.0075	1145786.8379044675	3304.046891033477
15598800	0.0125	1145786.8379044675	10337.579398352878
15602400	0.01125	750736.6962151756	1722.9298997254798
15606000	0.0125	629672.1475612051	0.0
15609600	0.0125	878032.6775984506	5664.080384628818
15613200	0.01625	756968.1289444799	25684.167781070348
15616800	0.02	1018490.8565211925	12340.860383520305
15620400	0.01875	878274.328752799	20745.300091262983
15624000	0.01625	878274.328752799	185608.9501821862
15627600	0.01375	897426.307867222	167277.40243370834
15631200	0.0225	878274.328752799	197658.7887080325
15634800	0.0225	878274.328752799	259226.12569653383
15638400	0.0225	897426.307867222	232208.99683770587
15642000	0.0225	1117584.3182464482	0.0
15645600	0.0225	890976.7911500286	69922.23843052571
15649200	0.0225	629672.1475612051	0.0
15652800	0.0225	629672.1475612051	0.0
15656400	0.0225	629672.1475612051	0.0
15660000	0.0225	629672.1475612051	0.0
15663600	0.0225	629672.1475612051	0.0
15667200	0.0225	629672.1475612051	0.0
15670800	0.0075	629672.1475612051	0.0
15674400	0.01	890976.7911500286	0.0
15678000	0.01	890976.7911500286	30074.901529872997
15681600	0.00875	890976.7911500286	8614.6494986274
15685200	0.00875	890976.7911500286	24383.649418796835
15688800	0.005	890976.7911500286	16749.37765971248
15692400	0.00375	629672.1475612051	9855.6249501059
15696000	0.0075	854628.4115567217	9855.6249501059
15699600	0.01	993556.3137989021	8614.6494986274
15703200	0.01125	1117584.3182464482	31316.17816008263
15706800	0.01	732251.6702100786	14804.76662104678
15710400	0.0125	1117584.3182464482	27070.292231158608
15714000	0.01375	993556.3137989021	205564.36124771766
15717600	0.0225	732251.6702100786	277195.58790585224
15721200	0.0225	732251.6702100786	280781.5105253681
15724800	0.0225	856279.6746576249	160768.8361532879
15728400	0.0225	629672.1475612051	0.0
15732000	0.0225	629672.1475612051	0.0
15735600	0.0225	629672.1475612051	0.0
15739200	0.0225	629672.1475612051	0.0
15742800	0.0225	629672.1475612051	0.0
15746400	0.0225	629672.1475612051	0.0
15750000	0.0225	629672.1475612051	0.0
15753600	0.0225	629672.1475612051	25601.197961497288
15757200	0.00875	881516.2405569707	23484.624744033063
15760800	0.01	881516.2405569707	17557.030310044236
15764400	0.0075	881516.2405569707	21740.865616614723
15768000	0.00875	629672.1475612051	13377.24040907601
15771600	0.0075	629672.1475612051	3267.9257984768196
15775200	0.00625	765072.1869987277	11328.160769257636
15778800	0.00375	629672.1475612051	0.0
15782400	0.0075	881516.2405569707	28153.19091180733
15786000	0.0125	898621.3219127215	40849.07248096025
15789600	0.01625	763221.2824751989	98546.01777311819
15793200	0.0175	765072.1869987277	101454.60744052792
15796800	0.01375	898621.3219127215	52675.82242108732
15800400	0.0125	763221.2824751989	180157.6830526734
15804000	0.0225	898621.3219127215	255731.7943803524
15807600	0.0225	898621.3219127215	220503.81236571044
15811200	0.0225	898621.3219127215	114649.89857937077
15814800	0.0225	870123.8143466152	0.0
15818400	0.0225	629672.1475612051	0.0
15822000	0.0225	629672.1475612051	0.0
15825600	0.0225	629672.1475612051	0.0
15829200	0.0225	629672.1475612051	0.0
15832800	0.0225	629672.1475612051	0.0
15836400	0.0225	629672.1475612051	0.0
15840000	0.0225	629672.1475612051	0.0
15843600	0.00875	975909.5435099867	4901.88869771523
15847200	0.00375	870123.8143466152	0.0
15850800	0.00375	735102.6441878341	0.0
15854400	0.0075	870123.8143466152	0.0
15858000	0.005	870123.8143466152	23410.170715883018
15861600	0.005	870123.8143466152	23410.170715883018
15865200	0.00375	870123.8143466152	23410.170715883018
15868800	0.015	1090390.8023611857	23410.170715883018
15872400	0.01375	861073.0521220451	61717.90048221695
15876000	0.01625	1090390.8023611857	35587.58346512039
15879600	0.0125	1090390.8023611857	75129.07112416715
15883200	0.015	870123.8143466152	38099.32159119241
15886800	0.0175	1090390.8023611857	270916.45277324546
15890400	0.0225	1090390.8023611857	337138.273027641
15894000	0.0225	629672.1475612051	195965.13469944458
15897600	0.0225	629672.1475612051	188360.36077245715
15901200	0.0225	629672.1475612051	0.0
15904800	0.0225	629672.1475612051	0.0
15908400	0.0225	629672.1475612051	0.0
15912000	0.0225	629672.1475612051	0.0
15915600	0.0225	629672.1475612051	0.0
15919200	0.0225	629672.1475612051	0.0
15922800	0.0225	629672.1475612051	0.0
15926400	0.0225	1016834.2488081905	0.0
15930000	0.005	1146812.204623997	0.0
15933600	0.005	1146812.204623997	0.0
15937200	0.0075	1146812.204623997	3459.166271745184
15940800	0.005	878477.8868086033	3459.166271745184
15944400	0.005	1146812.204623997	14097.207125679866
15948000	0.005	875381.8520873035	6918.332543490368
15951600	0.00625	1146812.204623997	5743.099665751599
15955200	0.00875	878477.8868086033	0.0
15958800	0.01125	878477.8868086033	9512.707247299257
15962400	0.01375	1016834.2488081905	30604.495991432406
15966000	0.0175	875381.8520873035	16691.581829488758
15969600	0.01625	875381.8520873035	23233.189038466266
15973200	0.0175	748499.9309927968	256183.6601527817
15976800	0.0225	1005359.80790311	333098.7097722462
15980400	0.0225	898006.4653765988	306274.7732915188
15984000	0.0225	1146812.204623997	362184.0640348072
15987600	0.0225	907233.9577825412	16239.79931752126
15991200	0.0225	629672.1475612051	0.0
15994800	0.0225	629672.1475612051	59751.67382720618
15998400	0.0225	629672.1475612051	39685.81321359216
16002000	0.0225	629672.1475612051	0.0
16005600	0.0225	629672.1475612051	0.0
16009200	0.0225	629672.1475612051	0.0
16012800	0.0225	1147914.2066197116	0.0
16016400	0.01	1019096.2058384637	26971.212329037426
16020000	0.00875	907233.9577825412	0.0
16023600	0.00625	907233.9577825412	26869.3369876282
16027200	0.005	629672.1475612051	3942.2499800423593
16030800	0.00375	629672.1475612051	3942.2499800423593
16034400	0.0075	907233.9577825412	3459.166271745184
16038000	0.01	907233.9577825412	0.0
16041600	0.0125	1147914.2066197116	12833.641631025599
16045200	0.015	1147914.2066197116	26068.20826028355
16048800	0.01375	999985.5389040783	29842.506982079856
16052400	0.01375	889463.0633327612	1599.8122886914603
16056000	0.01375	1018281.064114009	122664.72824530589
16059600	0.015	889463.0633327612	295797.4836554148
16063200	0.0225	1019096.2058384637	290225.7464085029
16066800	0.0225	870352.3963983755	267892.1134630126
16070400	0.0225	777600.8152768386	139792.78709058426
16074000	0.0225	892015.833851876	0.0
16077600	0.0225	629672.1475612051	4459.08013635867
16081200	0.0225	629672.1475612051	0.0
16084800	0.0225	629672.1475612051	0.0
16088400	0.0225	629672.1475612051	0.0
16092000	0.0225	629672.1475612051	0.0
16095600	0.0225	629672.1475612051	0.0
16099200	0.0225	1026693.2540356542	7552.107179505091
16102800	0.0075	913160.1270824014	62146.75427164671
16106400	0.00625	1175503.8133730723	10502.676293503671
16110000	0.00375	913160.1270824014	8614.6494986274
16113600	0.00375	778482.7068986231	1722.9298997254798
16117200	0.00375	913160.1270824014	0.0
16120800	0.005	913160.1270824014	5664.080384628818
16124400	0.005	1040826.393189294	0.0
16128000	0.0075	1175503.8133730723	17295.831358725918
16131600	0.0125	1056247.676620722	16358.466517871733
16135200	0.01875	1175503.8133730723	40241.70194522357
16138800	0.015	1175503.8133730723	29412.448136533312
16142400	0.01625	1175503.8133730723	27595.45613201991
16146000	0.01375	892015.833851876	241101.47070317215
16149600	0.0225	892015.833851876	423036.80299188197
16153200	0.0225	764349.5677449834	401805.51486152946
16156800	0.0225	913160.1270824014	157546.11408947242
16160400	0.0225	629672.1475612051	0.0
16164000	0.0225	629672.1475612051	0.0
16167600	0.0225	629672.1475612051	0.0
16171200	0.0225	629672.1475612051	0.0
16174800	0.0225	629672.1475612051	0.0
16178400	0.0225	629672.1475612051	0.0
16182000	0.0225	629672.1475612051	0.0
16185600	0.0225	765680.6976868766	0.0
16189200	0.00625	765680.6976868766	0.0
16192800	0.01	895889.484444997	0.0
16196400	0.01	895889.484444997	0.0
16200000	0.0075	895889.484444997	0.0
16203600	0.0075	1123549.97834005	0.0
16207200	0.0075	1123549.97834005	6918.332543490368
16210800	0.0025	765680.6976868766	0.0
16214400	0.005	629672.1475612051	2859.4350736672172
16218000	0.01	895889.484444997	0.0
16221600	0.01375	895889.484444997	55204.61250870276
16225200	0.01375	993341.1915819296	62762.18182316404
16228800	0.01375	740678.9179064084	50634.56246102437
16232400	0.01625	1123549.97834005	277243.1351571337
16236000	0.0225	1123549.97834005	320919.2843116312
16239600	0.0225	857332.641456258	88026.94561236416
16243200	0.0225	629672.1475612051	80520.94301555866
16246800	0.0225	629672.1475612051	0.0
16250400	0.0225	629672.1475612051	0.0
16254000	0.0225	629672.1475612051	0.0
16257600	0.0225	629672.1475612051	0.0
16261200	0.0225	629672.1475612051	0.0
16264800	0.0225	629672.1475612051	0.0
16268400	0.0225	629672.1475612051	0.0
16272000	0.0225	828597.8650330084	0.0
16275600	0.0075	730055.6520952445	0.0
16279200	0.0075	828597.8650330084	5664.080384628818
16282800	0.0075	1066780.2268518847	11388.87881022553
16286400	0.00625	1066780.2268518847	0.0
16290000	0.00375	1066780.2268518847	29566.874850317694
16293600	0.0075	867854.5093800814	0.0
16297200	0.01	867854.5093800814	14357.749164378998
16300800	0.01125	1066780.2268518847	15452.74017212312
16304400	0.0125	828597.8650330084	29566.874850317694
16308000	0.0125	828597.8650330084	29566.874850317694
16311600	0.01375	730055.6520952445	33509.12483036006
16315200	0.0125	730055.6520952445	49618.84885014816
16318800	0.01375	730055.6520952445	267712.23410344444
16322400	0.0225	730055.6520952445	282272.4984574166
16326000	0.0225	1066780.2268518847	211500.73738106515
16329600	0.0225	629672.1475612051	77650.79528192095
16333200	0.0225	629672.1475612051	0.0
16336800	0.0225	629672.1475612051	0.0
16340400	0.0225	629672.1475612051	0.0
16344000	0.0225	629672.1475612051	0.0
16347600	0.0225	629672.1475612051	0.0
16351200	0.0225	629672.1475612051	4901.88869771523
16354800	0.0225	629672.1475612051	0.0
16358400	0.0225	629672.1475612051	0.0
16362000	0.0075	756009.3528034745	12727.1747829817
16365600	0.00625	1152964.2929846412	4901.88869771523
16369200	0.00375	879379.58251011	0.0
16372800	0.00375	879379.58251011	0.0
16376400	0.00375	879379.58251011	1556.6248222853328
16380000	0.0025	879379.58251011	1556.6248222853328
16383600	0.0025	879379.58251011	0.0
16387200	0.005	879379.58251011	4901.88869771523
16390800	0.00875	756009.3528034745	0.0
16394400	0.01125	756009.3528034745	3776.0535897525456
16398000	0.01	756009.3528034745	16619.008556570865
16401600	0.0125	756009.3528034745	172304.25553694926
16405200	0.01125	1152964.2929846412	190594.26792701872
16408800	0.0225	1152964.2929846412	247246.39024604732
16412400	0.0225	1026627.0877423717	100657.22433122198
16416000	0.0225	903256.8580357365	69206.09170649205
16419600	0.0225	629672.1475612051	29566.874850317694
16423200	0.0225	629672.1475612051	19711.2499002118
16426800	0.0225	629672.1475612051	0.0
16430400	0.0225	629672.1475612051	0.0
16434000	0.0225	629672.1475612051	0.0
16437600	0.0225	629672.1475612051	30574.190406103462
16441200	0.0225	629672.1475612051	0.0
16444800	0.0225	1021060.7964079198	0.0
16448400	0.015	915867.384268807	11357.876554778599
16452000	0.0125	877924.1221419084	19720.874782687297
16455600	0.005	877924.1221419084	9440.133974381364
16459200	0.00375	629672.1475612051	28435.983431439017
16462800	0.00375	629672.1475612051	9440.133974381364
16466400	0.00625	629672.1475612051	0.0
16470000	0.00375	629672.1475612051	5664.080384628818
16473600	0.00875	629672.1475612051	9440.133974381364
16477200	0.01125	877924.1221419084	11147.700340896676
16480800	0.01125	915867.384268807	32454.65328845303
16484400	0.0125	772808.8218272168	14582.240657346158
16488000	0.01375	772808.8218272168	205328.57104029192
16491600	0.015	772808.8218272168	223324.35192825316
16495200	0.0225	772808.8218272168	435528.61890796997
16498800	0.0225	877924.1221419084	352164.9449993727
16502400	0.0225	877924.1221419084	210231.60884310593
16506000	0.0225	629672.1475612051	0.0
16509600	0.0225	629672.1475612051	0.0
16513200	0.0225	629672.1475612051	0.0
16516800	0.0225	629672.1475612051	0.0
16520400	0.0225	629672.1475612051	0.0
16524000	0.0225	629672.1475612051	0.0
16527600	0.0225	629672.1475612051	0.0
16531200	0.0225	751366.9562451805	0.0
16534800	0.01375	862006.7003045233	0.0
16538400	0.0075	1118107.5083245528	4901.88869771523
16542000	0.00625	740311.891620548	13377.24040907601
16545600	0.00625	871229.3334517917	0.0
16549200	0.0075	760589.5893924488	1292.1974247941098
16552800	0.0075	871229.3334517917	49463.721979587644
16556400	0.00875	1118107.5083245528	49018.886977152295
16560000	0.0075	876550.3224339662	0.0
16563600	0.015	1118107.5083245528	14818.986084972068
16567200	0.0175	992924.142135767	25196.484900207623
16570800	0.02125	1118107.5083245528	14818.986084972068
16574400	0.02	876550.3224339662	69045.29897500832
16578000	0.02	862006.7003045233	342270.2451077195
16581600	0.0225	740311.891620548	314858.84843019355
16585200	0.0225	876550.3224339662	380894.4646347195
16588800	0.0225	876550.3224339662	235161.99053023432
16592400	0.0225	629672.1475612051	0.0
16596000	0.0225	629672.1475612051	26308.572804516152
16599600	0.0225	629672.1475612051	6221.492233800122
16603200	0.0225	629672.1475612051	0.0
16606800	0.0225	629672.1475612051	0.0
16610400	0.0225	629672.1475612051	32096.455512896635
16614000	0.0225	629672.1475612051	5664.080384628818
16617600	0.0225	629672.1475612051	0.0
16621200	0.0125	873032.1695032527	9855.6249501059
16624800	0.01	873032.1695032527	3942.2499800423593
16628400	0.01125	1128153.9196897729	10163.74221384248
16632000	0.01	1128153.9196897729	19221.63749299314
16635600	0.00375	1128153.9196897729	0.0
16639200	0.0025	754604.4350902436	1556.6248222853328
16642800	0.0075	1128153.9196897729	0.0
16646400	0.0075	884793.8977477255	14492.010443165678
16650000	0.0075	754604.4350902436	3942.2499800423593
16653600	0.01375	997964.457032291	0.0
16657200	0.01625	995494.4003893826	0.0
16660800	0.0125	865304.9377319007	122231.99542050666
16664400	0.015	1128153.9196897729	233625.1265302119
16668000	0.0225	740372.6502028625	280566.9962933731
16671600	0.0225	884793.8977477255	272690.03307081584
16675200	0.0225	873032.1695032527	105079.00701190182
16678800	0.0225	629672.1475612051	0.0
16682400	0.0225	629672.1475612051	6127.360872144037
16686000	0.0225	629672.1475612051	0.0
16689600	0.0225	629672.1475612051	0.0
16693200	0.0225	629672.1475612051	0.0
16696800	0.0225	629672.1475612051	0.0
16700400	0.0225	629672.1475612051	0.0
16704000	0.0225	888279.0235295789	0.0
16707600	0.005	629672.1475612051	0.0
16711200	0.0075	629672.1475612051	0.0
16714800	0.0075	629672.1475612051	12112.064476234409
16718400	0.0075	629672.1475612051	13797.874930148258
16722000	0.005	840323.4200178094	13627.599625836318
16725600	0.00625	629672.1475612051	9855.6249501059
16729200	0.00625	629672.1475612051	31565.4268425729
16732800	0.01	629672.1475612051	14757.513647821128
16736400	0.01	888279.0235295789	14757.513647821128
16740000	0.01625	1098930.295986183	38627.71130215819
16743600	0.0175	999148.6287397421	86446.52921109073
16747200	0.015	868893.0357011831	259245.34562625267
16750800	0.01625	1098930.295986183	275755.4411386188
16754400	0.0225	629672.1475612051	363687.5200485385
16758000	0.0225	888279.0235295789	275240.78349977505
16761600	0.0225	629672.1475612051	35906.89803507499
16765200	0.0225	629672.1475612051	0.0
16768800	0.0225	890519.0710272044	0.0
16772400	0.0225	629672.1475612051	0.0
16776000	0.0225	629672.1475612051	0.0
16779600	0.0225	882625.1663806017	33726.871149515544
16783200	0.0225	629672.1475612051	0.0
16786800	0.0225	759429.6801523205	23706.509501011922
16790400	0.0225	629672.1475612051	44116.998279437066
16794000	0.00625	890519.0710272044	3267.9257984768196
16797600	0.00875	755507.3577097892	28773.375303752495
16801200	0.00625	890519.0710272044	17625.674962855817
16804800	0.00625	629672.1475612051	0.0
16808400	0.00625	629672.1475612051	0.0
16812000	0.0075	629672.1475612051	3942.2499800423593
16815600	0.00625	629672.1475612051	0.0
16819200	0.01	629672.1475612051	12833.641631025599
16822800	0.01125	629672.1475612051	4901.88869771523
16826400	0.01625	759429.6801523205	4901.88869771523
16830000	0.015	759429.6801523205	9803.77739543046
16833600	0.00875	759429.6801523205	147704.25954649967
16837200	0.0125	759429.6801523205	220093.7452940367
16840800	0.0225	759429.6801523205	346636.30785440677
16844400	0.0225	1008460.3765291858	401521.1495280985
16848000	0.0225	882625.1663806017	246283.17396752592
16851600	0.0225	895565.0527346923	0.0
16855200	0.0225	629672.1475612051	0.0
16858800	0.0225	629672.1475612051	0.0
16862400	0.0225	629672.1475612051	0.0
16866000	0.0225	629672.1475612051	8891.39165098324
16869600	0.0225	629672.1475612051	111393.58089770009
16873200	0.0225	629672.1475612051	0.0
16876800	0.0225	629672.1475612051	0.0
16880400	0.00875	894066.3967220206	0.0
16884000	0.0125	1159959.3018955078	22630.007157494787
16887600	0.0125	1159959.3018955078	10665.415257943068
16891200	0.01125	1159959.3018955078	3267.9257984768196
16894800	0.00875	1159959.3018955078	3267.9257984768196
16898400	0.00875	1159959.3018955078	0.0
16902000	0.01375	1159959.3018955078	5743.099665751599
16905600	0.0125	1159959.3018955078	5743.099665751599
16909200	0.0175	1040203.551562456	19540.974595899857
16912800	0.02125	1159959.3018955078	32138.47647409044
16916400	0.02125	1015320.8030677442	34705.74999633345
16920000	0.02	1015320.8030677442	281642.8790517016
16923600	0.02	1015320.8030677442	358427.67941198684
16927200	0.0225	895565.0527346923	472945.33778376697
16930800	0.0225	749427.897894257	480003.1129726625
16934400	0.0225	629672.1475612051	246270.62731560005
16938000	0.0225	878324.1099337868	0.0
16941600	0.0225	629672.1475612051	0.0
16945200	0.0225	629672.1475612051	0.0
16948800	0.0225	885727.849739931	48816.347158888595
16952400	0.0225	629672.1475612051	0.0
16956000	0.0225	629672.1475612051	0.0
16959600	0.0225	878324.1099337868	0.0
16963200	0.0225	906484.5031349284	8614.6494986274
16966800	0.00875	765582.9188663207	10815.263667778769
16970400	0.01125	993478.2278439051	14357.749164378998
16974000	0.0075	1134379.8121125128	14357.749164378998
16977600	0.00875	1134379.8121125128	14357.749164378998
16981200	0.0075	1019225.6942023945	22972.398663006396
16984800	0.0075	1134379.8121125128	27201.56080071036
16988400	0.00875	885727.849739931	21401.728552608365
16992000	0.01375	885727.849739931	0.0
16995600	0.01625	770573.7318298128	13516.53819634263
16999200	0.0175	1134379.8121125128	21686.352692534678
17002800	0.01625	1134379.8121125128	291590.5251847935
17006400	0.01625	1019225.6942023945	334155.47149545036
17010000	0.02	1134379.8121125128	394257.68785185576
17013600	0.0225	880737.036776439	309800.416821372
17017200	0.0225	744826.2654713234	401810.08127988555
17020800	0.0225	885727.849739931	239258.38336677334
17024400	0.0225	629672.1475612051	11147.700340896676
17028000	0.0225	629672.1475612051	0.0
17031600	0.0225	629672.1475612051	0.0
17035200	0.0225	629672.1475612051	0.0
17038800	0.0225	629672.1475612051	0.0
17042400	0.0225	738521.690782679	11916.931806434568
17046000	0.0225	844232.952889774	0.0
17049600	0.0225	770936.5276075688	5913.374970063539
17053200	0.01	1022647.3359190819	11826.749940127078
17056800	0.01	913797.792697608	6918.332543490368
17060400	0.015	1128358.598026177	19268.890466218792
17064000	0.0125	844232.952889774	14818.986084972068
17067600	0.01	844232.952889774	0.0
17071200	0.00625	738521.690782679	7178.874582189499
17074800	0.00875	844232.952889774	0.0
17078400	0.01	844232.952889774	0.0
17082000	0.00875	738521.690782679	30151.2732451959
17085600	0.015	844232.952889774	14289.15142081821
17089200	0.02	1128358.598026177	83617.15057955838
17092800	0.01875	913797.792697608	294588.7510109711
17096400	0.01875	985497.3329361374	307841.9165041734
17100000	0.0225	985497.3329361374	347736.25532272615
17103600	0.0225	913797.792697608	317035.7613775071
17107200	0.0225	629672.1475612051	226258.06251381405
17110800	0.0225	852740.1195458113	3459.166271745184
17114400	0.0225	629672.1475612051	0.0
17118000	0.0225	629672.1475612051	0.0
17121600	0.0225	629672.1475612051	0.0
17125200	0.0225	629672.1475612051	0.0
17128800	0.0225	629672.1475612051	0.0
17132400	0.0225	629672.1475612051	0.0
17136000	0.0225	878632.8313731004	0.0
17139600	0.01125	1113940.996252975	72657.69681081356
17143200	0.00625	747551.1416879538	36968.29110210524
17146800	0.00625	1113940.996252975	0.0
17150400	0.0075	1113940.996252975	0.0
17154000	0.01	852740.1195458113	21737.318628462435
17157600	0.00375	852740.1195458113	46922.50376752025
17161200	0.005	890873.0242683687	0.0
17164800	0.00625	890873.0242683687	0.0
17168400	0.005	629672.1475612051	0.0
17172000	0.00375	629672.1475612051	8169.814496192049
17175600	0.0075	760753.8372463516	7178.874582189499
17179200	0.015	1008752.0183951175	7178.874582189499
17182800	0.01125	1113940.996252975	279490.3273270616
17186400	0.0225	1113940.996252975	270540.6997849514
17190000	0.0225	1113940.996252975	215223.9245078704
17193600	0.0225	890873.0242683687	92770.75358832117
17197200	0.0225	629672.1475612051	0.0
17200800	0.0225	629672.1475612051	21682.374890232975
17204400	0.0225	629672.1475612051	0.0
17208000	0.0225	629672.1475612051	0.0
17211600	0.0225	629672.1475612051	0.0
17215200	0.0225	629672.1475612051	75576.82903335754
17218800	0.0225	629672.1475612051	0.0
17222400	0.0225	1020892.4332798452	3459.166271745184
17226000	0.00875	1154584.6802125184	3459.166271745184
17229600	0.0075	1154584.6802125184	13977.138833153984
17233200	0.00875	899465.1620864966	19583.575530660408
17236800	0.0075	1154584.6802125184	14357.749164378998
17240400	0.0075	1020892.4332798452	17229.2989972548
17244000	0.01	1154584.6802125184	3851.9275724188456
17247600	0.00875	1154584.6802125184	16248.79024195181
17251200	0.0075	1154584.6802125184	2871.5498328757994
17254800	0.0125	899465.1620864966	13536.965090818867
17258400	0.01375	1154584.6802125184	94390.78517130855
17262000	0.0175	1154584.6802125184	55843.81158627891
17265600	0.01875	1154584.6802125184	142560.69638932124
17269200	0.02	1154584.6802125184	445364.1287335738
17272800	0.0225	1154584.6802125184	396002.45280459465
17276400	0.0225	884791.6656872272	519046.62147140596
17280000	0.0225	765772.9151538231	289697.4299845905
17283600	0.0225	897796.3436020208	0.0
17287200	0.0225	629672.1475612051	0.0
17290800	0.0225	629672.1475612051	0.0
17294400	0.0225	629672.1475612051	0.0
17298000	0.0225	629672.1475612051	23410.170715883018
17301600	0.0225	629672.1475612051	13377.24040907601
17305200	0.0225	776810.7359445696	47800.85018706902
17308800	0.0225	1025163.1977664742	42153.613034153226
17312400	0.00875	1026668.0831976396	40645.53923095983
17316000	0.005	758543.8871568239	0.0
17319600	0.00375	878024.6093831097	0.0
17323200	0.005	878024.6093831097	0.0
17326800	0.00625	878024.6093831097	0.0
17330400	0.00875	878024.6093831097	20969.86451383495
17334000	0.015	1025163.1977664742	20005.63121471229
17337600	0.015	1146148.8054239254	6918.332543490368
17341200	0.015	1025163.1977664742	32683.261758249784
17344800	0.01625	1026668.0831976396	23402.332194220588
17348400	0.01625	1146148.8054239254	41560.5052373291
17352000	0.01625	1025163.1977664742	76819.67076218358
17355600	0.0125	1017277.0658283066	225442.58863300903
17359200	0.0225	1026668.0831976396	234182.07898881665
17362800	0.0225	1026668.0831976396	256228.73774518198
17366400	0.0225	1146148.8054239254	116071.02560892445
17370000	0.0225	629672.1475612051	0.0
17373600	0.0225	629672.1475612051	40800.58324768183
17377200	0.0225	629672.1475612051	0.0
17380800	0.0225	629672.1475612051	0.0
17384400	0.0225	629672.1475612051	0.0
17388000	0.0225	629672.1475612051	0.0
17391600	0.0225	629672.1475612051	0.0
17395200	0.0225	629672.1475612051	0.0
17398800	0.01125	881756.1108269356	0.0
17402400	0.01375	1001200.5431102782	22718.80413383941
17406000	0.01125	1019537.3244275106	5913.374970063539
17409600	0.005	885020.7374036158	0.0
17413200	0.00625	885020.7374036158	2133.0830515886137
17416800	0.0075	885020.7374036158	5913.374970063539
17420400	0.00875	881756.1108269356	0.0
17424000	0.00875	881756.1108269356	5913.374970063539
17427600	0.01625	747239.5238030409	2871.5498328757994
17431200	0.01875	883633.1668684424	4901.88869771523
17434800	0.0175	883633.1668684424	22387.875807756467
17438400	0.015	1019537.3244275106	171960.22001127817
17442000	0.01625	764188.7345850999	288592.45489926514
17445600	0.0225	749116.5798445477	420770.7979363069
17449200	0.0225	764188.7345850999	331901.5257048588
17452800	0.0225	764188.7345850999	185235.52819447216
17456400	0.0225	629672.1475612051	0.0
17460000	0.0225	629672.1475612051	0.0
17463600	0.0225	629672.1475612051	0.0
17467200	0.0225	629672.1475612051	0.0
17470800	0.0225	629672.1475612051	0.0
17474400	0.0225	629672.1475612051	5664.080384628818
17478000	0.0225	629672.1475612051	0.0
17481600	0.0225	629672.1475612051	0.0
17485200	0.01	629672.1475612051	3942.2499800423593
17488800	0.01375	880757.5697036777	10836.002689648945
17492400	0.01375	880757.5697036777	4922.627719585405
17496000	0.01125	880757.5697036777	19201.35760284162
17499600	0.01	1125587.3667927845	15259.107622799263
17503200	0.00875	880757.5697036777	10665.415257943068
17506800	0.0075	880757.5697036777	36973.98806245922
17510400	0.01	748270.6057200783	33637.81392094946
17514000	0.01375	748270.6057200783	25023.164422322065
17517600	0.01375	762159.1115448044	15490.565241304761
17521200	0.01875	1125587.3667927845	34729.236561207785
17524800	0.01875	872095.6763044519	23990.090119610843
17528400	0.01625	872095.6763044519	172095.417845445
17532000	0.0225	993100.4028091852	278038.8423299709
17535600	0.0225	872095.6763044519	245326.95468875914
17539200	0.0225	753497.2181455786	69740.64983395126
17542800	0.0225	896209.3786151623	0.0
17546400	0.0225	629672.1475612051	0.0
17550000	0.0225	629672.1475612051	0.0
17553600	0.0225	629672.1475612051	0.0
17557200	0.0225	629672.1475612051	0.0
17560800	0.0225	629672.1475612051	18790.573341241714
17564400	0.0225	629672.1475612051	34083.66799543575
17568000	0.0225	1042102.0247614139	14818.986084972068
17571600	0.01125	1023314.7751217305	32226.991483393038
17575200	0.005	1164818.9651304574	39640.24611957908
17578800	0.00375	896209.3786151623	10377.498815235553
17582400	0.0025	896209.3786151623	20295.572952566377
17586000	0.00625	898281.7340765004	0.0
17589600	0.005	629672.1475612051	8918.16027271734
17593200	0.005	629672.1475612051	0.0
17596800	0.00375	629672.1475612051	0.0
17600400	0.01375	896209.3786151623	7096.049964076247
17604000	0.0175	773492.4382461188	0.0
17607600	0.01625	1042102.0247614139	17153.668233973127
17611200	0.01375	756777.5440677735	49437.719752420555
17614800	0.015	1164818.9651304574	255093.21091538446
17618400	0.0225	1023314.7751217305	354813.6670892689
17622000	0.0225	629672.1475612051	145252.72008268314
17625600	0.0225	629672.1475612051	196493.6687537646
17629200	0.0225	629672.1475612051	0.0
17632800	0.0225	629672.1475612051	0.0
17636400	0.0225	629672.1475612051	0.0
17640000	0.0225	629672.1475612051	0.0
17643600	0.0225	629672.1475612051	0.0
17647200	0.0225	629672.1475612051	0.0
17650800	0.0225	738121.7718293704	0.0
17654400	0.0225	869962.1022254988	0.0
17658000	0.005	752499.9519743051	7896.762040408449
17661600	0.005	738121.7718293704	0.0
17665200	0.00875	869962.1022254988	0.0
17668800	0.0075	869962.1022254988	0.0
17672400	0.01125	869962.1022254988	0.0
17676000	0.00875	629672.1475612051	5664.080384628818
17679600	0.0075	869962.1022254988	0.0
17683200	0.00875	869962.1022254988	0.0
17686800	0.01	869962.1022254988	20599.878249759397
17690400	0.01375	968033.0102897342	25209.034058016434
17694000	0.0175	752499.9519743051	30618.979119611846
17697600	0.015	992789.9066385988	70623.11747890139
17701200	0.01375	992789.9066385988	245860.36175340318
17704800	0.0225	752499.9519743051	371034.2584399125
17708400	0.0225	736755.5816084691	211682.15741316805
17712000	0.0225	859583.3860215691	226954.73304040625
17715600	0.0225	629672.1475612051	0.0
17719200	0.0225	629672.1475612051	66343.55537611395
17722800	0.0225	629672.1475612051	0.0
17726400	0.0225	629672.1475612051	0.0
17730000	0.0225	629672.1475612051	0.0
17733600	0.0225	629672.1475612051	0.0
17737200	0.0225	629672.1475612051	0.0
17740800	0.0225	629672.1475612051	13377.24040907601
17744400	0.005	859822.9612372289	22282.338209925343
17748000	0.00875	629672.1475612051	0.0
17751600	0.01125	859822.9612372289	13071.703193907279
17755200	0.00875	859822.9612372289	7577.336779530431
17758800	0.005	859822.9612372289	2675.448081815202
17762400	0.00375	859822.9612372289	8891.39165098324
17766000	0.0025	859822.9612372289	8891.39165098324
17769600	0.00375	859822.9612372289	32601.769386938548
17773200	0.00875	859822.9612372289	34087.87655119086
17776800	0.0125	629672.1475612051	0.0
17780400	0.0125	883133.7601019752	0.0
17784000	0.01	883133.7601019752	12708.059772858183
17787600	0.01625	1003514.07165569	99194.39309737689
17791200	0.0225	886872.281962153	254211.4109158051
17794800	0.0225	1003514.07165569	412941.06589801004
17798400	0.0225	859822.9612372289	174149.27200690328
17802000	0.0225	629672.1475612051	0.0
17805600	0.0225	629672.1475612051	0.0
17809200	0.0225	629672.1475612051	0.0
17812800	0.0225	629672.1475612051	0.0
17816400	0.0225	629672.1475612051	0.0
17820000	0.0225	629672.1475612051	0.0
17823600	0.0225	629672.1475612051	0.0
17827200	0.0225	857828.2294360115	0.0
17830800	0.005	838028.3823449458	5913.374970063539
17834400	0.00875	629672.1475612051	3267.9257984768196
17838000	0.0075	838028.3823449458	7046.191046989303
17841600	0.0025	971873.7159487056	3304.046891033477
17845200	0.005	629672.1475612051	0.0
17848800	0.005	629672.1475612051	0.0
17852400	0.0025	629672.1475612051	0.0
17856000	0.00125	629672.1475612051	0.0
17859600	0.00625	629672.1475612051	16578.79022800661
17863200	0.0075	629672.1475612051	0.0
17866800	0.01375	838028.3823449458	33547.84233045991
17870400	0.01625	857828.2294360115	46160.75185270654
17874000	0.01625	891799.6892389909	226336.50820990303
17877600	0.0225	1100155.9240227314	184291.20957537135
17881200	0.0225	857828.2294360115	395729.62265877915
17884800	0.0225	629672.1475612051	193354.12354009913
17888400	0.0225	878140.5810026028	0.0
17892000	0.0225	629672.1475612051	83073.178974556
17895600	0.0225	629672.1475612051	0.0
17899200	0.0225	629672.1475612051	0.0
17902800	0.0225	629672.1475612051	0.0
17906400	0.0225	629672.1475612051	0.0
17910000	0.0225	629672.1475612051	13331.769072428835
17913600	0.0225	878140.5810026028	25966.686425868742
17917200	0.0125	760722.3446307967	30541.599481777583
17920800	0.00875	629672.1475612051	36205.6798664064
17924400	0.00625	629672.1475612051	19393.89914088091
17928000	0.0075	629672.1475612051	49226.277195854054
17931600	0.01	1154590.742221006	29566.874850317694
17935200	0.01125	1154590.742221006	51996.772821856925
17938800	0.01375	1154590.742221006	58915.10536534729
17942400	0.01375	1154590.742221006	99764.17784630753
17946000	0.01375	1154590.742221006	26715.004296554973
17949600	0.015	1037172.5058491998	48694.58442177858
17953200	0.01375	1037172.5058491998	199539.53749651212
17956800	0.01375	878140.5810026028	248486.403504384
17960400	0.0175	760722.3446307967	306358.8292040706
17964000	0.0225	760722.3446307967	397920.59963885526
17967600	0.0225	629672.1475612051	349056.33727699873
17971200	0.0225	787109.4373537654	27907.429004231555
17974800	0.0225	928188.3723424978	0.0
17978400	0.0225	629672.1475612051	8891.39165098324
17982000	0.0225	629672.1475612051	0.0
17985600	0.0225	629672.1475612051	0.0
17989200	0.0225	629672.1475612051	7884.499960084719
17992800	0.0225	629672.1475612051	0.0
17996400	0.0225	747547.568770675	0.0
18000000	0.0225	747547.568770675	0.0
18003600	0.01	928188.3723424978	0.0
18007200	0.01125	928188.3723424978	0.0
18010800	0.01	878045.2592518157	0.0
18014400	0.0125	878045.2592518157	5927.5944339888265
18018000	0.01125	1176561.4840331085	16290.873785299093
18021600	0.0125	1022195.4985410515	15312.43365194988
18025200	0.01375	891697.8080599105	6067.750913640091
18028800	0.01875	1176561.4840331085	24952.99940274807
18032400	0.01625	1022195.4985410515	37470.63246738383
18036000	0.0175	1032411.2447438727	9747.465575553162
18039600	0.0175	891697.8080599105	63915.920656630275
18043200	0.02	1046063.7935519675	192322.87950500587
18046800	0.0175	1022195.4985410515	420286.33469441964
18050400	0.0225	878045.2592518157	389176.0218783866
18054000	0.0225	878045.2592518157	194960.88117017457
18057600	0.0225	629672.1475612051	70707.22887237518
18061200	0.0225	629672.1475612051	0.0
18064800	0.0225	629672.1475612051	0.0
18068400	0.0225	629672.1475612051	0.0
18072000	0.0225	629672.1475612051	0.0
18075600	0.0225	629672.1475612051	0.0
18079200	0.0225	629672.1475612051	0.0
18082800	0.0225	850723.084007351	27673.330173961473
18086400	0.0225	971364.4095390167	13139.82477729049
18090000	0.015	1096873.5029383174	12582.412928119185
18093600	0.01375	750313.4730928708	23233.414323079836
18097200	0.01125	875822.5664921717	0.0
18100800	0.01	875822.5664921717	0.0
18104400	0.00875	976232.1774066517	9803.77739543046
18108000	0.01	1096873.5029383174	4901.88869771523
18111600	0.00625	1096873.5029383174	0.0
18115200	0.01	1096873.5029383174	21991.889907703408
18118800	0.01375	1096873.5029383174	0.0
18122400	0.015	1096873.5029383174	18732.764730057395
18126000	0.0175	982272.8405650863	129152.53565056063
18129600	0.01625	875822.5664921717	222126.11357301578
18133200	0.015	982272.8405650863	281510.26412613207
18136800	0.0225	736122.4216341197	266710.9784979781
18140400	0.0225	629672.1475612051	200252.91324834456
18144000	0.0225	629672.1475612051	170900.43804647826
18147600	0.0225	629672.1475612051	0.0
18151200	0.0225	629672.1475612051	0.0
18154800	0.0225	629672.1475612051	0.0
18158400	0.0225	629672.1475612051	0.0
18162000	0.0225	629672.1475612051	0.0
18165600	0.0225	629672.1475612051	16951.674914182146
18169200	0.0225	629672.1475612051	0.0
18172800	0.0225	629672.1475612051	0.0
18176400	0.01	992944.6992973678	0.0
18180000	0.0125	1131377.6510593994	10665.415257943068
18183600	0.01375	1131377.6510593994	36245.573819504294
18187200	0.0125	1131377.6510593994	9512.707247299257
18190800	0.0125	992944.6992973678	58321.794434138676
18194400	0.0125	1019202.1002803904	16715.32370893477
18198000	0.00625	1131377.6510593994	25910.480857353316
18201600	0.00625	1131377.6510593994	17878.936951726944
18205200	0.00625	629672.1475612051	15130.796831160555
18208800	0.0125	900752.7412133319	3304.046891033477
18212400	0.01875	1019202.1002803904	16375.750084940755
18216000	0.01625	748121.5066282635	43264.92255573665
18219600	0.0175	1131377.6510593994	239356.1060427506
18223200	0.0225	748121.5066282635	314757.1982955399
18226800	0.0225	992944.6992973678	410003.080874332
18230400	0.0225	860297.0574072725	266474.34527101176
18234000	0.0225	629672.1475612051	0.0
18237600	0.0225	629672.1475612051	58528.83064116445
18241200	0.0225	629672.1475612051	0.0
18244800	0.0225	629672.1475612051	0.0
18248400	0.0225	629672.1475612051	0.0
18252000	0.0225	629672.1475612051	0.0
18255600	0.0225	629672.1475612051	0.0
18259200	0.0225	742910.9439660846	0.0
18262800	0.00875	1130979.0466523957	0.0
18266400	0.0075	1130979.0466523957	1633.9628992384098
18270000	0.00625	1130979.0466523957	1633.9628992384098
18273600	0.005	878220.169124783	1633.9628992384098
18277200	0.005	629672.1475612051	12526.72456143014
18280800	0.00625	629672.1475612051	0.0
18284400	0.00875	629672.1475612051	0.0
18288000	0.00875	629672.1475612051	8891.39165098324
18291600	0.01125	629672.1475612051	15688.288112537823
18295200	0.01625	878220.169124783	735.2833046572844
18298800	0.01875	996614.4976743078	9855.6249501059
18302400	0.0175	629672.1475612051	224168.27180562943
18306000	0.0175	1130979.0466523957	299966.5199866479
18309600	0.0225	882431.0250888178	394249.920144251
18313200	0.0225	1130979.0466523957	280466.5158800133
18316800	0.0225	743855.6201466951	182634.2038505184
18320400	0.0225	629672.1475612051	5664.080384628818
18324000	0.0225	629672.1475612051	34691.79982437276
18327600	0.0225	629672.1475612051	0.0
18331200	0.0225	629672.1475612051	0.0
18334800	0.0225	629672.1475612051	14220.553677257423
18338400	0.0225	629672.1475612051	41772.87642694368
18342000	0.0225	853104.0797708456	5927.5944339888265
18345600	0.0225	989299.4774483237	7818.599428798709
18349200	0.01375	629672.1475612051	35230.95523494651
18352800	0.0125	1135896.8758422965	31364.3894014198
18356400	0.0125	1135896.8758422965	29246.117251591346
18360000	0.01125	853104.0797708456	14064.148472365907
18363600	0.01125	853104.0797708456	26812.38468543056
18367200	0.00875	1135896.8758422965	20608.04809908589
18370800	0.01	853104.0797708456	6918.332543490368
18374400	0.0125	853104.0797708456	35480.249820381236
18378000	0.0125	1135896.8758422965	0.0
18381600	0.01125	1135896.8758422965	26318.760383292756
18385200	0.01375	1135896.8758422965	0.0
18388800	0.015	629672.1475612051	151433.45140486024
18392400	0.01625	765867.5452386832	309040.01320340304
18396000	0.0225	853104.0797708456	285001.8944275009
18399600	0.0225	853104.0797708456	205110.99085709837
18403200	0.0225	629672.1475612051	156364.94676275252
18406800	0.0225	629672.1475612051	0.0
18410400	0.0225	629672.1475612051	0.0
18414000	0.0225	629672.1475612051	0.0
18417600	0.0225	629672.1475612051	0.0
18421200	0.0225	629672.1475612051	23033.926897490528
18424800	0.0225	629672.1475612051	0.0
18428400	0.0225	629672.1475612051	0.0
18432000	0.0225	629672.1475612051	0.0
18435600	0.00875	912757.5065774426	11147.700340896676
18439200	0.005	889311.9718122552	11147.700340896676
18442800	0.00375	889311.9718122552	5124.924974055068
18446400	0.0	889311.9718122552	0.0
18450000	0.0025	629672.1475612051	0.0
18453600	0.00625	629672.1475612051	11147.700340896676
18457200	0.005	629672.1475612051	0.0
18460800	0.0075	912757.5065774426	0.0
18464400	0.01125	1172397.3308284925	5664.080384628818
18468000	0.01125	756959.2440614281	735.2833046572844
18471600	0.015	889311.9718122552	27489.764122809305
18475200	0.0125	629672.1475612051	321192.7037080891
18478800	0.01375	629672.1475612051	402366.90271351056
18482400	0.0225	629672.1475612051	262184.7607105827
18486000	0.0225	629672.1475612051	167620.6828324733
18489600	0.0225	889311.9718122552	177336.46992425813
18493200	0.0225	629672.1475612051	5664.080384628818
18496800	0.0225	629672.1475612051	0.0
18500400	0.0225	629672.1475612051	0.0
18504000	0.0225	629672.1475612051	0.0
18507600	0.0225	629672.1475612051	0.0
18511200	0.0225	744317.7656145096	19821.136446475062
18514800	0.0225	629672.1475612051	0.0
18518400	0.0225	744317.7656145096	0.0
18522000	0.01	629672.1475612051	0.0
18525600	0.00875	1093821.935194108	26584.263587948204
18529200	0.01	853232.0396901073	15183.233640132963
18532800	0.01	853232.0396901073	29261.270420856425
18536400	0.0125	853232.0396901073	37092.76169037903
18540000	0.00875	744317.7656145096	29195.635450600697
18543600	0.00625	738586.4216368028	7110.276838628712
18547200	0.0075	853232.0396901073	0.0
18550800	0.01125	853232.0396901073	11147.700340896676
18554400	0.0175	744317.7656145096	0.0
18558000	0.0175	853232.0396901073	7178.874582189499
18561600	0.01875	873515.5595296535	42985.789532032584
18565200	0.02	873515.5595296535	220096.40224866848
18568800	0.0225	873515.5595296535	283871.11945830885
18572400	0.0225	984907.6611185102	448354.4702244216
18576000	0.0225	873515.5595296535	377774.7814791791
18579600	0.0225	629672.1475612051	0.0
18583200	0.0225	892688.8472540877	0.0
18586800	0.0225	629672.1475612051	0.0
18590400	0.0225	629672.1475612051	0.0
18594000	0.0225	629672.1475612051	0.0
18597600	0.0225	629672.1475612051	0.0
18601200	0.0225	763063.0820493076	0.0
18604800	0.0225	629672.1475612051	0.0
18608400	0.00875	882058.8037974383	0.0
18612000	0.01125	882058.8037974383	13377.24040907601
18615600	0.01	882058.8037974383	13536.965090818867
18619200	0.00625	882058.8037974383	28355.951175790935
18622800	0.00875	882058.8037974383	19280.064756570468
18626400	0.00875	882058.8037974383	21330.830515886137
18630000	0.0075	882058.8037974383	0.0
18633600	0.0075	763063.0820493076	0.0
18637200	0.01625	763063.0820493076	0.0
18640800	0.01625	763063.0820493076	6127.360872144037
18644400	0.01375	763063.0820493076	32544.942324072137
18648000	0.01125	629672.1475612051	25417.976251283588
18651600	0.0125	758894.139419527	229204.4164820009
18655200	0.0225	763466.855395766	344768.7756700046
18658800	0.0225	763466.855395766	259089.7093275268
18662400	0.0225	763466.855395766	133878.15473828005
18666000	0.0225	629672.1475612051	0.0
18669600	0.0225	629672.1475612051	0.0
18673200	0.0225	629672.1475612051	0.0
18676800	0.0225	629672.1475612051	0.0
18680400	0.0225	629672.1475612051	41493.16103792179
18684000	0.0225	629672.1475612051	0.0
18687600	0.0225	629672.1475612051	54926.8885784068
18691200	0.0225	629672.1475612051	0.0
18694800	0.0075	629672.1475612051	0.0
18698400	0.00625	874792.3319191693	53327.07628971534
18702000	0.01125	1129696.9473188326	0.0
18705600	0.0125	1129696.9473188326	8462.456465492782
18709200	0.015	1129696.9473188326	14264.07094383855
18712800	0.01	884576.7629608684	1132.8160769257636
18716400	0.01	629672.1475612051	0.0
18720000	0.0125	629672.1475612051	76803.11190860567
18723600	0.015	629672.1475612051	59240.45125977888
18727200	0.0175	629672.1475612051	20270.993118682596
18730800	0.01625	874792.3319191693	29535.28057178214
18734400	0.01625	766632.2496480872	66454.95064026763
18738000	0.01	874792.3319191693	193572.12824567102
18741600	0.0225	874792.3319191693	260190.9098240418
18745200	0.0225	766632.2496480872	293709.865215701
18748800	0.0225	874792.3319191693	206862.17797094918
18752400	0.0225	629672.1475612051	5913.374970063539
18756000	0.0225	629672.1475612051	11826.749940127078
18759600	0.0225	629672.1475612051	0.0
18763200	0.0225	629672.1475612051	0.0
18766800	0.0225	629672.1475612051	0.0
18770400	0.0225	629672.1475612051	0.0
18774000	0.0225	629672.1475612051	41493.16103792179
18777600	0.0225	768921.0004476667	43970.006311675636
18781200	0.01375	766733.4374950698	14555.472035612058
18784800	0.01	886251.8746179452	30843.128626085498
18788400	0.01125	766733.4374950698	31119.870778441342
18792000	0.00875	886251.8746179452	0.0
18795600	0.00625	886251.8746179452	5913.374970063539
18799200	0.005	766733.4374950698	4901.88869771523
18802800	0.01	879070.4947431684	0.0
18806400	0.01	879070.4947431684	0.0
18810000	0.00875	1135650.2217999084	29213.73322528372
18813600	0.01375	629672.1475612051	0.0
18817200	0.01625	629672.1475612051	4901.88869771523
18820800	0.0175	1016131.7846770331	107837.94213404832
18824400	0.0175	1135650.2217999084	249215.07864616276
18828000	0.0225	886251.8746179452	362794.22477845487
18831600	0.0225	886251.8746179452	279967.46804167243
18835200	0.0225	886251.8746179452	119576.23151524426
18838800	0.0225	895564.0231217514	8614.6494986274
18842400	0.0225	629672.1475612051	41692.39927495357
18846000	0.0225	629672.1475612051	0.0
18849600	0.0225	629672.1475612051	0.0
18853200	0.0225	629672.1475612051	0.0
18856800	0.0225	895564.0231217514	18952.22889698028
18860400	0.0225	895564.0231217514	67817.64342827596
18864000	0.0225	770548.5934703711	53178.71750196183
18867600	0.0025	891685.7408074939	0.0
18871200	0.00375	629672.1475612051	0.0
18874800	0.00375	629672.1475612051	8891.39165098324
18878400	0.00625	629672.1475612051	0.0
18882000	0.01	629672.1475612051	18523.732606215086
18885600	0.005	877184.6784352213	22988.800581164116
18889200	0.00625	1143076.5539957674	0.0
18892800	0.00375	877184.6784352213	0.0
18896400	0.00625	877184.6784352213	0.0
18900000	0.01125	1002200.1080866014	10377.498815235553
18903600	0.015	891685.7408074939	11669.696240029662
18907200	0.01375	1018061.1243443871	133188.73604218665
18910800	0.01375	1143076.5539957674	175978.49738104962
18914400	0.0225	1016701.1704588742	286102.10673126025
18918000	0.0225	1016701.1704588742	276537.32417662535
18921600	0.0225	877184.6784352213	151420.58011652585
18925200	0.0225	629672.1475612051	0.0
18928800	0.0225	629672.1475612051	0.0
18932400	0.0225	629672.1475612051	0.0
18936000	0.0225	629672.1475612051	0.0
18939600	0.0225	629672.1475612051	0.0
18943200	0.0225	629672.1475612051	0.0
18946800	0.0225	629672.1475612051	0.0
18950400	0.0225	629672.1475612051	0.0
18954000	0.01	1020594.0955949374	24229.518554905284
18957600	0.00625	887486.4745836833	6918.332543490368
18961200	0.005	887486.4745836833	8891.39165098324
18964800	0.005	1043324.4997424679	0.0
18968400	0.005	1179487.8786408624	0.0
18972000	0.01	1043324.4997424679	1556.6248222853328
18975600	0.01	1179487.8786408624	1556.6248222853328
18979200	0.01	1179487.8786408624	1556.6248222853328
18982800	0.01375	1179487.8786408624	14357.749164378998
18986400	0.01625	1179487.8786408624	18299.99914442136
18990000	0.01375	884430.7166965429	7884.499960084719
18993600	0.01375	1043324.4997424679	147668.34625789657
18997200	0.01625	1020594.0955949374	260179.88058038923
19000800	0.0225	751323.0956852888	381780.05462947814
19004400	0.0225	629672.1475612051	471228.2524696671
19008000	0.0225	1043324.4997424679	135470.67140274195
19011600	0.0225	629672.1475612051	9512.707247299257
19015200	0.0225	735338.3973098677	48428.32780443258
19018800	0.0225	629672.1475612051	0.0
19022400	0.0225	629672.1475612051	0.0
19026000	0.0225	629672.1475612051	0.0
19029600	0.0225	629672.1475612051	0.0
19033200	0.0225	629672.1475612051	0.0
19036800	0.0225	629672.1475612051	17775.69209657178
19040400	0.00625	629672.1475612051	17775.69209657178
19044000	0.00625	870933.2373584334	17775.69209657178
19047600	0.00375	870933.2373584334	0.0
19051200	0.005	870933.2373584334	3942.2499800423593
19054800	0.005	629672.1475612051	5913.374970063539
19058400	0.0025	858958.2790779481	13377.24040907601
19062000	0.00375	858958.2790779481	0.0
19065600	0.00625	870933.2373584334	0.0
19069200	0.005	629672.1475612051	4901.88869771523
19072800	0.00875	629672.1475612051	4901.88869771523
19076400	0.01375	629672.1475612051	0.0
19080000	0.01375	858958.2790779481	119888.76982874083
19083600	0.015	858958.2790779481	295039.46560466406
19087200	0.0225	870933.2373584334	306400.4686706856
19090800	0.0225	735338.3973098677	322955.32346070156
19094400	0.0225	858958.2790779481	246354.4716559519
19098000	0.0225	629672.1475612051	5913.374970063539
19101600	0.0225	629672.1475612051	9855.6249501059
19105200	0.0225	629672.1475612051	0.0
19108800	0.0225	629672.1475612051	0.0
19112400	0.0225	629672.1475612051	0.0
19116000	0.0225	629672.1475612051	0.0
19119600	0.0225	629672.1475612051	7110.276838628712
19123200	0.0225	874737.381072222	10665.415257943068
19126800	0.00875	1129327.578071779	5913.374970063539
19130400	0.0075	749549.3921065005	0.0
19134000	0.01	1129327.578071779	0.0
19137600	0.01125	1129327.578071779	7110.276838628712
19141200	0.01	1010405.3261735314	35551.38419314356
19144800	0.00875	884262.3445607622	28441.560118806294
19148400	0.0125	884262.3445607622	11052.526818671071
19152000	0.01	884262.3445607622	84324.6509621238
19155600	0.01375	884262.3445607622	41517.74199665648
19159200	0.02	884262.3445607622	5234.447404836469
19162800	0.0175	875692.3737192696	8614.6494986274
19166400	0.01625	875692.3737192696	119977.27131215378
19170000	0.0175	994614.6256175174	321870.25206267304
19173600	0.0225	994614.6256175174	252817.5130218641
19177200	0.0225	884262.3445607622	314414.2111634249
19180800	0.0225	884262.3445607622	119699.9952542395
19184400	0.0225	912210.1177894974	0.0
19188000	0.0225	912210.1177894974	32017.780636565167
19191600	0.0225	629672.1475612051	0.0
19195200	0.0225	629672.1475612051	51388.13318104799
19198800	0.0225	629672.1475612051	0.0
19202400	0.0225	629672.1475612051	0.0
19206000	0.0225	629672.1475612051	0.0
19209600	0.0225	629672.1475612051	0.0
19213200	0.01625	880597.7887011794	5913.374970063539
19216800	0.01875	880597.7887011794	36149.816600858205
19220400	0.015	1163135.7589294717	57528.12146698668
19224000	0.01125	1163135.7589294717	13536.965090818867
19227600	0.00875	1163135.7589294717	15859.181786476927
19231200	0.00625	912210.1177894974	38155.63230313936
19234800	0.00375	629672.1475612051	18331.525625364604
19238400	0.0075	629672.1475612051	0.0
19242000	0.01125	629672.1475612051	0.0
19245600	0.01375	629672.1475612051	142047.3897139073
19249200	0.015	880597.7887011794	303179.6885728281
19252800	0.015	880597.7887011794	169947.6241974549
19256400	0.015	741944.9070689299	339220.53911049495
19260000	0.0225	880597.7887011794	363172.33476294694
19263600	0.0225	629672.1475612051	305855.2985219557
19267200	0.0225	880597.7887011794	175772.26551367366
19270800	0.0225	629672.1475612051	0.0
19274400	0.0225	629672.1475612051	37581.14668248343
19278000	0.0225	629672.1475612051	78021.72843863406
19281600	0.0225	629672.1475612051	15104.214359010182
19285200	0.0225	629672.1475612051	0.0
19288800	0.0225	629672.1475612051	0.0
19292400	0.0225	629672.1475612051	0.0
19296000	0.0225	891213.4533743346	0.0
19299600	0.01125	780017.3828003425	40849.07248096025
19303200	0.0075	891213.4533743346	50289.20645534161
19306800	0.01375	1149493.0431971226	12899.300246126548
19310400	0.01375	1149493.0431971226	23347.316719395123
19314000	0.015	1149493.0431971226	27394.05424077071
19317600	0.0125	1029995.4759232097	21257.967157422827
19321200	0.01	1149493.0431971226	23410.170715883018
19324800	0.01375	1149493.0431971226	57364.412085749296
19328400	0.01375	899514.9500742555	0.0
19332000	0.015	749169.714835118	11798.231334868831
19335600	0.015	749169.714835118	9179.274098577916
19339200	0.01375	891213.4533743346	225461.8404946464
19342800	0.015	899514.9500742555	229354.38038017467
19346400	0.0225	629672.1475612051	342533.53630436654
19350000	0.0225	1038296.9726231303	238140.94335566144
19353600	0.0225	1038296.9726231303	205109.35843152463
19357200	0.0225	629672.1475612051	17873.76221675967
19360800	0.0225	896360.9294317721	56808.695127933104
19364400	0.0225	629672.1475612051	0.0
19368000	0.0225	629672.1475612051	0.0
19371600	0.0225	629672.1475612051	0.0
19375200	0.0225	896360.9294317721	2075.4997630471103
19378800	0.0225	896360.9294317721	20902.25091318318
19382400	0.0225	773962.3696757981	54119.35376842249
19386000	0.00875	896360.9294317721	20754.997630471105
19389600	0.00625	896360.9294317721	35573.98371544317
19393200	0.00375	896360.9294317721	0.0
19396800	0.005	629672.1475612051	0.0
19400400	0.01	896360.9294317721	11577.455354692356
19404000	0.00875	896360.9294317721	5913.374970063539
19407600	0.01125	896360.9294317721	0.0
19411200	0.0125	1151481.890852432	44116.998279437066
19414800	0.0125	1017870.551387104	0.0
19418400	0.01375	1029972.2688971001	57693.405013673415
19422000	0.015	1151481.890852432	279128.6812877682
19425600	0.0175	1151481.890852432	353995.9751432321
19429200	0.0175	752070.7073171793	293664.99078897294
19432800	0.0225	873580.329272511	341639.7465004793
19436400	0.0225	873580.329272511	424825.02406446356
19440000	0.0225	896360.9294317721	264292.7550371585
19443600	0.0225	629672.1475612051	0.0
19447200	0.0225	629672.1475612051	0.0
19450800	0.0225	859879.3073600503	50164.65153403504
19454400	0.0225	859879.3073600503	27673.330173961473
19458000	0.0225	629672.1475612051	10289.746032075687
19461600	0.0225	629672.1475612051	0.0
19465200	0.0225	879649.1375732501	22972.398663006396
19468800	0.0225	983482.027548067	18279.12910679124
19472400	0.01125	986253.577184078	23745.041685103442
19476000	0.01125	1109856.297372095	20556.11499126551
19479600	0.00875	879649.1375732501	0.0
19483200	0.01125	1109856.297372095	0.0
19486800	0.0125	1109856.297372095	0.0
19490400	0.01375	753274.8677492221	25768.998349548434
19494000	0.01375	879649.1375732501	4842.674822896979
19497600	0.01375	1109856.297372095	1971.1249900211797
19501200	0.015	1109856.297372095	6873.013687736409
19504800	0.02125	991815.1346301925	28709.02444060016
19508400	0.02	986253.577184078	29146.789293143374
19512000	0.0175	983482.027548067	180845.12715269986
19515600	0.015	871316.0304911246	288966.59484890994
19519200	0.0225	997690.3003151526	278613.7678367946
19522800	0.0225	1109856.297372095	311960.61711240927
19526400	0.0225	859879.3073600503	118270.98812873065
19530000	0.0225	865677.0353421306	14818.986084972068
19533600	0.0225	865677.0353421306	21393.046254924706
19537200	0.0225	629672.1475612051	0.0
19540800	0.0225	629672.1475612051	0.0
19544400	0.0225	629672.1475612051	5927.5944339888265
19548000	0.0225	629672.1475612051	0.0
19551600	0.0225	629672.1475612051	49278.124750529496
19555200	0.0225	876501.807043206	78687.37991283993
19558800	0.00625	876501.807043206	44791.32246100261
19562400	0.00625	629672.1475612051	5664.080384628818
19566000	0.00625	865677.0353421306	4459.08013635867
19569600	0.005	747985.612828308	5743.099665751599
19573200	0.00125	629672.1475612051	0.0
19576800	0.0025	629672.1475612051	0.0
19580400	0.0025	629672.1475612051	0.0
19584000	0.00625	629672.1475612051	0.0
19587600	0.0125	876501.807043206	0.0
19591200	0.01625	629672.1475612051	25959.653337195195
19594800	0.01625	1112506.6948241314	19215.254511859304
19598400	0.01375	876501.807043206	222965.31900122447
19602000	0.0125	876501.807043206	134306.55414115387
19605600	0.0225	730336.9625787567	293178.7502201962
19609200	0.0225	730336.9625787567	341765.33569755673
19612800	0.0225	629672.1475612051	198217.479135397
19616400	0.0225	629672.1475612051	60437.35312834405
19620000	0.0225	629672.1475612051	17775.69209657178
19623600	0.0225	629672.1475612051	0.0
19627200	0.0225	629672.1475612051	0.0
19630800	0.0225	629672.1475612051	0.0
19634400	0.0225	629672.1475612051	0.0
19638000	0.0225	629672.1475612051	25677.16441031731
19641600	0.0225	745471.6420854321	5913.374970063539
19645200	0.01125	1108612.6167207677	9855.6249501059
19648800	0.01125	861889.8678823144	0.0
19652400	0.01	1108612.6167207677	14357.749164378998
19656000	0.01	852102.0026602598	31863.790313989637
19659600	0.01125	852102.0026602598	34093.523225238256
19663200	0.00875	746090.3733580876	26914.648643048757
19666800	0.00875	746090.3733580876	19803.196349745594
19670400	0.0075	746090.3733580876	0.0
19674000	0.0125	852102.0026602598	0.0
19677600	0.01375	746090.3733580876	0.0
19681200	0.01625	746090.3733580876	3304.046891033477
19684800	0.01625	745471.6420854321	154612.30330692328
19688400	0.01625	1108612.6167207677	288287.1747260665
19692000	0.0225	746090.3733580876	290829.9708640511
19695600	0.0225	735683.7768633773	369205.02217108314
19699200	0.0225	852102.0026602598	232092.43012864326
19702800	0.0225	629672.1475612051	0.0
19706400	0.0225	629672.1475612051	0.0
19710000	0.0225	629672.1475612051	0.0
19713600	0.0225	629672.1475612051	0.0
19717200	0.0225	629672.1475612051	0.0
19720800	0.0225	629672.1475612051	0.0
19724400	0.0225	629672.1475612051	4901.88869771523
19728000	0.0225	882029.4767746027	13377.24040907601
19731600	0.01	844022.6038803011	7110.276838628712
19735200	0.00875	1106147.8155904715	3942.2499800423593
19738800	0.00875	967450.5607833648	3942.2499800423593
19742400	0.0075	1106147.8155904715	12112.064476234409
19746000	0.01	1106147.8155904715	0.0
19749600	0.01	1106147.8155904715	10377.498815235553
19753200	0.01125	1106147.8155904715	11486.199331503198
19756800	0.015	967450.5607833648	18434.260423208038
19760400	0.01375	982719.8586874078	0.0
19764000	0.015	1005457.4336776664	9264.287453099545
19767600	0.02	1005457.4336776664	42469.71673663393
19771200	0.02	844022.6038803011	169483.65774857288
19774800	0.01875	844022.6038803011	320953.8699701638
19778400	0.0225	882029.4767746027	354051.1852022625
19782000	0.0225	1106147.8155904715	432874.66189277195
19785600	0.0225	629672.1475612051	277270.4633880893
19789200	0.0225	629672.1475612051	0.0
19792800	0.0225	629672.1475612051	0.0
19796400	0.0225	629672.1475612051	0.0
19800000	0.0225	629672.1475612051	0.0
19803600	0.0225	629672.1475612051	0.0
19807200	0.0225	873126.1375464082	13836.665086980736
19810800	0.0225	629672.1475612051	0.0
19814400	0.0225	629672.1475612051	0.0
19818000	0.0075	1136082.8830565608	5743.099665751599
19821600	0.0075	1136082.8830565608	6918.332543490368
19825200	0.01	1136082.8830565608	6918.332543490368
19828800	0.01125	892628.8930713576	7896.762040408449
19832400	0.015	892628.8930713576	7896.762040408449
19836000	0.01125	746708.264984153	14357.749164378998
19839600	0.01125	746708.264984153	21545.981894067543
19843200	0.01125	746708.264984153	20323.05110801957
19846800	0.01375	892628.8930713576	34680.80027239857
19850400	0.01625	873304.4459674086	52183.5568915518
19854000	0.0175	1136082.8830565608	43105.032396575996
19857600	0.0175	873304.4459674086	173909.40333856607
19861200	0.0175	990162.2549693561	260327.36169303674
19864800	0.0225	1136082.8830565608	281007.9324069718
19868400	0.0225	1136082.8830565608	418906.28647452226
19872000	0.0225	1136082.8830565608	197467.6187678093
19875600	0.0225	629672.1475612051	13377.24040907601
19879200	0.0225	629672.1475612051	13331.769072428835
19882800	0.0225	629672.1475612051	0.0
19886400	0.0225	629672.1475612051	60437.35312834405
19890000	0.0225	629672.1475612051	0.0
19893600	0.0225	629672.1475612051	0.0
19897200	0.0225	629672.1475612051	0.0
19900800	0.0225	888489.4392193102	0.0
19904400	0.0075	749148.8541274983	0.0
19908000	0.01625	1150036.0906240412	7178.874582189499
19911600	0.01	1007966.1457856032	82052.98133625115
19915200	0.00875	1150036.0906240412	30910.050180420752
19918800	0.01125	1150036.0906240412	8891.39165098324
19922400	0.01125	1150036.0906240412	19268.890466218792
19926000	0.00375	888489.4392193102	10377.498815235553
19929600	0.00625	888489.4392193102	2265.632153851527
19933200	0.00625	762869.8482276921	0.0
19936800	0.00875	888489.4392193102	34788.389681995366
19940400	0.01375	888489.4392193102	34109.60146411162
19944000	0.0175	1150036.0906240412	352732.0821278469
19947600	0.0175	882346.5547939851	285373.78852023673
19951200	0.0225	762869.8482276921	414067.45804239216
19954800	0.0225	874768.4451191165	417068.3089601411
19958400	0.0225	762869.8482276921	285888.2861535221
19962000	0.0225	629672.1475612051	0.0
19965600	0.0225	629672.1475612051	0.0
19969200	0.0225	629672.1475612051	0.0
19972800	0.0225	629672.1475612051	0.0
19976400	0.0225	629672.1475612051	0.0
19980000	0.0225	629672.1475612051	0.0
19983600	0.0225	629672.1475612051	0.0
19987200	0.0225	884933.6558345733	0.0
19990800	0.0125	761046.0463780367	5743.099665751599
19994400	0.0075	884933.6558345733	10665.415257943068
19998000	0.0075	629672.1475612051	0.0
20001600	0.005	629672.1475612051	0.0
20005200	0.00625	629672.1475612051	6796.896461554582
20008800	0.0075	1009711.2878497432	15519.705334734717
20012400	0.01	884933.6558345733	24944.145141199286
20016000	0.01125	884933.6558345733	24959.839309116083
20019600	0.0125	629672.1475612051	24959.839309116083
20023200	0.01125	629672.1475612051	23932.144417547042
20026800	0.01125	884933.6558345733	30820.884597565855
20030400	0.0125	884933.6558345733	89075.0963052756
20034000	0.01375	1133598.8973062797	260506.25492653096
20037600	0.0225	1012002.3603766761	162060.39389565235
20041200	0.0225	884933.6558345733	157651.51891404184
20044800	0.0225	629672.1475612051	110309.73860906827
20048400	0.0225	629672.1475612051	0.0
20052000	0.0225	629672.1475612051	0.0
20055600	0.0225	870853.8052289577	6918.332543490368
20059200	0.0225	870853.8052289577	40645.20369300591
20062800	0.0225	629672.1475612051	0.0
20066400	0.0225	629672.1475612051	0.0
20070000	0.0225	629672.1475612051	13377.24040907601
20073600	0.0225	629672.1475612051	3449.4687325370646
20077200	0.0025	1167118.3963960006	13426.562228818539
20080800	0.00625	777479.1016161679	3776.0535897525456
20084400	0.00625	629672.1475612051	8169.814496192049
20088000	0.01	925936.7387282483	10845.26257800725
20091600	0.01	1167118.3963960006	8169.814496192049
20095200	0.01	1167118.3963960006	57895.05600514973
20098800	0.00875	925936.7387282483	47200.669871906815
20102400	0.0125	1167118.3963960006	13975.77104374408
20106000	0.01375	1019311.4423410378	7896.762040408449
20109600	0.01875	1167118.3963960006	25023.164422322065
20113200	0.0175	1045801.5819710845	22336.109357683494
20116800	0.02	1167118.3963960006	305244.61879605445
20120400	0.0175	897343.9448590041	530098.4386280827
20124000	0.0225	1018660.7592839205	405024.6561008881
20127600	0.0225	1167118.3963960006	386243.613655829
20131200	0.0225	629672.1475612051	465968.4495720269
20134800	0.0225	629672.1475612051	0.0
20138400	0.0225	629672.1475612051	0.0
20142000	0.0225	629672.1475612051	0.0
20145600	0.0225	629672.1475612051	0.0
20149200	0.0225	629672.1475612051	0.0
20152800	0.0225	629672.1475612051	0.0
20156400	0.0225	761131.7311438797	27231.904155479322
20160000	0.0225	915610.6951616509	21501.608868622738
20163600	0.0125	1165560.872724117	3839.812813210263
20167200	0.01	879622.3251236714	2859.4350736672172
20170800	0.0075	629672.1475612051	4901.88869771523
20174400	0.00875	629672.1475612051	43360.15519901617
20178000	0.00875	761131.7311438797	0.0
20181600	0.01125	1039618.9967499971	25573.07849433103
20185200	0.00625	1165560.872724117	39495.24565841158
20188800	0.01	1165560.872724117	0.0
20192400	0.0125	1165560.872724117	26315.361847116175
20196000	0.01625	1165560.872724117	4751.363696539294
20199600	0.01375	1165560.872724117	51226.5712961958
20203200	0.015	1041552.5711357708	312281.81022850075
20206800	0.01375	1165560.872724117	352840.45182718773
20210400	0.0225	887073.6071179996	224780.34081030276
20214000	0.0225	1011081.9087063461	185881.96434520543
20217600	0.0225	910092.9875530961	176885.810407896
20221200	0.0225	629672.1475612051	0.0
20224800	0.0225	629672.1475612051	0.0
20228400	0.0225	629672.1475612051	0.0
20232000	0.0225	629672.1475612051	0.0
20235600	0.0225	629672.1475612051	0.0
20239200	0.0225	629672.1475612051	0.0
20242800	0.0225	629672.1475612051	0.0
20246400	0.0225	762034.5365496792	6918.332543490368
20250000	0.00875	886959.4823171615	78412.76915295042
20253600	0.00375	886959.4823171615	0.0
20257200	0.005	886959.4823171615	0.0
20260800	0.005	886959.4823171615	5664.080384628818
20264400	0.005	886959.4823171615	6918.332543490368
20268000	0.00375	890858.9098810456	0.0
20271600	0.0025	890858.9098810456	0.0
20275200	0.005	1148146.244637002	0.0
20278800	0.00625	886959.4823171615	0.0
20282400	0.01125	1148146.244637002	53327.07628971534
20286000	0.01375	1148146.244637002	0.0
20289600	0.0175	754597.0933286874	166980.94347277534
20293200	0.01875	754597.0933286874	241010.8424886505
20296800	0.0225	1148146.244637002	360670.03577489033
20300400	0.0225	886959.4823171615	319112.19460618607
20304000	0.0225	629672.1475612051	163423.1030987066
20307600	0.0225	870737.9065058415	0.0
20311200	0.0225	629672.1475612051	0.0
20314800	0.0225	629672.1475612051	0.0
20318400	0.0225	629672.1475612051	0.0
20322000	0.0225	629672.1475612051	0.0
20325600	0.0225	629672.1475612051	0.0
20329200	0.0225	629672.1475612051	37902.1811590487
20332800	0.0225	747079.1005017399	26754.48081815202
20336400	0.01	1151965.1462585402	14818.986084972068
20340000	0.01	870737.9065058415	0.0
20343600	0.0075	747079.1005017399	16952.069136560684
20347200	0.0075	870737.9065058415	22256.19356922421
20350800	0.01	747079.1005017399	37087.618145031316
20354400	0.00875	747079.1005017399	35821.28005181541
20358000	0.0075	870737.9065058415	42524.05208002448
20361600	0.0075	870737.9065058415	6918.332543490368
20365200	0.01	870737.9065058415	15564.143944975776
20368800	0.01625	870737.9065058415	12831.707513553907
20372400	0.0175	1028306.3402544386	21536.623746568497
20376000	0.01875	1151965.1462585402	320431.868727044
20379600	0.015	1018943.0614716965	433625.5931455368
20383200	0.0225	870737.9065058415	312887.31520959025
20386800	0.0225	1018943.0614716965	322353.0936225872
20390400	0.0225	910899.3873139038	176907.39513664477
20394000	0.0225	894449.4039796784	3942.2499800423593
20397600	0.0225	894449.4039796784	52405.784449983345
20401200	0.0225	629672.1475612051	66658.84536214417
20404800	0.0225	894449.4039796784	36612.26036916645
20408400	0.0225	629672.1475612051	0.0
20412000	0.0225	629672.1475612051	54280.77035269284
20415600	0.0225	629672.1475612051	33509.12483036006
20419200	0.0225	629672.1475612051	50384.55268890503
20422800	0.00375	629672.1475612051	38529.36382092738
20426400	0.00875	1017372.7306993371	20562.085750723665
20430000	0.01125	894449.4039796784	20271.124134442536
20433600	0.01	629672.1475612051	0.0
20437200	0.0125	1153515.8872936752	5664.080384628818
20440800	0.00875	888738.6308752021	11820.221241205598
20444400	0.00875	888738.6308752021	11981.989178501251
20448000	0.00875	1153515.8872936752	0.0
20451600	0.015	1153515.8872936752	14818.986084972068
20455200	0.0175	1153515.8872936752	24259.12005935343
20458800	0.0175	1024957.557052312	178928.558948603
20462400	0.01625	1024957.557052312	219183.635311089
20466000	0.0175	1024957.557052312	371801.2519611007
20469600	0.0225	1024957.557052312	405773.0637187192
20473200	0.0225	752595.4742808638	332052.3015341061
20476800	0.0225	894449.4039796784	311532.7813444146
20480400	0.0225	865276.3448963847	0.0
20484000	0.0225	629672.1475612051	0.0
20487600	0.0225	629672.1475612051	0.0
20491200	0.0225	629672.1475612051	0.0
20494800	0.0225	629672.1475612051	0.0
20498400	0.0225	629672.1475612051	0.0
20502000	0.0225	629672.1475612051	0.0
20505600	0.0225	629672.1475612051	0.0
20509200	0.015	1090167.2333190595	0.0
20512800	0.01625	1090167.2333190595	31737.300206421532
20516400	0.01375	854563.03598388	0.0
20520000	0.01125	1090167.2333190595	17295.831358725918
20523600	0.01	1090167.2333190595	36591.490446678814
20527200	0.01375	865276.3448963847	0.0
20530800	0.0125	865276.3448963847	0.0
20534400	0.00875	865276.3448963847	4901.88869771523
20538000	0.00625	865276.3448963847	14649.354273268393
20541600	0.01	865276.3448963847	21586.477596003973
20545200	0.0175	855426.7910009471	22703.486045056787
20548800	0.015	747835.663427833	266027.9381264687
20552400	0.015	972726.5518505077	279888.3980110649
20556000	0.0225	854563.03598388	407092.9697300189
20559600	0.0225	854563.03598388	347580.1150234297
20563200	0.0225	865276.3448963847	246044.3248719626
20566800	0.0225	629672.1475612051	0.0
20570400	0.0225	859037.8408518978	24214.16390221629
20574000	0.0225	629672.1475612051	0.0
20577600	0.0225	629672.1475612051	0.0
20581200	0.0225	629672.1475612051	0.0
20584800	0.0225	629672.1475612051	0.0
20588400	0.0225	629672.1475612051	0.0
20592000	0.0225	865824.0338128889	3304.046891033477
20595600	0.01125	859037.8408518978	0.0
20599200	0.0125	859037.8408518978	0.0
20602800	0.01125	1095189.7271035817	31523.309503755354
20606400	0.00875	760372.4775817911	19659.70352426749
20610000	0.00625	629672.1475612051	60230.90233045215
20613600	0.00375	859037.8408518978	12367.629005254405
20617200	0.005	859037.8408518978	0.0
20620800	0.00625	859037.8408518978	16836.406680821194
20624400	0.00875	859037.8408518978	8918.16027271734
20628000	0.01125	744819.1203728341	9386.76070573401
20631600	0.0125	1095189.7271035817	8891.39165098324
20635200	0.01375	865824.0338128889	246244.84585177703
20638800	0.00875	1095189.7271035817	292984.26816094975
20642400	0.0225	629672.1475612051	180191.7725227911
20646000	0.0225	629672.1475612051	278635.951949487
20649600	0.0225	859037.8408518978	94130.22482451459
20653200	0.0225	629672.1475612051	0.0
20656800	0.0225	629672.1475612051	0.0
20660400	0.0225	629672.1475612051	0.0
20664000	0.0225	629672.1475612051	0.0
20667600	0.0225	629672.1475612051	0.0
20671200	0.0225	629672.1475612051	0.0
20674800	0.0225	752532.2277718002	5743.099665751599
20678400	0.0225	746182.3770855884	8891.39165098324
20682000	0.015	746182.3770855884	34454.71813125341
20685600	0.01	1111025.9999519882	0.0
20689200	0.01	1111025.9999519882	26187.22300970916
20692800	0.0125	867828.368328328	12159.317449460059
20696400	0.01375	1111025.9999519882	22728.760559833954
20700000	0.00625	1111025.9999519882	33856.971096549336
20703600	0.0075	629672.1475612051	0.0
20707200	0.00625	629672.1475612051	36218.96870166962
20710800	0.01	629672.1475612051	5927.5944339888265
20714400	0.0125	872869.7791848655	5927.5944339888265
20718000	0.0175	984338.5978527111	23223.425792714745
20721600	0.02125	869042.4572961833	376282.4038208601
20725200	0.02125	872869.7791848655	468889.3786096674
20728800	0.0225	869042.4572961833	613814.8234438484
20732400	0.0225	746182.3770855884	401212.42140491796
20736000	0.0225	995729.8593954605	196831.75406375626
20739600	0.0225	629672.1475612051	0.0
20743200	0.0225	773183.3202367648	16511.41153903585
20746800	0.0225	629672.1475612051	0.0
20750400	0.0225	629672.1475612051	0.0
20754000	0.0225	629672.1475612051	0.0
20757600	0.0225	629672.1475612051	0.0
20761200	0.0225	629672.1475612051	3942.2499800423593
20764800	0.0225	1021774.9040431657	0.0
20768400	0.005	1021774.9040431657	10377.498815235553
20772000	0.005	1175675.4337319562	5743.099665751599
20775600	0.00875	1175675.4337319562	0.0
20779200	0.00625	1062129.185207552	17369.84651286171
20782800	0.00625	1175675.4337319562	14357.749164378998
20786400	0.00625	878263.7313676062	12510.581866824166
20790000	0.0075	1175675.4337319562	6075.333031630973
20793600	0.01	1032164.2610563966	2133.0830515886137
20797200	0.01375	908228.6555187616	12931.332395440144
20800800	0.01375	1021774.9040431657	27513.15020255199
20804400	0.015	1021774.9040431657	24259.78277357734
20808000	0.015	1021774.9040431657	158302.00491107078
20811600	0.01625	878263.7313676062	323370.04605079826
20815200	0.0225	1021774.9040431657	407316.61777908285
20818800	0.0225	927083.8499255553	254220.8480472496
20822400	0.0225	927083.8499255553	200273.29658866522
20826000	0.0225	629672.1475612051	0.0
20829600	0.0225	629672.1475612051	19711.2499002118
20833200	0.0225	629672.1475612051	0.0
20836800	0.0225	629672.1475612051	0.0
20840400	0.0225	629672.1475612051	0.0
20844000	0.0225	629672.1475612051	0.0
20847600	0.0225	629672.1475612051	4901.88869771523
20851200	0.0225	629672.1475612051	5664.080384628818
20854800	0.00625	859383.4077376153	0.0
20858400	0.00625	629672.1475612051	8169.814496192049
20862000	0.00625	849183.9504456325	15280.091334820761
20865600	0.00625	849183.9504456325	15088.147039682417
20869200	0.00625	849183.9504456325	8169.814496192049
20872800	0.00625	629672.1475612051	9855.6249501059
20876400	0.00375	629672.1475612051	3942.2499800423593
20880000	0.0025	629672.1475612051	10665.415257943068
20883600	0.0075	849183.9504456325	10665.415257943068
20887200	0.005	753756.443830844	47200.669871906815
20890800	0.01	629672.1475612051	47200.669871906815
20894400	0.0125	849183.9504456325	186503.6492874383
20898000	0.00875	968799.5799228342	363399.125945965
20901600	0.0225	1078895.2106220427	192572.82857504644
20905200	0.0225	849183.9504456325	159405.9988210076
20908800	0.0225	629672.1475612051	8891.39165098324
20912400	0.0225	629672.1475612051	0.0
20916000	0.0225	629672.1475612051	0.0
20919600	0.0225	629672.1475612051	0.0
20923200	0.0225	629672.1475612051	0.0
20926800	0.0225	877917.4000461479	0.0
20930400	0.0225	629672.1475612051	0.0
20934000	0.0225	877917.4000461479	0.0
20937600	0.0225	911421.884058791	0.0
20941200	0.01125	1014053.1758714006	0.0
20944800	0.01375	1136811.3589552857	21276.081707869365
20948400	0.01125	1136811.3589552857	0.0
20952000	0.00875	1136811.3589552857	0.0
20955600	0.00625	1136811.3589552857	0.0
20959200	0.00625	877917.4000461479	0.0
20962800	0.00625	1136811.3589552857	0.0
20966400	0.01	1136811.3589552857	1182.6749940127079
20970000	0.0125	888566.106470343	0.0
20973600	0.01375	888566.106470343	21354.837681925706
20977200	0.01375	1136811.3589552857	19280.064756570468
20980800	0.01	1136811.3589552857	164405.4748772989
20984400	0.01	877917.4000461479	244371.78405566333
20988000	0.0225	877917.4000461479	238519.53907965607
20991600	0.0225	775286.1082335385	215075.68889187928
20995200	0.0225	629672.1475612051	47352.8824946427
20998800	0.0225	629672.1475612051	0.0
21002400	0.0225	629672.1475612051	53220.37473057185
21006000	0.0225	629672.1475612051	0.0
21009600	0.0225	629672.1475612051	0.0
21013200	0.0225	629672.1475612051	0.0
21016800	0.0225	629672.1475612051	0.0
21020400	0.0225	767092.6730814166	0.0
21024000	0.0225	867519.5833126535	0.0
21027600	0.0075	1008707.3810400188	25218.331687911726
21031200	0.00875	880638.8411525995	0.0
21034800	0.00875	880638.8411525995	0.0
21038400	0.00625	880638.8411525995	0.0
21042000	0.00875	880638.8411525995	0.0
21045600	0.0125	1118486.276904048	18824.667579675614
21049200	0.015	1118486.276904048	7178.874582189499
21052800	0.01375	1008707.3810400188	10954.928171942045
21056400	0.01375	1008707.3810400188	115771.07059979276
21060000	0.01375	1118486.276904048	81067.53967879216
21063600	0.015	1004940.108832865	198534.86438639875
21067200	0.01375	1004940.108832865	399886.8470665071
21070800	0.0175	895161.2129688358	270705.85279648146
21074400	0.0225	1008707.3810400188	347935.96899237705
21078000	0.0225	880638.8411525995	380785.43516241823
21081600	0.0225	757740.6874486243	99085.59061764536
21085200	0.0225	629672.1475612051	23410.170715883018
21088800	0.0225	629672.1475612051	0.0
21092400	0.0225	629672.1475612051	0.0
21096000	0.0225	629672.1475612051	0.0
21099600	0.0225	629672.1475612051	0.0
21103200	0.0225	629672.1475612051	0.0
21106800	0.0225	629672.1475612051	0.0
21110400	0.0225	629672.1475612051	0.0
21114000	0.0075	742127.545285651	3459.166271745184
21117600	0.00875	851112.9074643159	9372.541241808723
21121200	0.00875	1102922.2602844182	20980.369060266552
21124800	0.0075	1102922.2602844182	5743.099665751599
21128400	0.0125	1102922.2602844182	41093.667055785634
21132000	0.01	1102922.2602844182	20835.09207915191
21135600	0.00875	881481.5003813074	20835.09207915191
21139200	0.00625	881481.5003813074	29480.246023441006
21142800	0.01	851112.9074643159	0.0
21146400	0.01	1102922.2602844182	0.0
21150000	0.0125	1102922.2602844182	50724.591515791704
21153600	0.01375	993936.8981057531	260734.0279337503
21157200	0.0125	860038.8999063009	267897.3557871897
21160800	0.0225	742127.545285651	388251.53265491617
21164400	0.0225	860038.8999063009	338206.3584687817
21168000	0.0225	629672.1475612051	161692.88767638544
21171600	0.0225	629672.1475612051	0.0
21175200	0.0225	629672.1475612051	0.0
21178800	0.0225	629672.1475612051	0.0
21182400	0.0225	629672.1475612051	29637.972169944136
21186000	0.0225	629672.1475612051	0.0
21189600	0.0225	629672.1475612051	0.0
21193200	0.0225	629672.1475612051	58534.995035639666
21196800	0.0225	992014.5617967946	34325.3800099902
21200400	0.0075	884487.3876303411	51589.25967812672
21204000	0.00625	884487.3876303411	23249.14081536224
21207600	0.00375	768017.9178019492	20100.8488301306
21211200	0.00375	884487.3876303411	14357.749164378998
21214800	0.00625	853668.7915560505	0.0
21218400	0.005	853668.7915560505	0.0
21222000	0.00625	853668.7915560505	0.0
21225600	0.005	853668.7915560505	0.0
21229200	0.00875	853668.7915560505	23232.86535918191
21232800	0.01375	629672.1475612051	22295.40068179335
21236400	0.0175	853668.7915560505	65359.096107225705
21240000	0.02	1108484.0316251866	426691.6758946661
21243600	0.02	736854.6851566203	419227.143382429
21247200	0.0225	992014.5617967946	430602.2019316639
21250800	0.0225	884487.3876303411	460119.2435717746
21254400	0.0225	853668.7915560505	444201.0551036149
21258000	0.0225	887989.7807021127	0.0
21261600	0.0225	629672.1475612051	13888.684643526483
21265200	0.0225	629672.1475612051	0.0
21268800	0.0225	629672.1475612051	0.0
21272400	0.0225	629672.1475612051	0.0
21276000	0.0225	737441.458847604	24214.16390221629
21279600	0.0225	629672.1475612051	3942.2499800423593
21283200	0.0225	995759.0919885116	0.0
21286800	0.0125	991287.9794146882	4901.88869771523
21290400	0.0125	991287.9794146882	59858.41134355059
21294000	0.00875	887989.7807021127	25952.466961943457
21297600	0.005	750133.5639710599	10024.207727909003
21301200	0.005	887989.7807021127	0.0
21304800	0.00625	887989.7807021127	0.0
21308400	0.00375	767528.3642922582	0.0
21312000	0.0075	629672.1475612051	0.0
21315600	0.01125	629672.1475612051	0.0
21319200	0.0125	853431.7626836353	10377.498815235553
21322800	0.01375	991287.9794146882	79837.68344977578
21326400	0.015	1111749.3958245427	382841.2874502326
21330000	0.015	737441.458847604	416429.0929539086
21333600	0.0225	875297.6755786571	314762.3801039853
21337200	0.0225	745662.4513972364	281161.4745093758
21340800	0.0225	853431.7626836353	117077.93529803582
21344400	0.0225	629672.1475612051	0.0
21348000	0.0225	629672.1475612051	0.0
21351600	0.0225	629672.1475612051	0.0
21355200	0.0225	629672.1475612051	15606.780477255345
21358800	0.0225	629672.1475612051	0.0
21362400	0.0225	629672.1475612051	0.0
21366000	0.0225	629672.1475612051	0.0
21369600	0.0225	629672.1475612051	109653.05387738874
21373200	0.0075	886500.660962512	72931.62463078366
21376800	0.00875	886500.660962512	68989.37465074129
21380400	0.01	1140727.5907207243	11121.124562231858
21384000	0.01	1140727.5907207243	0.0
21387600	0.0125	1021503.9381573847	0.0
21391200	0.01375	886500.660962512	3459.166271745184
21394800	0.01	886500.660962512	6918.332543490368
21398400	0.01	886500.660962512	26663.53814485767
21402000	0.01375	886500.660962512	3942.2499800423593
21405600	0.0125	886500.660962512	4459.08013635867
21409200	0.0175	886500.660962512	30359.83143197046
21412800	0.01625	1021503.9381573847	294513.835765401
21416400	0.0175	1140727.5907207243	284146.8199455271
21420000	0.0225	1021503.9381573847	311987.5583578092
21423600	0.0225	629672.1475612051	290983.31407937675
21427200	0.0225	629672.1475612051	225432.70460214405
21430800	0.0225	629672.1475612051	14818.986084972068
21434400	0.0225	629672.1475612051	0.0
21438000	0.0225	629672.1475612051	0.0
21441600	0.0225	629672.1475612051	0.0
21445200	0.0225	629672.1475612051	0.0
21448800	0.0225	629672.1475612051	0.0
21452400	0.0225	731810.485845885	39520.101930428915
21456000	0.0225	731810.485845885	44979.09593140107
21459600	0.00625	995822.7013394746	26424.201422327977
21463200	0.00875	1003170.8375879568	18358.294247098704
21466800	0.00875	1126357.2715636229	8918.16027271734
21470400	0.01	862345.0560700332	5664.080384628818
21474000	0.0125	862345.0560700332	13180.309721125504
21477600	0.01375	985531.4900456993	27387.179549165965
21481200	0.0125	1126357.2715636229	40522.1584614808
21484800	0.015	1126357.2715636229	39256.5878810689
21488400	0.01375	862345.0560700332	14555.472035612058
21492000	0.0175	1126357.2715636229	14555.472035612058
21495600	0.01625	731810.485845885	99655.69038944706
21499200	0.015	731810.485845885	248778.73028124054
21502800	0.01625	731810.485845885	229448.0659937408
21506400	0.0225	731810.485845885	277049.55578118196
21510000	0.0225	629672.1475612051	231891.824226032
21513600	0.0225	629672.1475612051	237844.57026379087
21517200	0.0225	629672.1475612051	0.0
21520800	0.0225	629672.1475612051	0.0
21524400	0.0225	629672.1475612051	0.0
21528000	0.0225	629672.1475612051	0.0
21531600	0.0225	629672.1475612051	0.0
21535200	0.0225	629672.1475612051	0.0
21538800	0.0225	629672.1475612051	0.0
21542400	0.0225	851554.7233700026	5664.080384628818
21546000	0.01	968804.8377759384	33610.88051722624
21549600	0.005	843303.7478236221	11357.876554778599
21553200	0.005	843303.7478236221	10377.498815235553
21556800	0.0025	629672.1475612051	0.0
21560400	0.00625	871281.2776126522	10665.415257943068
21564000	0.00625	754031.1632067163	0.0
21567600	0.00625	871281.2776126522	5743.099665751599
21571200	0.005	871281.2776126522	0.0
21574800	0.00875	629672.1475612051	849.6120576943227
21578400	0.015	1084912.8778750692	0.0
21582000	0.01875	871281.2776126522	48199.51059522583
21585600	0.01875	871281.2776126522	340514.2224583311
21589200	0.015	1084912.8778750692	381739.1491799846
21592800	0.0225	843303.7478236221	353261.6818299657
21596400	0.0225	629672.1475612051	274345.6256332477
21600000	0.0225	629672.1475612051	212783.8573776756
21603600	0.0225	629672.1475612051	13377.24040907601
21607200	0.0225	629672.1475612051	0.0
21610800	0.0225	629672.1475612051	0.0
21614400	0.0225	629672.1475612051	0.0
21618000	0.0225	629672.1475612051	0.0
21621600	0.0225	629672.1475612051	0.0
21625200	0.0225	629672.1475612051	0.0
21628800	0.0225	629672.1475612051	0.0
21632400	0.01	873269.9674114827	5743.099665751599
21636000	0.01375	873269.9674114827	29637.972169944136
21639600	0.01	872127.3550191591	3267.9257984768196
21643200	0.01375	872127.3550191591	8772.810043730757
21646800	0.01375	872127.3550191591	26548.50214030254
21650400	0.01375	1115725.1748694368	8787.029507656043
21654000	0.015	1115725.1748694368	23606.01559262811
21657600	0.01125	1115725.1748694368	9011.025464228418
21661200	0.01375	1115725.1748694368	0.0
21664800	0.015	983562.6715160499	4004.3659098015632
21668400	0.0125	850459.3087436941	57127.040560661284
21672000	0.0125	739023.9922468036	226910.9100204045
21675600	0.01625	982621.8120970812	240732.9213015957
21679200	0.0225	739023.9922468036	201397.13248921643
21682800	0.0225	872127.3550191591	336004.101720373
21686400	0.0225	629672.1475612051	140327.39904828553
21690000	0.0225	629672.1475612051	0.0
21693600	0.0225	629672.1475612051	0.0
21697200	0.0225	629672.1475612051	0.0
21700800	0.0225	629672.1475612051	0.0
21704400	0.0225	629672.1475612051	0.0
21708000	0.0225	629672.1475612051	3304.046891033477
21711600	0.0225	629672.1475612051	0.0
21715200	0.0225	1179450.7545793913	10377.498815235553
21718800	0.00625	910578.7765421821	0.0
21722400	0.00625	629672.1475612051	0.0
21726000	0.0075	629672.1475612051	0.0
21729600	0.01	629672.1475612051	849.6120576943227
21733200	0.0125	910578.7765421821	30416.486908012015
21736800	0.01	910578.7765421821	22635.601816695125
21740400	0.01	629672.1475612051	0.0
21744000	0.01125	629672.1475612051	9855.6249501059
21747600	0.01625	898544.1255984143	16550.410813010076
21751200	0.01375	898544.1255984143	0.0
21754800	0.0125	767339.8346284365	114230.44220012051
21758400	0.0125	760876.4385311829	328227.3435121143
21762000	0.0125	767339.8346284365	315932.48751251405
21765600	0.0225	898544.1255984143	352962.66510554374
21769200	0.0225	898544.1255984143	337491.4322642369
21772800	0.0225	898544.1255984143	286800.1032492942
21776400	0.0225	629672.1475612051	1722.9298997254798
21780000	0.0225	783186.809179605	27566.878395607677
21783600	0.0225	629672.1475612051	0.0
21787200	0.0225	629672.1475612051	0.0
21790800	0.0225	629672.1475612051	0.0
21794400	0.0225	629672.1475612051	0.0
21798000	0.0225	629672.1475612051	0.0
21801600	0.0225	746746.2899126078	42679.06118210181
21805200	0.01125	1019606.5241013032	27352.42069592538
21808800	0.00625	1019606.5241013032	6127.360872144037
21812400	0.00375	1143911.140649216	6127.360872144037
21816000	0.00625	1024565.5680789202	0.0
21819600	0.0075	1024565.5680789202	56677.61718749384
21823200	0.00625	871050.9064605206	36664.163556131076
21826800	0.005	871050.9064605206	23349.372334279993
21830400	0.0025	629672.1475612051	0.0
21834000	0.00625	871050.9064605206	1971.1249900211797
21837600	0.01375	871050.9064605206	7729.606714393812
21841200	0.01375	871050.9064605206	259723.80577142988
21844800	0.01625	1143911.140649216	295115.37922147714
21848400	0.01625	1143911.140649216	455809.16158914147
21852000	0.0225	1019606.5241013032	367197.41352781904
21855600	0.0225	902532.3817499008	221841.70252125105
21859200	0.0225	871050.9064605206	193408.71758453452
21862800	0.0225	629672.1475612051	0.0
21866400	0.0225	629672.1475612051	0.0
21870000	0.0225	629672.1475612051	0.0
21873600	0.0225	629672.1475612051	0.0
21877200	0.0225	629672.1475612051	0.0
21880800	0.0225	871184.8374690749	6918.332543490368
21884400	0.0225	871184.8374690749	56441.57662206251
21888000	0.0225	629672.1475612051	124043.3419295902
21891600	0.00875	871184.8374690749	44752.18196084301
21895200	0.005	871184.8374690749	50805.722936397084
21898800	0.0025	871184.8374690749	9512.707247299257
21902400	0.0025	871184.8374690749	9512.707247299257
21906000	0.005	749388.9281264457	16431.039790789622
21909600	0.00625	1005279.7265158826	17295.831358725918
21913200	0.0075	1127075.635858512	17295.831358725918
21916800	0.0075	871184.8374690749	6918.332543490368
21920400	0.00875	1127075.635858512	6918.332543490368
21924000	0.0125	1127075.635858512	0.0
21927600	0.0175	885479.8719216215	74219.30499998383
21931200	0.01875	1005279.7265158826	230016.67922762464
21934800	0.0175	1127075.635858512	263346.41233141976
21938400	0.0225	1127075.635858512	411677.9963716855
21942000	0.0225	1005279.7265158826	408940.2826468502
21945600	0.0225	629672.1475612051	138322.47942808698
21949200	0.0225	629672.1475612051	0.0
21952800	0.0225	629672.1475612051	7884.499960084719
21956400	0.0225	629672.1475612051	0.0
21960000	0.0225	629672.1475612051	0.0
21963600	0.0225	629672.1475612051	0.0
21967200	0.0225	629672.1475612051	69079.72173531873
21970800	0.0225	629672.1475612051	68769.19788968436
21974400	0.0225	629672.1475612051	22268.63206005925
21978000	0.005	891950.9846542678	4901.88869771523
21981600	0.00875	629672.1475612051	0.0
21985200	0.01125	629672.1475612051	8891.39165098324
21988800	0.01	629672.1475612051	2133.0830515886137
21992400	0.01125	874981.398812986	2133.0830515886137
21996000	0.00625	874981.398812986	0.0
21999600	0.00625	1137260.2359060487	16708.214919856535
22003200	0.01125	1137260.2359060487	24119.573859941116
22006800	0.015	1002551.9984963546	50401.294408699934
22010400	0.01625	887948.4486474225	36312.61600529377
22014000	0.01875	1137260.2359060487	259236.27687528683
22017600	0.02	880810.8109210969	438605.1571201375
22021200	0.02	891950.9846542678	451689.1627742667
22024800	0.0225	1015519.0483307911	405679.8989649154
22028400	0.0225	629672.1475612051	357048.13784620876
22032000	0.0225	629672.1475612051	201438.70882791752
22035600	0.0225	629672.1475612051	4459.08013635867
22039200	0.0225	629672.1475612051	11147.700340896676
22042800	0.0225	629672.1475612051	0.0
22046400	0.0225	629672.1475612051	0.0
22050000	0.0225	629672.1475612051	0.0
22053600	0.0225	629672.1475612051	0.0
22057200	0.0225	629672.1475612051	22228.4791274581
22060800	0.0225	1019730.0817297723	40012.42581160608
22064400	0.0125	1019860.330442423	15285.916211872262
22068000	0.00875	895231.2845612695	0.0
22071600	0.005	895231.2845612695	0.0
22075200	0.00375	629672.1475612051	0.0
22078800	0.005	629672.1475612051	0.0
22082400	0.00375	891387.6413563031	0.0
22086000	0.005	891387.6413563031	0.0
22089600	0.00625	891387.6413563031	1599.8122886914603
22093200	0.01125	891387.6413563031	0.0
22096800	0.01625	891387.6413563031	16993.21415207946
22100400	0.0175	629672.1475612051	216469.64090520135
22104000	0.01625	1019860.330442423	214313.0863590652
22107600	0.015	1019860.330442423	345700.2770091908
22111200	0.0225	882643.6338158278	477541.3631558458
22114800	0.0225	629672.1475612051	280323.63657038735
22118400	0.0225	1156946.7783563675	265949.8091283167
22122000	0.0225	887219.7037758564	8891.39165098324
22125600	0.0225	887219.7037758564	25843.948495882196
22129200	0.0225	629672.1475612051	0.0
22132800	0.0225	629672.1475612051	0.0
22136400	0.0225	629672.1475612051	0.0
22140000	0.0225	758044.3727637529	0.0
22143600	0.0225	629672.1475612051	9855.6249501059
22147200	0.0225	887219.7037758564	3267.9257984768196
22150800	0.015	887219.7037758564	0.0
22154400	0.0125	887219.7037758564	0.0
22158000	0.01125	1006333.483247932	48091.365487706214
22161600	0.00875	887219.7037758564	51015.1659799707
22165200	0.015	1107979.817254759	79864.92558751536
22168800	0.0125	1006333.483247932	64548.56083808684
22172400	0.00625	887219.7037758564	5913.374970063539
22176000	0.005	887219.7037758564	7096.049964076247
22179600	0.01	1107979.817254759	8588.82305187874
22183200	0.015	979607.5920522113	5664.080384628818
22186800	0.0175	850432.2610401078	337586.49181108165
22190400	0.015	887219.7037758564	342469.9327596993
22194000	0.01625	748785.9270332807	327615.67704993417
22197600	0.0225	1107979.817254759	327907.1163949437
22201200	0.0225	1006333.483247932	359494.88992371934
22204800	0.0225	1107979.817254759	200302.46382605983
22208400	0.0225	629672.1475612051	0.0
22212000	0.0225	629672.1475612051	40011.26242942458
22215600	0.0225	629672.1475612051	0.0
22219200	0.0225	629672.1475612051	0.0
22222800	0.0225	629672.1475612051	0.0
22226400	0.0225	629672.1475612051	0.0
22230000	0.0225	1000703.9176189308	38978.20624895889
22233600	0.0225	1131893.000350251	31131.706657975265
22237200	0.01625	1006208.2486548941	83432.80285574045
22240800	0.01375	1131893.000350251	6918.332543490368
22244400	0.00625	886545.9819878826	0.0
22248000	0.00625	629672.1475612051	0.0
22251600	0.01	629672.1475612051	8891.39165098324
22255200	0.00875	629672.1475612051	17775.69209657178
22258800	0.0075	875019.1659235738	25945.506592763828
22262400	0.00875	875019.1659235738	13139.82477729049
22266000	0.01	875019.1659235738	13836.665086980736
22269600	0.01375	1131893.000350251	100687.89630557055
22273200	0.01625	1131893.000350251	149054.662872542
22276800	0.01625	755356.8992565623	238157.16546207032
22280400	0.0175	1006208.2486548941	366232.1849651811
22284000	0.0225	886080.5998727605	406843.41543608805
22287600	0.0225	886080.5998727605	331687.0598039226
22291200	0.0225	886545.9819878826	147117.21595833873
22294800	0.0225	867930.6451682674	17295.831358725918
22298400	0.0225	629672.1475612051	17775.69209657178
22302000	0.0225	629672.1475612051	0.0
22305600	0.0225	629672.1475612051	0.0
22309200	0.0225	629672.1475612051	0.0
22312800	0.0225	629672.1475612051	0.0
22316400	0.0225	629672.1475612051	0.0
22320000	0.0225	629672.1475612051	110067.08821728325
22323600	0.01	867930.6451682674	58405.350419536895
22327200	0.015	1122828.7712471636	19890.20606253481
22330800	0.0175	1122828.7712471636	27883.53996484619
22334400	0.01125	884570.2736401013	28835.30271001037
22338000	0.01125	1122828.7712471636	18761.236065014426
22341600	0.00875	884570.2736401013	0.0
22345200	0.005	629672.1475612051	6430.205126379849
22348800	0.00625	629672.1475612051	14747.14413688604
22352400	0.01	750177.4910251007	9586.527143889221
22356000	0.0125	867930.6451682674	218767.97170262877
22359600	0.01375	750177.4910251007	309303.8707330026
22363200	0.0175	867930.6451682674	282979.3637819203
22366800	0.01875	867930.6451682674	443097.4266011271
22370400	0.0225	750177.4910251007	376605.1254701902
22374000	0.0225	750177.4910251007	481339.09542556974
22377600	0.0225	867930.6451682674	370784.1454783083
22381200	0.0225	629672.1475612051	14818.986084972068
22384800	0.0225	629672.1475612051	0.0
22388400	0.0225	629672.1475612051	0.0
22392000	0.0225	629672.1475612051	0.0
22395600	0.0225	629672.1475612051	0.0
22399200	0.0225	629672.1475612051	21330.830515886137
22402800	0.0225	905122.510976041	127942.29615609313
22406400	0.0225	940192.0483420717	166562.30315243773
22410000	0.00625	629672.1475612051	52717.23927067071
22413600	0.00625	1060066.6572122427	8169.814496192049
22417200	0.005	875617.3767095997	10186.258341967188
22420800	0.00625	875617.3767095997	0.0
22424400	0.00375	749546.7564313763	2075.4997630471103
22428000	0.0025	875617.3767095997	0.0
22431600	0.005	1186137.2774904661	13377.24040907601
22435200	0.00375	1186137.2774904661	0.0
22438800	0.00625	940192.0483420717	28196.226494048078
22442400	0.01125	784616.2937974071	12040.735842207576
22446000	0.01625	1060066.6572122427	200027.74257257432
22449600	0.01875	1186137.2774904661	430350.98669486004
22453200	0.01875	1031193.1312542644	292400.07285145007
22456800	0.0225	1186137.2774904661	395499.3748005113
22460400	0.0225	1031193.1312542644	443572.5429800592
22464000	0.0225	749546.7564313763	152718.64536781533
22467600	0.0225	629672.1475612051	0.0
22471200	0.0225	629672.1475612051	0.0
22474800	0.0225	629672.1475612051	0.0
22478400	0.0225	629672.1475612051	0.0
22482000	0.0225	629672.1475612051	0.0
22485600	0.0225	629672.1475612051	28441.107354514847
22489200	0.0225	762257.0093311772	5927.5944339888265
22492800	0.0225	762257.0093311772	53334.13044197415
22496400	0.01	859803.2869328572	54582.05231181859
22500000	0.01	859803.2869328572	23737.14635768941
22503600	0.00875	737870.7662549624	14818.986084972068
22507200	0.0075	629672.1475612051	22988.800581164116
22510800	0.00875	909868.2499331704	45533.10178237869
22514400	0.005	629672.1475612051	47420.75547191061
22518000	0.005	629672.1475612051	22241.86343832515
22521600	0.00625	629672.1475612051	17782.78330196648
22525200	0.0125	762257.0093311772	62218.46794069858
22528800	0.0125	909868.2499331704	26714.1105398851
22532400	0.01375	909868.2499331704	185962.13948202497
22536000	0.0125	884189.5300090718	204364.12091066345
22539600	0.01125	1018066.8686269277	259535.47983670727
22543200	0.0225	1018066.8686269277	209746.37259652492
22546800	0.0225	859803.2869328572	317686.5664553534
22550400	0.0225	859803.2869328572	248903.26435973367
22554000	0.0225	629672.1475612051	0.0
22557600	0.0225	629672.1475612051	0.0
22561200	0.0225	629672.1475612051	0.0
22564800	0.0225	629672.1475612051	0.0
22568400	0.0225	629672.1475612051	0.0
22572000	0.0225	904301.1771852016	17295.831358725918
22575600	0.0225	778690.9455827211	43714.909373825845
22579200	0.0225	904301.1771852016	91056.20461926868
22582800	0.005	904301.1771852016	24214.16390221629
22586400	0.00375	904301.1771852016	0.0
22590000	0.00375	1027560.0871064388	3459.166271745184
22593600	0.00125	878923.0673749796	0.0
22597200	0.00625	904682.9554752584	8614.6494986274
22600800	0.00875	1027560.0871064388	10377.498815235553
22604400	0.0075	878923.0673749796	10665.415257943068
22608000	0.0075	878923.0673749796	0.0
22611600	0.01125	878923.0673749796	0.0
22615200	0.01375	901949.8555039584	0.0
22618800	0.015	901949.8555039584	173466.0648936177
22622400	0.015	901949.8555039584	342435.1473795768
22626000	0.01625	1027560.0871064388	324065.78125262243
22629600	0.0225	904301.1771852016	378272.45333539526
22633200	0.0225	1153552.096998976	411386.9602068966
22636800	0.0225	629672.1475612051	282503.6140886666
22640400	0.0225	629672.1475612051	0.0
22644000	0.0225	629672.1475612051	0.0
22647600	0.0225	629672.1475612051	0.0
22651200	0.0225	629672.1475612051	0.0
22654800	0.0225	629672.1475612051	0.0
22658400	0.0225	870138.1378417499	0.0
22662000	0.0225	987386.5691842588	91409.29271993155
22665600	0.0225	869926.9908900023	84964.53221786824
22669200	0.00625	863795.2303345213	47212.22776453346
22672800	0.0075	863795.2303345213	11826.749940127078
22676400	0.01	863795.2303345213	17295.831358725918
22680000	0.0075	863795.2303345213	24932.97085084761
22683600	0.0075	863795.2303345213	16041.57919986437
22687200	0.005	863795.2303345213	8968.127275662295
22690800	0.00375	629672.1475612051	8968.127275662295
22694400	0.0075	629672.1475612051	0.0
22698000	0.0125	1104261.2206150661	0.0
22701600	0.0175	1104261.2206150661	13049.74788336033
22705200	0.0175	1104261.2206150661	139190.81153534696
22708800	0.01875	863795.2303345213	362291.4676679455
22712400	0.01625	1104261.2206150661	344354.6675927972
22716000	0.0225	986801.6423208097	348452.2957007972
22719600	0.0225	746546.7989920126	259022.53375007596
22723200	0.0225	863795.2303345213	171055.85133990925
22726800	0.0225	891303.3516157931	0.0
22730400	0.0225	629672.1475612051	0.0
22734000	0.0225	629672.1475612051	0.0
22737600	0.0225	629672.1475612051	0.0
22741200	0.0225	629672.1475612051	0.0
22744800	0.0225	629672.1475612051	0.0
22748400	0.0225	890023.9277588439	12831.707513553907
22752000	0.0225	1017636.2871557667	70563.7949607957
22755600	0.01	1024042.7724165088	10784.155134973505
22759200	0.0025	890023.9277588439	0.0
22762800	0.0025	629672.1475612051	28196.226494048078
22766400	0.00625	629672.1475612051	1132.8160769257636
22770000	0.0075	890023.9277588439	9512.707247299257
22773600	0.0075	759917.0907579535	25234.628922996395
22777200	0.01	1017636.2871557667	35612.12773823195
22780800	0.01	1151655.1318134316	8169.814496192049
22784400	0.01375	1024042.7724165088	9512.707247299257
22788000	0.01625	1151655.1318134316	14036.237671761068
22791600	0.01625	890023.9277588439	192022.14869257115
22795200	0.02	1021548.2948125415	241706.67189839203
22798800	0.01875	893935.9354156186	377352.62939023774
22802400	0.0225	1024042.7724165088	572350.0465421355
22806000	0.0225	1151655.1318134316	394354.6722172718
22809600	0.0225	629672.1475612051	235606.34596656266
22813200	0.0225	629672.1475612051	8169.814496192049
22816800	0.0225	629672.1475612051	0.0
22820400	0.0225	629672.1475612051	0.0
22824000	0.0225	629672.1475612051	0.0
22827600	0.0225	629672.1475612051	0.0
22831200	0.0225	629672.1475612051	0.0
22834800	0.0225	770017.2628691683	75695.24765005385
22838400	0.0225	629672.1475612051	68906.32945640001
22842000	0.015	1012719.2147361734	1971.1249900211797
22845600	0.01	1113843.5207894056	0.0
22849200	0.00875	871141.5689224005	9243.359890217325
22852800	0.005	629672.1475612051	7210.1757785191785
22856400	0.01	629672.1475612051	10665.415257943068
22860000	0.01	629672.1475612051	20732.361055035606
22863600	0.01375	871141.5689224005	21361.144740317584
22867200	0.015	871141.5689224005	59346.08005695552
22870800	0.01625	1113843.5207894056	53397.15584525732
22874400	0.02	1113843.5207894056	48807.25325665592
22878000	0.02125	1012719.2147361734	391659.86409778387
22881600	0.02	1012719.2147361734	463860.7097568535
22885200	0.02	725179.8922961922	381876.19470593636
22888800	0.0225	872374.0994282104	553870.7392239384
22892400	0.0225	725179.8922961922	281921.0315656241
22896000	0.0225	725179.8922961922	119436.65999294611
22899600	0.0225	629672.1475612051	0.0
22903200	0.0225	629672.1475612051	22466.989864528136
22906800	0.0225	629672.1475612051	0.0
22910400	0.0225	629672.1475612051	0.0
22914000	0.0225	629672.1475612051	0.0
22917600	0.0225	629672.1475612051	0.0
22921200	0.0225	629672.1475612051	0.0
22924800	0.0225	629672.1475612051	11437.740294668869
22928400	0.01125	998072.2366434603	0.0
22932000	0.01125	1002659.6374179083	7080.100480786023
22935600	0.0125	750635.9936595305	29771.39795611646
22939200	0.01	881695.7913195828	12853.37650438031
22942800	0.00875	1119032.7617011499	7035.29709054571
22946400	0.00875	1119032.7617011499	5743.099665751599
22950000	0.0075	877108.3905451351	0.0
22953600	0.00875	1119032.7617011499	27329.62268342344
22957200	0.0075	750632.6726188946	32133.441260950778
22960800	0.01	881695.7913195828	41646.83072419814
22964400	0.01125	867009.1179427721	164981.92626228067
22968000	0.0125	867009.1179427721	265850.049116648
22971600	0.00875	629672.1475612051	276195.1026771974
22975200	0.0225	629672.1475612051	338075.1850534595
22978800	0.0225	629672.1475612051	291516.0045733686
22982400	0.0225	881695.7913195828	223940.1118337649
22986000	0.0225	629672.1475612051	0.0
22989600	0.0225	629672.1475612051	17740.124910190618
22993200	0.0225	629672.1475612051	0.0
22996800	0.0225	629672.1475612051	0.0
23000400	0.0225	629672.1475612051	0.0
23004000	0.0225	629672.1475612051	62980.69086113128
23007600	0.0225	855538.7846577249	10377.498815235553
23011200	0.0225	1112627.755689385	63430.1319611893
23014800	0.00625	1112627.755689385	11407.180050380417
23018400	0.00625	1112627.755689385	10377.498815235553
23022000	0.00625	1112627.755689385	0.0
23025600	0.00625	1112627.755689385	0.0
23029200	0.00625	989087.1654023337	17229.2989972548
23032800	0.0075	989087.1654023337	39609.8424154541
23036400	0.01	1112627.755689385	25321.66237847574
23040000	0.01125	1112627.755689385	20358.30124360957
23043600	0.0125	1112627.755689385	2871.5498328757994
23047200	0.01375	866025.2851898347	11789.710105593138
23050800	0.01625	989565.875476886	278182.8798981124
23054400	0.015	989087.1654023337	309535.5853818319
23058000	0.01875	866025.2851898347	358695.3571861036
23061600	0.0225	866025.2851898347	413663.4475128828
23065200	0.0225	989087.1654023337	310292.8443961264
23068800	0.0225	629672.1475612051	123484.3164978124
23072400	0.0225	629672.1475612051	0.0
23076000	0.0225	629672.1475612051	0.0
23079600	0.0225	629672.1475612051	4459.08013635867
23083200	0.0225	629672.1475612051	13377.24040907601
23086800	0.0225	629672.1475612051	0.0
23090400	0.0225	629672.1475612051	0.0
23094000	0.0225	629672.1475612051	26432.375128267817
23097600	0.0225	878916.4990223327	58716.46595825693
23101200	0.00875	869222.5478682392	35836.57541404579
23104800	0.0075	869222.5478682392	41579.675079797395
23108400	0.00625	869222.5478682392	26475.460720787207
23112000	0.00625	869222.5478682392	5743.099665751599
23115600	0.00875	757567.1638264095	6875.915742677363
23119200	0.00875	1118466.8993293669	0.0
23122800	0.00625	1118466.8993293669	11916.931806434568
23126400	0.005	878916.4990223327	6918.332543490368
23130000	0.01125	629672.1475612051	0.0
23133600	0.01625	1118466.8993293669	28134.754056897138
23137200	0.01625	994859.5719476398	329301.46119620465
23140800	0.01625	994859.5719476398	389068.99041444017
23144400	0.0175	994859.5719476398	352323.678164166
23148000	0.0225	757567.1638264095	468803.0933399173
23151600	0.0225	1118466.8993293669	451655.6922408595
23155200	0.0225	629672.1475612051	88488.53869044564
23158800	0.0225	629672.1475612051	0.0
23162400	0.0225	907954.663912538	59172.53985746787
23166000	0.0225	629672.1475612051	0.0
23169600	0.0225	629672.1475612051	0.0
23173200	0.0225	629672.1475612051	0.0
23176800	0.0225	629672.1475612051	5913.374970063539
23180400	0.0225	629672.1475612051	0.0
23184000	0.0225	1004870.4259924914	6918.332543490368
23187600	0.00875	863767.060039345	0.0
23191200	0.0075	863767.060039345	0.0
23194800	0.005	863767.060039345	0.0
23198400	0.00625	1142049.5763906778	10377.498815235553
23202000	0.01	907954.663912538	5851.553352799656
23205600	0.00875	907954.663912538	8918.16027271734
23209200	0.00625	907954.663912538	0.0
23212800	0.00875	1142049.5763906778	7884.499960084719
23216400	0.01625	1142049.5763906778	0.0
23220000	0.0175	1142049.5763906778	191136.41467990878
23223600	0.02	1027911.1681363434	325392.47666952916
23227200	0.015	1027911.1681363434	461458.58668211475
23230800	0.01625	1142049.5763906778	457864.8611090448
23234400	0.0225	1142049.5763906778	422644.67407937883
23238000	0.0225	1142049.5763906778	431733.0727198027
23241600	0.0225	863767.060039345	109553.1560522795
23245200	0.0225	629672.1475612051	0.0
23248800	0.0225	629672.1475612051	0.0
23252400	0.0225	629672.1475612051	0.0
23256000	0.0225	629672.1475612051	0.0
23259600	0.0225	629672.1475612051	0.0
23263200	0.0225	629672.1475612051	0.0
23266800	0.0225	629672.1475612051	44456.9582549162
23270400	0.0225	893397.4743155222	0.0
23274000	0.005	629672.1475612051	14818.986084972068
23277600	0.00625	629672.1475612051	25933.22564870112
23281200	0.0075	893397.4743155222	29637.972169944136
23284800	0.00875	629672.1475612051	44456.9582549162
23288400	0.00875	629672.1475612051	39078.1061443255
23292000	0.01125	629672.1475612051	24197.647622202494
23295600	0.0125	629672.1475612051	15567.303955658299
23299200	0.01375	918738.2164271334	24246.93168009807
23302800	0.0125	918738.2164271334	21293.365244774766
23306400	0.015	769031.3552343394	55762.16390397439
23310000	0.01875	893397.4743155222	284423.0016678791
23313600	0.02	1045903.867375615	399807.62537396187
23317200	0.02125	769031.3552343394	438318.2010620927
23320800	0.0225	896197.0061828208	524485.6230603881
23324400	0.0225	1045903.867375615	400546.7252653623
23328000	0.0225	1045903.867375615	325579.24824980844
23331600	0.0225	910870.1540469865	15793.524080816898
23335200	0.0225	629672.1475612051	0.0
23338800	0.0225	629672.1475612051	0.0
23342400	0.0225	629672.1475612051	0.0
23346000	0.0225	629672.1475612051	0.0
23349600	0.0225	629672.1475612051	0.0
23353200	0.0225	629672.1475612051	9150.192235735096
23356800	0.0225	629672.1475612051	37825.06011180964
23360400	0.00875	871472.6775487394	17735.53032874083
23364000	0.005	871472.6775487394	0.0
23367600	0.005	629672.1475612051	16886.90749174319
23371200	0.0025	629672.1475612051	7821.304522491583
23374800	0.00125	629672.1475612051	7821.304522491583
23378400	0.00375	629672.1475612051	0.0
23382000	0.0025	629672.1475612051	0.0
23385600	0.00625	629672.1475612051	0.0
23389200	0.01	629672.1475612051	0.0
23392800	0.01125	629672.1475612051	92598.43232100524
23396400	0.0125	629672.1475612051	204175.56361028636
23400000	0.01625	1026442.9114310555	293221.3079277826
23403600	0.015	1026442.9114310555	262060.45804501808
23407200	0.0225	1152670.6840345205	294899.2700162083
23410800	0.0225	871472.6775487394	279302.48955306126
23414400	0.0225	629672.1475612051	308773.72513279144
23418000	0.0225	629672.1475612051	1971.1249900211797
23421600	0.0225	629672.1475612051	0.0
23425200	0.0225	629672.1475612051	0.0
23428800	0.0225	629672.1475612051	0.0
23432400	0.0225	629672.1475612051	0.0
23436000	0.0225	629672.1475612051	0.0
23439600	0.0225	629672.1475612051	0.0
23443200	0.0225	920633.3357560723	0.0
23446800	0.00625	920633.3357560723	0.0
23450400	0.01375	774082.0853900705	22972.398663006396
23454000	0.0125	629672.1475612051	22228.4791274581
23457600	0.015	920633.3357560723	22228.4791274581
23461200	0.01375	1035008.2708887039	0.0
23464800	0.015	920633.3357560723	8891.39165098324
23468400	0.01	890598.3330598385	157888.17238986958
23472000	0.01	890598.3330598385	141126.09582575219
23475600	0.0125	890598.3330598385	81821.28063289385
23479200	0.01375	1037149.5834258406	252599.95658021697
23482800	0.015	920633.3357560723	157262.42371422457
23486400	0.01375	629672.1475612051	240901.83830553008
23490000	0.01625	920633.3357560723	381277.77223893936
23493600	0.0225	920633.3357560723	286097.5476062027
23497200	0.0225	629672.1475612051	156985.94049855723
23500800	0.0225	629672.1475612051	180648.79356901877
23504400	0.0225	629672.1475612051	5913.374970063539
23508000	0.0225	629672.1475612051	28022.46372193873
23511600	0.0225	629672.1475612051	0.0
23515200	0.0225	629672.1475612051	0.0
23518800	0.0225	629672.1475612051	0.0
23522400	0.0225	629672.1475612051	0.0
23526000	0.0225	629672.1475612051	0.0
23529600	0.0225	629672.1475612051	0.0
23533200	0.00875	896874.7644760816	0.0
23536800	0.00875	764343.8694405013	6796.896461554582
23540400	0.00875	896874.7644760816	4901.88869771523
23544000	0.01	896874.7644760816	4901.88869771523
23547600	0.01	896874.7644760816	1633.9628992384098
23551200	0.0125	896874.7644760816	0.0
23554800	0.00875	629672.1475612051	1971.1249900211797
23558400	0.01	629672.1475612051	46088.12326945824
23562000	0.0075	629672.1475612051	1971.1249900211797
23565600	0.00875	629672.1475612051	23410.170715883018
23569200	0.01125	764343.8694405013	102866.11117646548
23572800	0.00875	764343.8694405013	137397.76960225307
23576400	0.01125	753299.4708871583	191290.34803896124
23580000	0.0225	881484.0081267657	301948.00296170166
23583600	0.0225	629672.1475612051	266835.2423021274
23587200	0.0225	881484.0081267657	153047.78682392553
23590800	0.0225	1131800.5560739897	45750.961178675476
23594400	0.0225	892159.8378634457	47380.5722424507
23598000	0.0225	629672.1475612051	0.0
23601600	0.0225	629672.1475612051	0.0
23605200	0.0225	629672.1475612051	0.0
23608800	0.0225	629672.1475612051	0.0
23612400	0.0225	629672.1475612051	0.0
23616000	0.0225	744311.0686979282	86890.9875123836
23619600	0.01	1016198.2335958441	31152.93250564779
23623200	0.01	1131800.5560739897	13560.842425037266
23626800	0.01	1131800.5560739897	10377.498815235553
23630400	0.0125	1131800.5560739897	17506.04114961064
23634000	0.01125	983951.7869084722	36893.01788870285
23637600	0.01375	983951.7869084722	33942.44877470427
23641200	0.01125	892159.8378634457	1888.0267948762728
23644800	0.00875	892159.8378634457	1888.0267948762728
23648400	0.01375	777520.9167267226	31361.170877044962
23652000	0.01625	1016198.2335958441	345393.5252102345
23655600	0.01625	1131800.5560739897	371232.81932844175
23659200	0.015	1131800.5560739897	306648.83634052513
23662800	0.01375	1131800.5560739897	367624.54321013606
23666400	0.0225	983951.7869084722	292519.077938545
23670000	0.0225	983951.7869084722	396453.61676074425
23673600	0.0225	629672.1475612051	286419.07855435775
23677200	0.0225	629672.1475612051	0.0
23680800	0.0225	629672.1475612051	82492.9825226354
23684400	0.0225	629672.1475612051	0.0
23688000	0.0225	629672.1475612051	0.0
23691600	0.0225	629672.1475612051	0.0
23695200	0.0225	629672.1475612051	0.0
23698800	0.0225	735471.1686656715	17295.831358725918
23702400	0.0225	1102189.0203704636	91921.2642644381
23706000	0.01	847190.3263778978	39845.98804512905
23709600	0.00875	847190.3263778978	17104.590885457557
23713200	0.00625	884670.8415537709	9855.6249501059
23716800	0.0075	884670.8415537709	9855.6249501059
23720400	0.005	847190.3263778978	0.0
23724000	0.00375	847190.3263778978	63704.57510495089
23727600	0.0025	847190.3263778978	53327.07628971534
23731200	0.00875	847190.3263778978	3776.0535897525456
23734800	0.015	990469.8626582373	3776.0535897525456
23738400	0.0175	1102189.0203704636	183176.38544793986
23742000	0.01625	1102189.0203704636	275970.7080398073
23745600	0.0125	1102189.0203704636	236069.5714444953
23749200	0.01125	975967.6281786263	301075.65390844207
23752800	0.0225	1102189.0203704636	397705.8408310561
23756400	0.0225	975967.6281786263	348683.6532545232
23760000	0.0225	629672.1475612051	237669.17937574978
23763600	0.0225	629672.1475612051	0.0
23767200	0.0225	629672.1475612051	0.0
23770800	0.0225	629672.1475612051	0.0
23774400	0.0225	629672.1475612051	0.0
23778000	0.0225	629672.1475612051	0.0
23781600	0.0225	629672.1475612051	0.0
23785200	0.0225	629672.1475612051	21330.830515886137
23788800	0.0225	744345.8634298197	34069.78885232219
23792400	0.00625	850200.2787436743	119471.70856711047
23796000	0.005	850200.2787436743	28224.997422819975
23799600	0.0075	1120247.0035662262	37186.03742126073
23803200	0.01	1120247.0035662262	17295.831358725918
23806800	0.00875	1120247.0035662262	0.0
23810400	0.00875	850200.2787436743	17487.775653864264
23814000	0.0075	850200.2787436743	10378.20263710553
23817600	0.00625	850200.2787436743	0.0
23821200	0.00875	850200.2787436743	7110.276838628712
23824800	0.01875	744345.8634298197	157479.03500037472
23828400	0.01875	973015.0098619049	194162.25776361756
23832000	0.0175	744345.8634298197	319921.5406368766
23835600	0.02	973015.0098619049	356027.9915130462
23839200	0.0225	899718.872383757	417153.66193788435
23842800	0.0225	1120247.0035662262	337027.26243452064
23846400	0.0225	899718.872383757	96526.45176788604
23850000	0.0225	629672.1475612051	0.0
23853600	0.0225	629672.1475612051	0.0
23857200	0.0225	629672.1475612051	0.0
23860800	0.0225	629672.1475612051	0.0
23864400	0.0225	629672.1475612051	0.0
23868000	0.0225	629672.1475612051	0.0
23871600	0.0225	629672.1475612051	10665.415257943068
23875200	0.0225	629672.1475612051	52222.01755137703
23878800	0.0075	890054.2188088747	182571.26189468487
23882400	0.00375	878421.046122957	16886.90749174319
23886000	0.005	878421.046122957	0.0
23889600	0.00625	1138803.1173706264	1556.6248222853328
23893200	0.01	1011687.148636759	12390.703088379945
23896800	0.00875	878421.046122957	0.0
23900400	0.0075	878421.046122957	0.0
23904000	0.005	878421.046122957	0.0
23907600	0.0075	878421.046122957	0.0
23911200	0.01375	878421.046122957	99398.11025394658
23914800	0.015	1138803.1173706264	251943.1715604238
23918400	0.01875	1012889.3453701041	235072.82029978518
23922000	0.01625	1012889.3453701041	267789.5210417925
23925600	0.0225	764140.4468083524	423541.191040064
23929200	0.0225	764140.4468083524	287096.13015042176
23932800	0.0225	764140.4468083524	259134.41361757895
23936400	0.0225	629672.1475612051	0.0
23940000	0.0225	629672.1475612051	5913.374970063539
23943600	0.0225	629672.1475612051	0.0
23947200	0.0225	629672.1475612051	0.0
23950800	0.0225	629672.1475612051	0.0
23954400	0.0225	629672.1475612051	15768.999920169437
23958000	0.0225	629672.1475612051	36787.41112495903
23961600	0.0225	778086.6132648829	34809.43615760381
23965200	0.00875	1002822.5146402444	3942.2499800423593
23968800	0.0075	1141998.6300186594	27734.98957345501
23972400	0.005	629672.1475612051	13377.24040907601
23976000	0.00375	629672.1475612051	3942.2499800423593
23979600	0.00625	629672.1475612051	3942.2499800423593
23983200	0.0075	629672.1475612051	3942.2499800423593
23986800	0.00625	917262.7286432981	0.0
23990400	0.0075	917262.7286432981	14818.986084972068
23994000	0.0125	993584.1643149815	46934.68514741774
23997600	0.01875	1002822.5146402444	167291.49712908312
24001200	0.01875	1031694.2023508034	434398.2723811359
24004800	0.01875	993584.1643149815	312134.94400026405
24008400	0.0175	1141998.6300186594	451557.9401897699
24012000	0.0225	917262.7286432981	337010.12816855503
24015600	0.0225	1031694.2023508034	379369.60313260806
24019200	0.0225	744103.6212687106	255762.58465142196
24022800	0.0225	629672.1475612051	0.0
24026400	0.0225	629672.1475612051	0.0
24030000	0.0225	629672.1475612051	0.0
24033600	0.0225	629672.1475612051	0.0
24037200	0.0225	629672.1475612051	0.0
24040800	0.0225	629672.1475612051	0.0
24044400	0.0225	629672.1475612051	0.0
24048000	0.0225	763687.3073355737	0.0
24051600	0.01375	1024031.7559809543	9632.340955231844
24055200	0.015	1156661.5406460657	14534.229652947073
24058800	0.00875	897772.8953989821	4901.88869771523
24062400	0.005	629672.1475612051	13377.24040907601
24066000	0.00875	629672.1475612051	0.0
24069600	0.00625	888560.7928082889	24125.390479030717
24073200	0.00875	1156661.5406460657	13377.24040907601
24076800	0.01125	888560.7928082889	35545.48792954445
24080400	0.01375	1022646.3808716973	849.6120576943227
24084000	0.0125	1022575.9525826576	42326.425843562196
24087600	0.00875	1024031.7559809543	158404.3213846298
24091200	0.01	1024031.7559809543	228614.1720041884
24094800	0.0075	889946.1679175461	192634.64030359447
24098400	0.0225	888560.7928082889	283861.9768304671
24102000	0.0225	1156661.5406460657	283476.6414642237
24105600	0.0225	897772.8953989821	246054.1428055407
24109200	0.0225	629672.1475612051	0.0
24112800	0.0225	629672.1475612051	0.0
24116400	0.0225	629672.1475612051	0.0
24120000	0.0225	629672.1475612051	0.0
24123600	0.0225	629672.1475612051	0.0
24127200	0.0225	629672.1475612051	0.0
24130800	0.0225	629672.1475612051	3267.9257984768196
24134400	0.0225	750219.074187855	27310.76211387113
24138000	0.015	1127161.9796841168	15705.362051146412
24141600	0.0125	887329.0873502402	5743.099665751599
24145200	0.0125	869505.0398950817	4901.88869771523
24148800	0.00875	869505.0398950817	16001.668489611951
24152400	0.00375	629672.1475612051	16001.668489611951
24156000	0.00625	629672.1475612051	8891.39165098324
24159600	0.00375	629672.1475612051	8891.39165098324
24163200	0.0075	629672.1475612051	0.0
24166800	0.0125	869505.0398950817	8891.39165098324
24170400	0.01375	1127161.9796841168	121713.284331545
24174000	0.0175	1127161.9796841168	296294.0081396731
24177600	0.01625	999179.0204282154	321197.9061266011
24181200	0.01875	1127161.9796841168	329642.62957765645
24184800	0.0225	999179.0204282154	307603.48852875683
24188400	0.0225	879893.0547209887	407639.2128266755
24192000	0.0225	750219.074187855	165657.25294087495
24195600	0.0225	629672.1475612051	0.0
24199200	0.0225	629672.1475612051	0.0
24202800	0.0225	629672.1475612051	0.0
24206400	0.0225	629672.1475612051	39016.95119313836
24210000	0.0225	629672.1475612051	0.0
24213600	0.0225	629672.1475612051	13797.874930148258
24217200	0.0225	629672.1475612051	13377.24040907601
24220800	0.0225	757148.0162039516	73285.71506374847
24224400	0.005	900962.4817282073	185669.17824247826
24228000	0.00875	900962.4817282073	125157.1873425244
24231600	0.0075	1177063.4126399644	61655.86094071886
24235200	0.0075	1043917.7549347829	45097.19642845736
24238800	0.00875	905773.0784729624	9855.6249501059
24242400	0.01	629672.1475612051	38458.26650130093
24246000	0.00875	772627.4207677809	48183.34222292346
24249600	0.00625	629672.1475612051	78053.26153159657
24253200	0.01	629672.1475612051	123484.27473991639
24256800	0.0125	629672.1475612051	149843.80241988777
24260400	0.00875	905773.0784729624	184156.61580524597
24264000	0.0125	900962.4817282073	258802.76839861952
24267600	0.01375	900962.4817282073	241232.84801251942
24271200	0.0225	1177063.4126399644	319961.34391531476
24274800	0.0225	772627.4207677809	203281.57884150572
24278400	0.0225	629672.1475612051	196467.019864107
24282000	0.0225	629672.1475612051	0.0
24285600	0.0225	629672.1475612051	25033.287373268984
24289200	0.0225	629672.1475612051	9803.77739543046
24292800	0.0225	629672.1475612051	64296.44008503143
24296400	0.0225	629672.1475612051	0.0
24300000	0.0225	742776.501756574	36612.26036916645
24303600	0.0225	871175.4384128819	50970.009533545446
24307200	0.0225	871175.4384128819	191376.0848287565
24310800	0.0075	875204.0066718871	267436.758628092
24314400	0.00375	742776.501756574	120217.24281058992
24318000	0.005	629672.1475612051	32601.769386938548
24321600	0.00375	629672.1475612051	13377.24040907601
24325200	0.005	889193.4977557131	16836.406680821194
24328800	0.00875	889193.4977557131	0.0
24332400	0.00875	889193.4977557131	13350.582454315685
24336000	0.00875	889193.4977557131	23031.24095986099
24339600	0.01	629672.1475612051	153583.9225344928
24343200	0.01375	629672.1475612051	294584.8347210049
24346800	0.0175	762099.6524765182	417212.22582022956
24350400	0.0175	1003602.943328195	440076.89465506515
24354000	0.0175	1003602.943328195	374811.9432118652
24357600	0.0225	629672.1475612051	347573.9655998845
24361200	0.0225	1002297.8519510818	410982.82983481494
24364800	0.0225	629672.1475612051	250168.68633780364
24368400	0.0225	629672.1475612051	0.0
24372000	0.0225	629672.1475612051	0.0
24375600	0.0225	629672.1475612051	0.0
24379200	0.0225	629672.1475612051	0.0
24382800	0.0225	629672.1475612051	0.0
24386400	0.0225	629672.1475612051	44439.230241429446
24390000	0.0225	890492.3535328328	63336.81982847803
24393600	0.0225	629672.1475612051	92415.63280906239
24397200	0.0125	758086.6975241208	123799.57305200478
24400800	0.01125	890492.3535328328	0.0
24404400	0.0075	890492.3535328328	13377.24040907601
24408000	0.0075	890492.3535328328	0.0
24411600	0.0075	890492.3535328328	0.0
24415200	0.005	890492.3535328328	8891.39165098324
24418800	0.0075	890492.3535328328	39734.52027706874
24422400	0.00875	629672.1475612051	735.2833046572844
24426000	0.00625	629672.1475612051	78931.42701511468
24429600	0.01125	629672.1475612051	198258.10613824805
24433200	0.00875	870217.8801376312	329643.290700979
24436800	0.01375	762077.8035699173	236885.88244532625
24440400	0.0125	762077.8035699173	326373.4578170665
24444000	0.0225	762077.8035699173	287718.2362371983
24447600	0.0225	890492.3535328328	246090.42863831832
24451200	0.0225	762077.8035699173	188208.32705464924
24454800	0.0225	629672.1475612051	0.0
24458400	0.0225	629672.1475612051	54658.37571166809
24462000	0.0225	629672.1475612051	0.0
24465600	0.0225	871399.2534086332	0.0
24469200	0.0225	629672.1475612051	0.0
24472800	0.0225	629672.1475612051	0.0
24476400	0.0225	878677.3590719053	62694.509330634406
24480000	0.0225	991494.56807532	184629.18344014828
24483600	0.00375	1120404.464919333	140039.68525554158
24487200	0.0025	871399.2534086332	10377.498815235553
24490800	0.0025	878677.3590719053	0.0
24494400	0.005	878677.3590719053	12556.899478669759
24498000	0.005	878677.3590719053	32236.686116105942
24501600	0.00375	878677.3590719053	22972.398663006396
24505200	0.00625	878677.3590719053	107621.11159450721
24508800	0.005	878677.3590719053	166271.78364703828
24512400	0.01125	749767.4622278919	148449.4630959239
24516000	0.0125	991494.56807532	224269.71300729786
24519600	0.01375	991494.56807532	230627.55173077062
24523200	0.01	871399.2534086332	203980.08532057144
24526800	0.0075	860884.5135245204	165573.23410505292
24530400	0.0225	749767.4622278919	140029.17989815195
24534000	0.0225	871399.2534086332	110290.3957233813
24537600	0.0225	871399.2534086332	113203.41907789416
24541200	0.0225	881838.9634446483	0.0
24544800	0.0225	629672.1475612051	23317.13091672197
24548400	0.0225	629672.1475612051	0.0
24552000	0.0225	629672.1475612051	0.0
24555600	0.0225	629672.1475612051	0.0
24559200	0.0225	629672.1475612051	94794.58656304698
24562800	0.0225	629672.1475612051	36910.923839831135
24566400	0.0225	629672.1475612051	81522.95975729861
24570000	0.0125	1000816.820554456	34602.18962445987
24573600	0.00875	629672.1475612051	28481.454768086194
24577200	0.00625	629672.1475612051	51327.069376278385
24580800	0.00625	629672.1475612051	0.0
24584400	0.00875	629672.1475612051	0.0
24588000	0.00625	629672.1475612051	13377.24040907601
24591600	0.00375	629672.1475612051	0.0
24595200	0.00375	629672.1475612051	5913.374970063539
24598800	0.005	629672.1475612051	0.0
24602400	0.0075	881838.9634446483	99346.9019713888
24606000	0.01	992362.0523598413	221266.16004458143
24609600	0.01	884873.9542315579	238045.27359689807
24613200	0.01375	992362.0523598413	304387.0928467789
24616800	0.0225	864592.8709939108	178019.08070440864
24620400	0.0225	884873.9542315579	274253.8370122823
24624000	0.0225	745615.0138841032	175257.8489862908
24627600	0.0225	1171049.3269599958	0.0
24631200	0.0225	629672.1475612051	24885.96893520049
24634800	0.0225	629672.1475612051	0.0
24638400	0.0225	629672.1475612051	0.0
24642000	0.0225	629672.1475612051	0.0
24645600	0.0225	629672.1475612051	0.0
24649200	0.0225	629672.1475612051	0.0
24652800	0.0225	629672.1475612051	19711.2499002118
24656400	0.0025	629672.1475612051	8918.16027271734
24660000	0.00625	776650.0102729073	0.0
24663600	0.01	1054440.167004852	11147.700340896676
24667200	0.00875	1171049.3269599958	53455.52183159299
24670800	0.0125	1171049.3269599958	22959.911743354736
24674400	0.01	764803.5556954325	25225.543897206262
24678000	0.01375	1028390.5783622784	17079.712110691024
24681600	0.01375	893259.170228051	4908.869666678309
24685200	0.015	776650.0102729073	1132.8160769257636
24688800	0.01625	893259.170228051	131060.63411549818
24692400	0.01375	776650.0102729073	195306.25130304036
24696000	0.0125	893259.170228051	290041.1312591642
24699600	0.01125	893259.170228051	161502.1948817311
24703200	0.0225	776650.0102729073	214069.91215438524
24706800	0.0225	629672.1475612051	308026.55595505936
24710400	0.0225	629672.1475612051	178555.23598429217
24714000	0.0225	629672.1475612051	18763.161041509524
24717600	0.0225	629672.1475612051	22221.895429642373
24721200	0.0225	629672.1475612051	0.0
24724800	0.0225	629672.1475612051	0.0
24728400	0.0225	629672.1475612051	41493.16103792179
24732000	0.0225	747239.3469399095	50503.82756747968
24735600	0.0225	747239.3469399095	27673.330173961473
24739200	0.0225	747239.3469399095	103530.02532385534
24742800	0.00875	866369.5581017418	23349.372334279993
24746400	0.01	747239.3469399095	0.0
24750000	0.01	1142679.7652600645	0.0
24753600	0.00875	866369.5581017418	0.0
24757200	0.01	866369.5581017418	47200.669871906815
24760800	0.01125	866369.5581017418	4901.88869771523
24764400	0.0125	1142679.7652600645	0.0
24768000	0.01375	1016085.4879515676	13330.93566227147
24771600	0.01625	866369.5581017418	81031.96423669351
24775200	0.01875	1142679.7652600645	353666.49474285264
24778800	0.015	1142679.7652600645	365702.5043736204
24782400	0.01375	1016085.4879515676	351118.7361426911
24786000	0.0125	779388.0774110309	349735.6720557348
24789600	0.0225	905982.3547195278	242133.4534917135
24793200	0.0225	629672.1475612051	407905.48324233433
24796800	0.0225	905982.3547195278	283696.83796720987
24800400	0.0225	629672.1475612051	0.0
24804000	0.0225	629672.1475612051	33443.101022690025
24807600	0.0225	629672.1475612051	0.0
24811200	0.0225	629672.1475612051	0.0
24814800	0.0225	629672.1475612051	0.0
24818400	0.0225	629672.1475612051	0.0
24822000	0.0225	629672.1475612051	4901.88869771523
24825600	0.0225	743514.469752945	69502.15593990947
24829200	0.00875	872279.2009683964	34251.985024748305
24832800	0.005	629672.1475612051	11328.160769257636
24836400	0.005	872279.2009683964	0.0
24840000	0.005	629672.1475612051	0.0
24843600	0.00875	990900.7034314463	0.0
24847200	0.01	1101171.417471007	5743.099665751599
24850800	0.0075	1101171.417471007	28196.226494048078
24854400	0.0075	858564.3640638159	22295.40068179335
24858000	0.0125	858564.3640638159	14942.99850906562
24861600	0.015	1101171.417471007	160407.72332435643
24865200	0.01625	987329.095279267	274531.30162526
24868800	0.02	877058.3812397064	324384.7240025179
24872400	0.0175	854992.7559116364	314775.54789997445
24876000	0.0225	968835.0781033763	338692.19884379924
24879600	0.0225	739942.8616007657	371819.7822813212
24883200	0.0225	872279.2009683964	216066.89438804012
24886800	0.0225	629672.1475612051	0.0
24890400	0.0225	629672.1475612051	0.0
24894000	0.0225	629672.1475612051	0.0
24897600	0.0225	629672.1475612051	0.0
24901200	0.0225	629672.1475612051	0.0
24904800	0.0225	629672.1475612051	0.0
24908400	0.0225	629672.1475612051	9440.133974381364
24912000	0.0225	764800.7777320624	41888.18265172559
24915600	0.0075	909636.3562380364	39734.52027706874
24919200	0.00625	1145440.5489413275	30843.128626085498
24922800	0.00375	865476.3402644964	10377.498815235553
24926400	0.0025	865476.3402644964	0.0
24930000	0.00625	1030800.3824807354	0.0
24933600	0.0075	1145440.5489413275	0.0
24937200	0.005	1145440.5489413275	7110.276838628712
24940800	0.0075	774507.7260671791	7110.276838628712
24944400	0.0075	1000604.9704353537	0.0
24948000	0.01	909636.3562380364	106759.12013800147
24951600	0.01375	909636.3562380364	224591.73848620278
24955200	0.0125	909636.3562380364	333995.2458907272
24958800	0.01125	764800.7777320624	268918.67218628153
24962400	0.0225	909636.3562380364	208925.7758031874
24966000	0.0225	629672.1475612051	215923.72190270008
24969600	0.0225	629672.1475612051	67018.24966072012
24973200	0.0225	629672.1475612051	0.0
24976800	0.0225	629672.1475612051	0.0
24980400	0.0225	629672.1475612051	0.0
24984000	0.0225	629672.1475612051	0.0
24987600	0.0225	629672.1475612051	0.0
24991200	0.0225	629672.1475612051	0.0
24994800	0.0225	856971.5233678969	3459.166271745184
24998400	0.0225	876091.6211875819	34281.00454824282
25002000	0.00875	1102078.0503973346	36291.65197056949
25005600	0.01	1102078.0503973346	24896.80986446674
25009200	0.00625	1102078.0503973346	18435.82274049619
25012800	0.00375	856971.5233678969	10377.498815235553
25016400	0.00125	856971.5233678969	0.0
25020000	0.00125	629672.1475612051	0.0
25023600	0.00125	856971.5233678969	0.0
25027200	0.0025	856971.5233678969	0.0
25030800	0.00375	856971.5233678969	0.0
25034400	0.01	856971.5233678969	46896.25496877502
25038000	0.01	856971.5233678969	153886.55783739407
25041600	0.01375	629672.1475612051	251274.61939153288
25045200	0.0175	989465.3265219158	326089.2890746638
25048800	0.0225	876091.6211875819	367141.5065219925
25052400	0.0225	856971.5233678969	391679.63564643596
25056000	0.0225	988704.3450630007	273335.6244685495
25059600	0.0225	907182.7314944889	0.0
25063200	0.0225	629672.1475612051	0.0
25066800	0.0225	629672.1475612051	0.0
25070400	0.0225	629672.1475612051	0.0
25074000	0.0225	629672.1475612051	7884.499960084719
25077600	0.0225	629672.1475612051	0.0
25081200	0.0225	877360.0095769416	15011.20330831442
25084800	0.0225	907182.7314944889	80816.89549150012
25088400	0.0125	1154870.5935102254	51978.672594860414
25092000	0.01	1154870.5935102254	17761.842986357395
25095600	0.00875	1154870.5935102254	11705.766128232892
25099200	0.00875	1154870.5935102254	18595.039674724612
25102800	0.00875	877360.0095769416	43618.20409704668
25106400	0.0075	1154870.5935102254	14818.986084972068
25110000	0.0075	1154870.5935102254	10029.845091997064
25113600	0.00875	1154870.5935102254	10029.845091997064
25117200	0.00875	1154870.5935102254	28944.073619876253
25120800	0.01375	1154870.5935102254	169073.5406464443
25124400	0.015	1154870.5935102254	299670.7364442571
25128000	0.015	1021253.2483983133	373527.1530854405
25131600	0.015	1010977.354688854	382503.78892446833
25135200	0.0225	1154870.5935102254	341291.90891963354
25138800	0.0225	907182.7314944889	320730.4400606045
25142400	0.0225	629672.1475612051	249705.17825034284
25146000	0.0225	629672.1475612051	3839.812813210263
25149600	0.0225	629672.1475612051	84475.8818906258
25153200	0.0225	629672.1475612051	0.0
25156800	0.0225	629672.1475612051	0.0
25160400	0.0225	629672.1475612051	0.0
25164000	0.0225	629672.1475612051	2859.4350736672172
25167600	0.0225	629672.1475612051	0.0
25171200	0.0225	867618.2136725197	68708.47008043579
25174800	0.00625	867618.2136725197	29167.793877248623
25178400	0.00625	755973.658919038	0.0
25182000	0.0075	854450.5032215558	26667.08374755502
25185600	0.01125	629672.1475612051	43728.289894730304
25189200	0.0125	867618.2136725197	43728.289894730304
25192800	0.01125	867618.2136725197	37703.424522808986
25196400	0.0075	867618.2136725197	118868.48178328539
25200000	0.00625	867618.2136725197	20039.091991879915
25203600	0.0075	867618.2136725197	15809.724194473609
25207200	0.01	629672.1475612051	137327.23076179004
25210800	0.01125	867618.2136725197	216433.64409845255
25214400	0.01625	867618.2136725197	307235.46016660973
25218000	0.015	1092396.5693328702	406430.82742904394
25221600	0.0225	1092396.5693328702	400202.82054344425
25225200	0.0225	867618.2136725197	221841.0347020689
25228800	0.0225	629672.1475612051	279734.31003928615
25232400	0.0225	629672.1475612051	0.0
25236000	0.0225	629672.1475612051	10665.415257943068
25239600	0.0225	629672.1475612051	0.0
25243200	0.0225	629672.1475612051	0.0
25246800	0.0225	629672.1475612051	0.0
25250400	0.0225	629672.1475612051	0.0
25254000	0.0225	629672.1475612051	0.0
25257600	0.0225	873017.1408819063	88610.595672917
25261200	0.0125	873017.1408819063	14078.036780723463
25264800	0.01125	1127626.0822031633	3942.2499800423593
25268400	0.01	1127626.0822031633	7401.416251787543
25272000	0.00875	1127626.0822031633	74913.59930738718
25275600	0.01	873017.1408819063	73217.28235225016
25279200	0.00625	1127626.0822031633	8993.832306537479
25282800	0.005	1127626.0822031633	2675.448081815202
25286400	0.01	1127626.0822031633	3942.2499800423593
25290000	0.01	1127626.0822031633	54890.59123995106
25293600	0.015	1127626.0822031633	231743.2071541248
25297200	0.0175	995348.6541863228	318431.083004871
25300800	0.01625	752003.6608656219	200639.01463240804
25304400	0.01375	873017.1408819063	249540.44391472611
25308000	0.0225	1005294.5688987467	328583.3218927538
25311600	0.0225	1127626.0822031633	373984.1467229607
25315200	0.0225	629672.1475612051	222418.13203111963
25318800	0.0225	881386.474913484	0.0
25322400	0.0225	629672.1475612051	0.0
25326000	0.0225	629672.1475612051	0.0
25329600	0.0225	629672.1475612051	33773.81498348638
25333200	0.0225	629672.1475612051	0.0
25336800	0.0225	629672.1475612051	0.0
25340400	0.0225	766328.2230100166	11916.931806434568
25344000	0.0225	872688.5701617824	73223.98810848185
25347600	0.0075	629672.1475612051	239317.90595254296
25351200	0.01	773008.9073803173	143441.48597673766
25354800	0.0125	987746.8220652498	49018.886977152295
25358400	0.00875	881386.474913484	58455.51426030823
25362000	0.01125	881386.474913484	51187.2923733112
25365600	0.0125	881386.474913484	44319.713134540725
25369200	0.01125	773008.9073803173	67585.03781406753
25372800	0.01125	881386.474913484	143558.54994356475
25376400	0.01375	881386.474913484	293846.13686879724
25380000	0.015	881386.474913484	412037.84148046863
25383600	0.015	1018042.5503622955	431460.25186468824
25387200	0.01625	872688.5701617824	373511.0420745397
25390800	0.01875	629672.1475612051	445840.5124550716
25394400	0.0225	872688.5701617824	413292.0860474857
25398000	0.0225	872688.5701617824	425610.65824648493
25401600	0.0225	629672.1475612051	310906.06693538954
25405200	0.0225	629672.1475612051	0.0
25408800	0.0225	629672.1475612051	9440.133974381364
25412400	0.0225	629672.1475612051	0.0
25416000	0.0225	629672.1475612051	0.0
25419600	0.0225	629672.1475612051	0.0
25423200	0.0225	629672.1475612051	0.0
25426800	0.0225	629672.1475612051	13806.986498564564
25430400	0.0225	1107759.0758135451	119706.47738382667
25434000	0.015	1107759.0758135451	66035.72193421192
25437600	0.0075	892587.4093378135	0.0
25441200	0.00625	629672.1475612051	40046.634558395264
25444800	0.00375	629672.1475612051	8354.575285388737
25448400	0.005	629672.1475612051	6221.492233800122
25452000	0.0075	892587.4093378135	119225.01631700902
25455600	0.005	892587.4093378135	35931.30796789279
25459200	0.0075	1107759.0758135451	37833.84941735264
25462800	0.01125	892587.4093378135	23997.184330371903
25466400	0.01375	1107759.0758135451	216610.24286840853
25470000	0.0125	1107759.0758135451	286824.6523965122
25473600	0.01625	1107759.0758135451	307839.47593643994
25477200	0.01875	892587.4093378135	374332.7660605207
25480800	0.0225	851718.2257625253	309124.6165729673
25484400	0.0225	892587.4093378135	273815.40045948484
25488000	0.0225	892587.4093378135	163968.10029358522
25491600	0.0225	629672.1475612051	0.0
25495200	0.0225	629672.1475612051	0.0
25498800	0.0225	629672.1475612051	0.0
25502400	0.0225	629672.1475612051	0.0
25506000	0.0225	629672.1475612051	0.0
25509600	0.0225	629672.1475612051	0.0
25513200	0.0225	885800.3390463227	48553.69197240905
25516800	0.0225	1037641.9406955296	167455.0743913916
25520400	0.0125	1158481.3188874922	223893.51086646324
25524000	0.00875	1158481.3188874922	53204.58590952566
25527600	0.00375	1158481.3188874922	17229.2989972548
25531200	0.00125	885800.3390463227	0.0
25534800	0.00375	885800.3390463227	3942.2499800423593
25538400	0.00375	885800.3390463227	6918.332543490368
25542000	0.0075	1158481.3188874922	6918.332543490368
25545600	0.01125	1158481.3188874922	15532.982042117768
25549200	0.015	1158481.3188874922	33637.81392094946
25552800	0.01625	1037641.9406955296	257919.66099421048
25556400	0.01875	1021439.9306968898	283805.96687512496
25560000	0.01875	1021439.9306968898	281376.9301932492
25563600	0.02	1021439.9306968898	382115.260201406
25567200	0.0225	1021439.9306968898	365746.63694788376
25570800	0.0225	1158481.3188874922	183190.10982077164
25574400	0.0225	902353.1274023748	148451.76736840873
25578000	0.0225	629672.1475612051	0.0
25581600	0.0225	629672.1475612051	35672.64109086936
25585200	0.0225	629672.1475612051	0.0
25588800	0.0225	629672.1475612051	0.0
25592400	0.0225	629672.1475612051	4901.88869771523
25596000	0.0225	629672.1475612051	0.0
25599600	0.0225	629672.1475612051	0.0
25603200	0.0225	1063667.9233930155	75766.2474804227
25606800	0.005	1193396.1145851293	180939.8932887308
25610400	0.00875	1193396.1145851293	137726.08605875314
25614000	0.00625	895601.3901119998	171858.61445300834
25617600	0.00625	895601.3901119998	109355.86474699588
25621200	0.005	895601.3901119998	27295.20929543359
25624800	0.00375	629672.1475612051	3267.9257984768196
25628400	0.00625	629672.1475612051	3267.9257984768196
25632000	0.00375	895601.3901119998	42761.477213643884
25635600	0.00625	1193396.1145851293	71915.77790822908
25639200	0.01	1193396.1145851293	97641.0718323979
25642800	0.015	1063667.9233930155	248863.3507520127
25646400	0.015	797738.680842221	348196.8546904935
25650000	0.01875	1193396.1145851293	240945.78903538198
25653600	0.0225	1193396.1145851293	429201.83839210507
25657200	0.0225	1057428.1597325406	398371.1540931485
25660800	0.0225	629672.1475612051	171405.66435178887
25664400	0.0225	629672.1475612051	0.0
25668000	0.0225	629672.1475612051	0.0
25671600	0.0225	629672.1475612051	0.0
25675200	0.0225	629672.1475612051	0.0
25678800	0.0225	629672.1475612051	17775.69209657178
25682400	0.0225	629672.1475612051	0.0
25686000	0.0225	629672.1475612051	91544.81429734467
25689600	0.0225	758054.4908760607	78671.01089848811
25693200	0.01375	1124147.1538012521	238123.7065986851
25696800	0.01	740887.1689795679	37151.19648183502
25700400	0.0075	852085.7026065812	47816.61173977809
25704000	0.0075	852085.7026065812	10665.415257943068
25707600	0.0075	1124147.1538012521	27894.71425519787
25711200	0.0075	1012948.6201742389	19608.30953439185
25714800	0.00625	1124147.1538012521	64320.73632547979
25718400	0.00625	1124147.1538012521	70622.90764844127
25722000	0.01	852085.7026065812	37110.82420177854
25725600	0.01375	1124147.1538012521	189459.74378114002
25729200	0.0125	980468.0459214365	297526.06822655315
25732800	0.01375	980468.0459214365	230710.88542118692
25736400	0.01375	758054.4908760607	297370.62126827205
25740000	0.0225	1124147.1538012521	385261.848261667
25743600	0.0225	980468.0459214365	291297.5679363744
25747200	0.0225	1124147.1538012521	120601.81833755967
25750800	0.0225	629672.1475612051	0.0
25754400	0.0225	629672.1475612051	0.0
25758000	0.0225	629672.1475612051	0.0
25761600	0.0225	629672.1475612051	0.0
25765200	0.0225	629672.1475612051	0.0
25768800	0.0225	629672.1475612051	0.0
25772400	0.0225	629672.1475612051	0.0
25776000	0.0225	629672.1475612051	93599.93838066295
25779600	0.00875	629672.1475612051	78828.12964686762
25783200	0.01125	1004482.0004257914	160409.7763970959
25786800	0.00625	1135506.9325970155	81335.78492741643
25790400	0.005	1004482.0004257914	72569.06275710443
25794000	0.0075	1135506.9325970155	15660.779457497345
25797600	0.0075	1135506.9325970155	5743.099665751599
25801200	0.00875	1135506.9325970155	43072.05306855234
25804800	0.0075	1135506.9325970155	32406.637810609267
25808400	0.0075	1135506.9325970155	0.0
25812000	0.01375	1135506.9325970155	186890.83531582827
25815600	0.015	882264.6114272145	240932.81366155035
25819200	0.01375	629672.1475612051	286843.8662485522
25822800	0.01625	1135506.9325970155	267932.3795050462
25826400	0.0225	1013289.5435984386	392332.2711522692
25830000	0.0225	1013289.5435984386	386960.40230075846
25833600	0.0225	629672.1475612051	147023.277037018
25837200	0.0225	629672.1475612051	0.0
25840800	0.0225	629672.1475612051	0.0
25844400	0.0225	629672.1475612051	0.0
25848000	0.0225	629672.1475612051	0.0
25851600	0.0225	629672.1475612051	45226.909867793845
25855200	0.0225	629672.1475612051	0.0
25858800	0.0225	629672.1475612051	0.0
25862400	0.0225	745875.1427267662	33726.871149515544
25866000	0.00625	629672.1475612051	0.0
25869600	0.00875	888822.5997220783	0.0
25873200	0.0125	1108037.5355460963	17217.184238046215
25876800	0.01375	1108037.5355460963	21220.39334118032
25880400	0.0175	996884.0237206738	59947.49433245596
25884000	0.01625	888822.5997220783	49862.44780288407
25887600	0.015	888822.5997220783	31868.789978536355
25891200	0.01125	888822.5997220783	9440.133974381364
25894800	0.0125	888822.5997220783	11411.258964402543
25898400	0.015	996884.0237206738	104369.24733775928
25902000	0.01625	853936.5667253616	258003.09150222858
25905600	0.0175	1108037.5355460963	312824.9145091181
25909200	0.01875	965090.0785507842	414016.7349193046
25912800	0.0225	737733.5715598008	361292.24737840745
25916400	0.0225	888822.5997220783	317679.3709797417
25920000	0.0225	629672.1475612051	162302.60152245592
25923600	0.0225	629672.1475612051	4901.88869771523
25927200	0.0225	629672.1475612051	5228.681277562911
25930800	0.0225	629672.1475612051	0.0
25934400	0.0225	629672.1475612051	0.0
25938000	0.0225	897158.261636415	3459.166271745184
25941600	0.0225	629672.1475612051	40849.07248096025
25945200	0.0225	629672.1475612051	81768.18364423019
25948800	0.0225	757079.1339842081	133716.22981022793
25952400	0.015	757079.1339842081	128837.37010354329
25956000	0.01125	897158.261636415	65508.207757134325
25959600	0.01	1017301.7926134288	43011.45707788352
25963200	0.0125	629672.1475612051	0.0
25966800	0.01375	897158.261636415	16290.873785299093
25970400	0.01125	897158.261636415	20754.997630471105
25974000	0.00625	897158.261636415	31132.496445706656
25977600	0.01	629672.1475612051	0.0
25981200	0.01	629672.1475612051	111119.26287861803
25984800	0.015	897158.261636415	165305.0546012581
25988400	0.015	1157380.9202656357	290130.5848268549
25992000	0.01375	889894.8061904258	183077.15407915186
25995600	0.015	772226.7360820808	311969.7504509925
25999200	0.0225	889894.8061904258	260550.32690759987
26002800	0.0225	889894.8061904258	156581.99225558422
26006400	0.0225	629672.1475612051	43088.57740985342
26010000	0.0225	629672.1475612051	0.0
26013600	0.0225	629672.1475612051	0.0
26017200	0.0225	629672.1475612051	0.0
26020800	0.0225	629672.1475612051	0.0
26024400	0.0225	629672.1475612051	0.0
26028000	0.0225	629672.1475612051	0.0
26031600	0.0225	629672.1475612051	0.0
26035200	0.0225	629672.1475612051	66360.77913090221
26038800	0.0125	629672.1475612051	150588.91755742056
26042400	0.01	845128.378560965	21391.207830157073
26046000	0.00625	736514.1243933067	8891.39165098324
26049600	0.00625	629672.1475612051	0.0
26053200	0.0125	629672.1475612051	13377.24040907601
26056800	0.01125	845128.378560965	11826.749940127078
26060400	0.0075	845128.378560965	10815.263667778769
26064000	0.00625	736514.1243933067	6053.540975554072
26067600	0.00875	845128.378560965	25094.8617692589
26071200	0.015	736514.1243933067	154155.5793608257
26074800	0.015	845128.378560965	250732.89381951437
26078400	0.01375	845128.378560965	250300.2608354069
26082000	0.00875	845128.378560965	298003.99257179775
26085600	0.0225	629672.1475612051	268163.2555651352
26089200	0.0225	629672.1475612051	172153.2954038292
26092800	0.0225	629672.1475612051	125709.42020406036
26096400	0.0225	629672.1475612051	0.0
26100000	0.0225	629672.1475612051	0.0
26103600	0.0225	629672.1475612051	0.0
26107200	0.0225	629672.1475612051	6221.492233800122
26110800	0.0225	629672.1475612051	0.0
26114400	0.0225	629672.1475612051	0.0
26118000	0.0225	629672.1475612051	1888.0267948762728
26121600	0.0225	1014210.8449640467	93638.07198975209
26125200	0.01125	995877.8263009565	118634.06081192405
26128800	0.01	995877.8263009565	36852.259588094996
26132400	0.00625	857805.1237841572	16239.79931752126
26136000	0.0075	857805.1237841572	9829.594565306617
26139600	0.0075	743396.685217202	10377.498815235553
26143200	0.00625	857805.1237841572	0.0
26146800	0.00625	857805.1237841572	0.0
26150400	0.005	629672.1475612051	3942.2499800423593
26154000	0.01	1127935.3826200436	13797.874930148258
26157600	0.01375	1127935.3826200436	226018.7629938902
26161200	0.02	767744.8500780046	216618.11344946938
26164800	0.01625	995877.8263009565	266240.32240374846
26168400	0.015	881469.3877340015	285444.20752679056
26172000	0.0225	743396.685217202	336281.7271165071
26175600	0.0225	881469.3877340015	259804.57785337378
26179200	0.0225	1013526.9440530883	224299.79397202854
26182800	0.0225	629672.1475612051	8918.16027271734
26186400	0.0225	629672.1475612051	0.0
26190000	0.0225	629672.1475612051	0.0
26193600	0.0225	629672.1475612051	0.0
26197200	0.0225	629672.1475612051	0.0
26200800	0.0225	629672.1475612051	0.0
26204400	0.0225	629672.1475612051	0.0
26208000	0.0225	1021727.0245284091	115986.28769671757
26211600	0.01125	629672.1475612051	159291.8420371497
26215200	0.01125	881207.70662853	25068.948094821655
26218800	0.0125	1162594.635645025	44688.82952170632
26222400	0.0075	1162594.635645025	35127.10819534726
26226000	0.00875	897784.0355045863	2859.4350736672172
26229600	0.00875	897784.0355045863	11870.460537895637
26233200	0.01	897784.0355045863	11870.460537895637
26236800	0.00625	629672.1475612051	14818.986084972068
26240400	0.01125	629672.1475612051	95947.7159423747
26244000	0.01375	629672.1475612051	235228.30583293416
26247600	0.015	897784.0355045863	265005.25286590855
26251200	0.01625	1162594.635645025	374420.65956370626
26254800	0.02	897784.0355045863	414622.87118610396
26258400	0.0225	1022075.3177451459	423129.4252276552
26262000	0.0225	1162594.635645025	387182.0258667853
26265600	0.0225	1162594.635645025	165281.49643531162
26269200	0.0225	1146952.7284767171	0.0
26272800	0.0225	629672.1475612051	0.0
26276400	0.0225	629672.1475612051	0.0
26280000	0.0225	629672.1475612051	0.0
26283600	0.0225	629672.1475612051	0.0
26287200	0.0225	629672.1475612051	0.0
26290800	0.0225	629672.1475612051	0.0
26294400	0.0225	899455.7805363883	64462.589469628496
26298000	0.00375	629672.1475612051	32817.75875737643
26301600	0.00625	629672.1475612051	18358.294247098704
26305200	0.0075	629672.1475612051	27513.199947441954
26308800	0.00625	629672.1475612051	12694.213862469885
26312400	0.0125	1146952.7284767171	15104.214359010182
26316000	0.0125	1146952.7284767171	12833.641631025599
26319600	0.01375	877169.0955015342	67171.35696329523
26323200	0.0125	629672.1475612051	9352.266469033315
26326800	0.0125	1006680.8726698228	160501.28369046134
26330400	0.015	877169.0955015342	345501.8076007843
26334000	0.015	629672.1475612051	240674.16835330526
26337600	0.01625	629672.1475612051	344923.26177702594
26341200	0.0175	629672.1475612051	222178.41012494243
26344800	0.0225	877169.0955015342	351417.52345460997
26348400	0.0225	629672.1475612051	273338.55470822554
26352000	0.0225	629672.1475612051	164135.49602207576
26355600	0.0225	629672.1475612051	0.0
26359200	0.0225	629672.1475612051	0.0
26362800	0.0225	629672.1475612051	0.0
26366400	0.0225	629672.1475612051	0.0
26370000	0.0225	629672.1475612051	0.0
26373600	0.0225	629672.1475612051	81378.21248854573
26377200	0.0225	629672.1475612051	136307.3169084713
26380800	0.0225	869295.2517980188	119682.43019320176
26384400	0.01	752724.281642314	168650.30723536026
26388000	0.00625	629672.1475612051	123076.2881410457
26391600	0.00625	629672.1475612051	170241.3651142699
26395200	0.005	858198.8456717383	184224.47282642187
26398800	0.005	746243.1177169099	70022.34659309208
26402400	0.00875	858198.8456717383	29204.382644937104
26406000	0.00875	858198.8456717383	34942.56186975262
26409600	0.01	1103919.5274515783	124786.41475541206
26413200	0.01	1103919.5274515783	266334.62992216076
26416800	0.01125	981250.9797528472	331064.4284853335
26420400	0.015	991963.7994967499	507003.63807150774
26424000	0.01875	746243.1177169099	381345.2510446454
26427600	0.0175	981250.9797528472	544211.2558935712
26431200	0.0225	868911.6654156407	466724.89032810135
26434800	0.0225	869295.2517980188	263958.0314855256
26438400	0.0225	875392.8293410451	173292.8350494427
26442000	0.0225	629672.1475612051	980.3777395430459
26445600	0.0225	629672.1475612051	0.0
26449200	0.0225	629672.1475612051	0.0
26452800	0.0225	629672.1475612051	0.0
26456400	0.0225	629672.1475612051	0.0
26460000	0.0225	629672.1475612051	5913.374970063539
26463600	0.0225	629672.1475612051	735.2833046572844
26467200	0.0225	629672.1475612051	0.0
26470800	0.01	873473.7420616772	46959.518551317546
26474400	0.01	1120768.6495444174	17295.831358725918
26478000	0.0075	873473.7420616772	0.0
26481600	0.01	629672.1475612051	0.0
26485200	0.0125	873473.7420616772	6862.644176801321
26488800	0.0125	873473.7420616772	29182.8721469522
26492400	0.01125	629672.1475612051	32495.23200594483
26496000	0.01375	876967.0550439453	44564.74783258514
26499600	0.0175	1007530.3121043134	62608.96632702492
26503200	0.01875	1007530.3121043134	252815.19519167798
26506800	0.01875	1011591.3368869841	353873.1601939277
26510400	0.02	1011591.3368869841	345896.6682221102
26514000	0.0175	876967.0550439453	418472.0291137288
26517600	0.0225	764296.4294042441	387722.6421517531
26521200	0.0225	763728.7176038413	371504.46965402714
26524800	0.0225	1120768.6495444174	276649.35784405447
26528400	0.0225	883641.8555389394	0.0
26532000	0.0225	629672.1475612051	0.0
26535600	0.0225	629672.1475612051	0.0
26539200	0.0225	629672.1475612051	0.0
26542800	0.0225	629672.1475612051	0.0
26546400	0.0225	629672.1475612051	74010.65035914989
26550000	0.0225	629672.1475612051	15032.45867299337
26553600	0.0225	629672.1475612051	28104.16186690065
26557200	0.01	1013872.7560335705	111747.7616226241
26560800	0.0175	1146496.5353898748	113346.0124621209
26564400	0.0175	1146496.5353898748	83898.51016941291
26568000	0.01375	1146496.5353898748	19705.59914361964
26571600	0.0125	759903.0480558365	6862.644176801321
26575200	0.0125	892526.8274121408	18890.046144075237
26578800	0.015	1146496.5353898748	18102.830282095616
26582400	0.01375	873025.9068190923	29142.56014388786
26586000	0.0125	1013872.7560335705	91561.4337279227
26589600	0.01625	1005649.6861753967	253296.09668862354
26593200	0.0175	759903.0480558365	184445.21242962492
26596800	0.015	759903.0480558365	303220.4930325977
26600400	0.01625	873025.9068190923	453998.3460813657
26604000	0.0225	762295.9269175094	389715.36213384126
26607600	0.0225	873025.9068190923	312264.5455002051
26611200	0.0225	742795.0063244612	237372.88471476003
26614800	0.0225	869685.0422655167	5186.645129740224
26618400	0.0225	629672.1475612051	0.0
26622000	0.0225	629672.1475612051	0.0
26625600	0.0225	629672.1475612051	0.0
26629200	0.0225	629672.1475612051	0.0
26632800	0.0225	629672.1475612051	0.0
26636400	0.0225	629672.1475612051	2675.448081815202
26640000	0.0225	739701.5775309037	96892.91183998603
26643600	0.00625	629672.1475612051	80760.28621736994
26647200	0.00875	629672.1475612051	29771.11348541628
26650800	0.0075	901911.0300964986	35249.883613619124
26654400	0.0025	629672.1475612051	24584.468355676057
26658000	0.0025	629672.1475612051	5913.374970063539
26661600	0.00375	901911.0300964986	24213.374114484897
26665200	0.005	901911.0300964986	0.0
26668800	0.005	901911.0300964986	3776.0535897525456
26672400	0.00625	1141923.9248008102	38225.894039660576
26676000	0.00875	1031894.4948311115	181682.6827957074
26679600	0.01625	765250.262190046	253927.1438537688
26683200	0.01625	1005263.1568943576	376579.16654090484
26686800	0.0175	1031894.4948311115	324571.3971701509
26690400	0.0225	1031894.4948311115	389603.7487617138
26694000	0.0225	1011940.460066197	443910.6701730649
26697600	0.0225	629672.1475612051	221750.62253594317
26701200	0.0225	629672.1475612051	4901.88869771523
26704800	0.0225	873411.5493202226	80907.74173824128
26708400	0.0225	629672.1475612051	0.0
26712000	0.0225	629672.1475612051	0.0
26715600	0.0225	629672.1475612051	0.0
26719200	0.0225	629672.1475612051	0.0
26722800	0.0225	629672.1475612051	14804.76662104678
26726400	0.0225	1005639.10465729	46058.94582487963
26730000	0.00625	763445.4298236102	190147.2043778657
26733600	0.00625	886937.6058261981	132343.64602297626
26737200	0.00625	886937.6058261981	194923.27220078046
26740800	0.005	886937.6058261981	260164.81995680567
26744400	0.00875	1130677.0075852156	242744.36741330498
26748000	0.0075	1130677.0075852156	152963.79601117273
26751600	0.0075	886937.6058261981	115056.69455177478
26755200	0.01	629672.1475612051	139664.09993691422
26758800	0.0125	873411.5493202226	251342.47101383458
26762400	0.015	873411.5493202226	346457.368843365
26766000	0.01625	1005639.10465729	374461.7010482105
26769600	0.01625	1011975.5087541235	370087.4315278357
26773200	0.0175	1005639.10465729	272994.1760808754
26776800	0.0225	882146.9286547021	285132.85609967366
26780400	0.0225	748373.6463922972	490887.9344858982
26784000	0.0225	1005639.10465729	325553.0934342221
26787600	0.0225	890675.4612796758	0.0
26791200	0.0225	629672.1475612051	0.0
26794800	0.0225	629672.1475612051	0.0
26798400	0.0225	629672.1475612051	0.0
26802000	0.0225	629672.1475612051	0.0
26805600	0.0225	629672.1475612051	81109.96445855027
26809200	0.0225	629672.1475612051	56184.40971811924
26812800	0.0225	841894.1392006665	207265.2977196797
26816400	0.01	629672.1475612051	230618.72953635047
26820000	0.01125	629672.1475612051	9440.133974381364
26823600	0.00875	629672.1475612051	17775.69209657178
26827200	0.00875	629672.1475612051	73867.75361946183
26830800	0.00625	629672.1475612051	17775.69209657178
26834400	0.0075	629672.1475612051	26667.08374755502
26838000	0.0075	629672.1475612051	23703.286530560606
26841600	0.00625	629672.1475612051	5664.080384628818
26845200	0.01125	629672.1475612051	146770.98402911305
26848800	0.01125	815572.8678333347	160210.14403112626
26852400	0.01625	1076576.1815518052	254873.04269443906
26856000	0.01625	987007.9320224836	377344.1716220417
26859600	0.01625	987007.9320224836	427719.68442491174
26863200	0.0225	987007.9320224836	307117.9682055287
26866800	0.0225	1076576.1815518052	281178.1313966085
26870400	0.0225	629672.1475612051	0.0
26874000	0.0225	629672.1475612051	0.0
26877600	0.0225	629672.1475612051	0.0
26881200	0.0225	629672.1475612051	0.0
26884800	0.0225	629672.1475612051	0.0
26888400	0.0225	629672.1475612051	0.0
26892000	0.0225	629672.1475612051	15104.214359010182
26895600	0.0225	891360.9999506047	11934.123637520885
26899200	0.0225	754702.707044767	94436.79014426327
26902800	0.00875	891360.9999506047	83137.1328638655
26906400	0.00875	891360.9999506047	26164.127209089318
26910000	0.00875	891579.1992034412	3689.7078738739465
26913600	0.01125	1142218.9547380602	50412.76302587286
26917200	0.00875	1142218.9547380602	25048.415719281147
26920800	0.0075	1142218.9547380602	244051.64466582163
26924400	0.00875	880530.1023486608	85260.41534142726
26928000	0.00875	880530.1023486608	42735.87949733629
26931600	0.01375	880530.1023486608	72962.50789303952
26935200	0.015	880530.1023486608	245154.3265111198
26938800	0.0125	629672.1475612051	208107.86080154183
26942400	0.01375	891360.9999506047	222547.59893178425
26946000	0.01375	891360.9999506047	299029.0106606122
26949600	0.0225	754702.707044767	181515.81797851576
26953200	0.0225	891360.9999506047	345660.03710991924
26956800	0.0225	891360.9999506047	206464.34365333355
26960400	0.0225	629672.1475612051	0.0
26964000	0.0225	629672.1475612051	0.0
26967600	0.0225	629672.1475612051	0.0
26971200	0.0225	852649.8344876566	10377.498815235553
26974800	0.0225	629672.1475612051	20754.997630471105
26978400	0.0225	629672.1475612051	63992.49154765841
26982000	0.0225	629672.1475612051	120874.7062566881
26985600	0.0225	740852.9941791918	116641.44233314559
26989200	0.0125	959275.4106373021	148601.04011803673
26992800	0.0075	1097402.6651642637	47661.6962708735
26996400	0.00625	852649.8344876566	53214.6444653469
27000000	0.00375	852649.8344876566	17775.69209657178
27003600	0.00625	629672.1475612051	0.0
27007200	0.00875	629672.1475612051	6221.492233800122
27010800	0.00375	629672.1475612051	6221.492233800122
27014400	0.00625	629672.1475612051	16886.90749174319
27018000	0.01125	629672.1475612051	148247.57508091844
27021600	0.0125	740852.9941791918	279256.5293477533
27025200	0.01625	852649.8344876566	396781.3508790822
27028800	0.0175	1097402.6651642637	376836.3147042039
27032400	0.02	736297.7237108506	314545.67435478506
27036000	0.0225	985605.8248557986	368267.3556875304
27039600	0.0225	874424.9782378122	324049.6274166325
27043200	0.0225	852649.8344876566	213376.45709990562
27046800	0.0225	629672.1475612051	0.0
27050400	0.0225	629672.1475612051	46486.24448333276
27054000	0.0225	629672.1475612051	0.0
27057600	0.0225	629672.1475612051	0.0
27061200	0.0225	629672.1475612051	0.0
27064800	0.0225	629672.1475612051	43372.688715635144
27068400	0.0225	629672.1475612051	0.0
27072000	0.0225	866918.5237969824	63786.94542111574
27075600	0.0125	866918.5237969824	177070.66658588528
27079200	0.00875	866918.5237969824	180312.28799213964
27082800	0.00625	866918.5237969824	47446.63491581312
27086400	0.0075	866918.5237969824	22311.622452756437
27090000	0.00875	629672.1475612051	980.3777395430459
27093600	0.01125	629672.1475612051	0.0
27097200	0.01125	868923.4162449548	5913.374970063539
27100800	0.01	868923.4162449548	8614.6494986274
27104400	0.01	868923.4162449548	104873.55851359958
27108000	0.01	755446.476176624	236889.55763053446
27111600	0.01125	868923.4162449548	204781.2696590333
27115200	0.0125	629672.1475612051	151088.7698321097
27118800	0.01375	755446.476176624	219836.1437592212
27122400	0.0225	743149.0876295359	296482.65712435107
27126000	0.0225	868923.4162449548	184882.2011098439
27129600	0.0225	629672.1475612051	152865.0760055103
27133200	0.0225	629672.1475612051	0.0
27136800	0.0225	629672.1475612051	0.0
27140400	0.0225	629672.1475612051	0.0
27144000	0.0225	629672.1475612051	0.0
27147600	0.0225	629672.1475612051	0.0
27151200	0.0225	629672.1475612051	0.0
27154800	0.0225	629672.1475612051	0.0
27158400	0.0225	629672.1475612051	21390.956359326592
27162000	0.0125	1114737.6176047323	119480.55006389198
27165600	0.01125	1114737.6176047323	183518.89385785614
27169200	0.01	991683.5478704097	280456.1035884311
27172800	0.01125	862874.6936767313	193984.35581428494
27176400	0.01	629672.1475612051	64602.32923709779
27180000	0.00875	862874.6936767313	34885.9134600237
27183600	0.01	862874.6936767313	23995.606009993422
27187200	0.01	862874.6936767313	45257.0779753949
27190800	0.01375	629672.1475612051	102060.95233431646
27194400	0.01625	862874.6936767313	288739.476526796
27198000	0.01625	1114737.6176047323	317507.7303966382
27201600	0.01625	999508.2178472145	317581.06142261886
27205200	0.01625	991683.5478704097	236497.22645908577
27208800	0.0225	999508.2178472145	235056.96976713702
27212400	0.0225	862874.6936767313	301151.73708195455
27216000	0.0225	739820.6239424087	253354.23771630586
27219600	0.0225	1028314.424126927	35713.18221447366
27223200	0.0225	763059.5067024375	138535.52935034758
27226800	0.0225	629672.1475612051	0.0
27230400	0.0225	629672.1475612051	0.0
27234000	0.0225	629672.1475612051	4901.88869771523
27237600	0.0225	629672.1475612051	0.0
27241200	0.0225	629672.1475612051	47200.669871906815
27244800	0.0225	894927.0649856948	212310.4175413861
27248400	0.00625	629672.1475612051	171800.75766820146
27252000	0.0025	749899.0502805156	68047.9838966686
27255600	0.00125	629672.1475612051	0.0
27259200	0.0	629672.1475612051	0.0
27262800	0.0025	629672.1475612051	0.0
27266400	0.00375	763059.5067024375	6221.492233800122
27270000	0.00375	1160311.7892079137	19890.20606253481
27273600	0.01	1160311.7892079137	0.0
27277200	0.01125	1028314.424126927	262317.17312645307
27280800	0.01125	763059.5067024375	310675.00086856657
27284400	0.01625	763059.5067024375	244452.16465919974
27288000	0.015	1028314.424126927	380891.7959454238
27291600	0.0175	1015283.7745027347	289723.0094359128
27295200	0.0225	763059.5067024375	407055.0583989171
27298800	0.0225	895056.8717834242	363945.76941915706
27302400	0.0225	895056.8717834242	175706.50757875113
27306000	0.0225	629672.1475612051	0.0
27309600	0.0225	629672.1475612051	0.0
27313200	0.0225	629672.1475612051	0.0
27316800	0.0225	629672.1475612051	0.0
27320400	0.0225	629672.1475612051	0.0
27324000	0.0225	629672.1475612051	0.0
27327600	0.0225	629672.1475612051	8918.16027271734
27331200	0.0225	1008303.0169386019	96196.81706016463
27334800	0.01375	1008179.5216695159	153591.52136166708
27338400	0.0125	1008303.0169386019	69183.6336759558
27342000	0.01	903281.3895280247	37943.77962248097
27345600	0.01	903281.3895280247	1971.1249900211797
27349200	0.0125	786993.0418716387	10585.774488648578
27352800	0.00875	786993.0418716387	7884.499960084719
27356400	0.00875	903281.3895280247	69530.39519501997
27360000	0.01125	629672.1475612051	59240.45125977888
27363600	0.01375	850982.1226281682	227641.09305875693
27367200	0.015	850982.1226281682	299827.67122034513
27370800	0.01125	850982.1226281682	246904.49050845593
27374400	0.015	850982.1226281682	240228.23041970033
27378000	0.015	1124591.3645949878	240864.77707329812
27381600	0.0225	1124591.3645949878	419169.5575193252
27385200	0.0225	850982.1226281682	283351.4401143015
27388800	0.0225	629672.1475612051	187804.42407258603
27392400	0.0225	629672.1475612051	0.0
27396000	0.0225	629672.1475612051	0.0
27399600	0.0225	629672.1475612051	0.0
27403200	0.0225	629672.1475612051	0.0
27406800	0.0225	629672.1475612051	9855.6249501059
27410400	0.0225	629672.1475612051	31537.999840338874
27414000	0.0225	629672.1475612051	32242.322932132894
27417600	0.0225	960563.4413710786	168577.50019962358
27421200	0.0125	869402.5495748385	196488.67813443957
27424800	0.00875	982816.8415088416	121288.32078590864
27428400	0.005	1099770.1713962078	28150.755157400905
27432000	0.00625	869402.5495748385	14818.986084972068
27435600	0.005	869402.5495748385	6918.332543490368
27439200	0.00625	629672.1475612051	9632.340955231844
27442800	0.005	629672.1475612051	3942.2499800423593
27446400	0.0075	629672.1475612051	35303.986090487844
27450000	0.01375	629672.1475612051	142075.107380021
27453600	0.01625	869402.5495748385	280231.3111410257
27457200	0.0175	982816.8415088416	501312.8097649764
27460800	0.0175	982816.8415088416	417100.1997157789
27464400	0.0125	960563.4413710786	431554.89002089034
27468000	0.0225	730195.8195497091	370289.7173228676
27471600	0.0225	730195.8195497091	372649.5505287495
27475200	0.0225	629672.1475612051	117809.49878913129
27478800	0.0225	629672.1475612051	0.0
27482400	0.0225	629672.1475612051	49594.180949435264
27486000	0.0225	629672.1475612051	0.0
27489600	0.0225	629672.1475612051	0.0
27493200	0.0225	629672.1475612051	0.0
27496800	0.0225	629672.1475612051	0.0
27500400	0.0225	629672.1475612051	45750.961178675476
27504000	0.0225	870526.1603249812	165429.56074132212
27507600	0.0075	870526.1603249812	274910.93123554124
27511200	0.0025	870526.1603249812	122210.80151394472
27514800	0.005	870526.1603249812	41601.819660122055
27518400	0.005	870526.1603249812	63837.87306212436
27522000	0.00625	984074.6340462603	3267.9257984768196
27525600	0.0075	887700.5512336534	18917.872387649928
27529200	0.0075	887700.5512336534	26911.740651163236
27532800	0.005	887700.5512336534	114905.78907762468
27536400	0.005	774152.0775123744	106735.26625048055
27540000	0.015	887700.5512336534	115732.00447524544
27543600	0.015	1015006.0902761505	176648.3008847258
27547200	0.01375	889633.9032094106	345099.01594342734
27550800	0.015	899524.2645791143	335128.2613990013
27554400	0.0225	889633.9032094106	337560.4349712096
27558000	0.0225	889633.9032094106	358144.9348637414
27561600	0.0225	889633.9032094106	250943.59722133365
27565200	0.0225	629672.1475612051	0.0
27568800	0.0225	629672.1475612051	0.0
27572400	0.0225	629672.1475612051	0.0
27576000	0.0225	629672.1475612051	0.0
27579600	0.0225	629672.1475612051	0.0
27583200	0.0225	629672.1475612051	0.0
27586800	0.0225	882808.7662210651	6053.540975554072
27590400	0.0225	629672.1475612051	43396.547573425545
27594000	0.01	882808.7662210651	149562.79068377826
27597600	0.01375	898552.2950559882	180988.835598491
27601200	0.01125	898552.2950559882	204560.51835923907
27604800	0.0075	629672.1475612051	102112.13622099967
27608400	0.0075	629672.1475612051	115951.27443154734
27612000	0.0075	629672.1475612051	149720.7114395785
27615600	0.0075	629672.1475612051	131355.66585592678
27619200	0.005	629672.1475612051	147747.73857323977
27622800	0.0075	898552.2950559882	144234.0698435612
27626400	0.01125	1151688.913715848	137618.31998274644
27630000	0.01625	1151688.913715848	204762.96635589408
27633600	0.015	1027519.358311397	290346.9338764822
27637200	0.01625	1022721.8504604395	323561.0218687964
27640800	0.0225	886053.6302621947	276915.07155099016
27644400	0.0225	1015020.6935176034	303311.8899538142
27648000	0.0225	886053.6302621947	225807.74262174047
27651600	0.0225	891129.860744087	1292.1974247941098
27655200	0.0225	629672.1475612051	0.0
27658800	0.0225	629672.1475612051	0.0
27662400	0.0225	629672.1475612051	0.0
27666000	0.0225	629672.1475612051	0.0
27669600	0.0225	629672.1475612051	0.0
27673200	0.0225	629672.1475612051	0.0
27676800	0.0225	770217.3237116595	16469.859847957192
27680400	0.0075	891129.860744087	64067.134537279126
27684000	0.0075	891129.860744087	27856.286642193638
27687600	0.0075	629672.1475612051	0.0
27691200	0.00875	629672.1475612051	52760.61585977875
27694800	0.01	857251.7958618219	226387.41620319829
27698400	0.0125	1118709.5090447038	236907.38177769948
27702000	0.0125	1118709.5090447038	207871.31855646853
27705600	0.00875	857251.7958618219	279621.2607232233
27709200	0.01375	857251.7958618219	207330.47928228715
27712800	0.01625	904685.1737380044	338467.3398358242
27716400	0.0175	770217.3237116595	400277.01624725957
27720000	0.0175	1025597.7107704319	436942.07399305986
27723600	0.01375	1025597.7107704319	351727.62959742505
27727200	0.0225	770217.3237116595	160817.0982240143
27730800	0.0225	629672.1475612051	164748.98900548375
27734400	0.0225	629672.1475612051	23062.162383247804
27738000	0.0225	629672.1475612051	0.0
27741600	0.0225	629672.1475612051	0.0
27745200	0.0225	629672.1475612051	0.0
27748800	0.0225	629672.1475612051	0.0
27752400	0.0225	629672.1475612051	0.0
27756000	0.0225	629672.1475612051	0.0
27759600	0.0225	629672.1475612051	0.0
27763200	0.0225	879894.8125755156	37514.24638245773
27766800	0.01	879894.8125755156	189015.92200436743
27770400	0.01625	760928.031511927	70735.62783042745
27774000	0.015	870529.379994367	40629.74878350913
27777600	0.0125	629672.1475612051	14464.585149354598
27781200	0.01375	879894.8125755156	10377.498815235553
27784800	0.0125	879894.8125755156	23211.140446261154
27788400	0.00875	879894.8125755156	106247.27588392283
27792000	0.00875	879894.8125755156	146263.82962192927
27795600	0.01125	879894.8125755156	238546.17506642023
27799200	0.01125	760928.031511927	164288.7610366135
27802800	0.0125	760928.031511927	298809.55024549644
27806400	0.0125	760928.031511927	329979.25598874624
27810000	0.01125	629672.1475612051	204479.0277937259
27813600	0.0225	879894.8125755156	249849.86591940286
27817200	0.0225	764092.2420015158	325324.5276277446
27820800	0.0225	629672.1475612051	255112.90347909875
27824400	0.0225	629672.1475612051	0.0
27828000	0.0225	629672.1475612051	5913.374970063539
27831600	0.0225	629672.1475612051	0.0
27835200	0.0225	629672.1475612051	0.0
27838800	0.0225	629672.1475612051	0.0
27842400	0.0225	629672.1475612051	0.0
27846000	0.0225	629672.1475612051	0.0
27849600	0.0225	916050.7004614631	66327.4146925163
27853200	0.00875	1158193.4271557534	229259.78506393667
27856800	0.0075	753180.0074803454	217417.06618716512
27860400	0.0075	761517.2968368924	159315.10171878288
27864000	0.00375	629672.1475612051	28992.899002536666
27867600	0.00625	629672.1475612051	53611.92201652405
27871200	0.00625	902840.417960926	43708.50755462746
27874800	0.00625	885025.1567560327	11750.826724650457
27878400	0.00625	885025.1567560327	149215.6472365369
27882000	0.01	885025.1567560327	105248.64635223498
27885600	0.01375	761517.2968368924	233420.98465438237
27889200	0.0175	784205.5511857758	243994.84819951456
27892800	0.01875	1158193.4271557534	236170.03223415843
27896400	0.02	1034685.5672366132	379862.33208379115
27900000	0.0225	916050.7004614631	330958.6133293584
27903600	0.0225	902840.417960926	214091.8741056211
27907200	0.0225	1158193.4271557534	264920.46185810614
27910800	0.0225	629672.1475612051	9855.6249501059
27914400	0.0225	629672.1475612051	0.0
27918000	0.0225	629672.1475612051	0.0
27921600	0.0225	629672.1475612051	0.0
27925200	0.0225	629672.1475612051	0.0
27928800	0.0225	629672.1475612051	0.0
27932400	0.0225	629672.1475612051	0.0
27936000	0.0225	869293.3972526863	142192.6953678085
27939600	0.00875	738283.0272378456	134741.16014560332
27943200	0.01	629672.1475612051	134472.80100201603
27946800	0.00875	868502.6144847991	42089.340834912146
27950400	0.01	868502.6144847991	46990.98181409316
27954000	0.01625	1108123.86417628	13739.574472682467
27957600	0.01375	1108123.86417628	34248.46680747521
27961200	0.0125	1108123.86417628	14831.53524278088
27964800	0.01	983167.5138472368	145775.42756404114
27968400	0.01375	983167.5138472368	166256.1310435543
27972000	0.01625	983167.5138472368	315230.84289682726
27975600	0.0225	1108123.86417628	284515.34391704795
27979200	0.02125	852947.9266002832	372571.80055893684
27982800	0.02	977904.2769293266	386901.6272945546
27986400	0.0225	1108123.86417628	378149.2016804514
27990000	0.0225	1108123.86417628	285628.52081159584
27993600	0.0225	629672.1475612051	110911.12836098965
27997200	0.0225	629672.1475612051	0.0
28000800	0.0225	629672.1475612051	9803.77739543046
28004400	0.0225	629672.1475612051	0.0
28008000	0.0225	629672.1475612051	0.0
28011600	0.0225	907517.7105566978	0.0
28015200	0.0225	629672.1475612051	0.0
28018800	0.0225	629672.1475612051	15606.780477255345
28022400	0.0225	1033280.5978475553	86358.74844935846
28026000	0.00875	1162504.1091384373	231273.22948887022
28029600	0.0075	1162504.1091384373	201117.99406367698
28033200	0.00375	629672.1475612051	105817.00764608622
28036800	0.00375	629672.1475612051	37902.1811590487
28040400	0.00375	629672.1475612051	81097.66145530804
28044000	0.00625	629672.1475612051	108071.24210544997
28047600	0.00875	884658.5461429448	91880.84129766197
28051200	0.01	907517.7105566978	163736.77826918894
28054800	0.01375	1162504.1091384373	270029.5606988173
28058400	0.0175	907517.7105566978	423112.0342769583
28062000	0.0175	1162504.1091384373	324338.44356443663
28065600	0.01625	1036741.2218475798	355847.14842413325
28069200	0.0175	884312.9648067271	270875.77056442556
28072800	0.0225	629672.1475612051	262366.9465479386
28076400	0.0225	755435.0348520626	407465.3793834681
28080000	0.0225	758550.0775158696	224638.62090308327
28083600	0.0225	629672.1475612051	0.0
28087200	0.0225	629672.1475612051	0.0
28090800	0.0225	629672.1475612051	0.0
28094400	0.0225	629672.1475612051	0.0
28098000	0.0225	629672.1475612051	0.0
28101600	0.0225	629672.1475612051	0.0
28105200	0.0225	629672.1475612051	31160.02371104249
28108800	0.0225	1017039.120101355	229224.4598319933
28112400	0.005	629672.1475612051	127229.00303667341
28116000	0.0025	889808.9477017892	26432.375128267817
28119600	0.00125	629672.1475612051	68814.52816362679
28123200	0.0025	629672.1475612051	18408.26125004366
28126800	0.0025	629672.1475612051	56640.80384628818
28130400	0.00625	629672.1475612051	9440.133974381364
28134000	0.00625	629672.1475612051	9440.133974381364
28137600	0.0075	874495.7820725697	29374.458120584124
28141200	0.01125	629672.1475612051	127173.55982989163
28144800	0.01125	874495.7820725697	228832.35570599517
28148400	0.015	1134632.5822131538	163182.76344985265
28152000	0.01625	1034688.4105662201	179525.07636968448
28155600	0.0175	874495.7820725697	300155.624192651
28159200	0.0225	872159.6572369239	332571.7413875314
28162800	0.0225	874495.7820725697	325329.4328284723
28166400	0.0225	772215.4855899904	139900.53949474642
28170000	0.0225	629672.1475612051	0.0
28173600	0.0225	629672.1475612051	0.0
28177200	0.0225	629672.1475612051	0.0
28180800	0.0225	629672.1475612051	0.0
28184400	0.0225	629672.1475612051	0.0
28188000	0.0225	629672.1475612051	980.3777395430459
28191600	0.0225	629672.1475612051	65443.208481072565
28195200	0.0225	759679.9028217706	172204.88351435805
28198800	0.005	1137363.290737284	113038.06945085726
28202400	0.0025	759679.9028217706	91667.90620124737
28206000	0.00375	889757.0912083501	59940.8627809588
28209600	0.00375	629672.1475612051	8918.16027271734
28213200	0.0025	629672.1475612051	0.0
28216800	0.0025	629672.1475612051	0.0
28220400	0.00375	629672.1475612051	0.0
28224000	0.005	629672.1475612051	10665.415257943068
28227600	0.00375	629672.1475612051	50035.142559703745
28231200	0.01375	890275.1203577472	72984.24436874883
28234800	0.0175	876690.8848147278	208484.49819651045
28238400	0.02	877278.347090139	397528.0084325043
28242000	0.015	1007286.1023507044	540213.0489030253
28245600	0.0225	759679.9028217706	394291.1720387353
28249200	0.0225	1137363.290737284	422258.11447339616
28252800	0.0225	629672.1475612051	131044.34035494842
28256400	0.0225	905977.5448484505	0.0
28260000	0.0225	905977.5448484505	43073.247493136994
28263600	0.0225	905977.5448484505	7178.874582189499
28267200	0.0225	629672.1475612051	0.0
28270800	0.0225	629672.1475612051	0.0
28274400	0.0225	629672.1475612051	9855.6249501059
28278000	0.0225	629672.1475612051	0.0
28281600	0.0225	629672.1475612051	0.0
28285200	0.0075	905977.5448484505	30789.595989705456
28288800	0.00875	976773.6273917516	145367.66812074222
28292400	0.01375	1134216.8126284059	72474.44415532591
28296000	0.01125	1021341.3128655078	55123.328890593504
28299600	0.0125	1134216.8126284059	31337.350117716738
28303200	0.015	1134216.8126284059	24158.47553552724
28306800	0.01375	1134216.8126284059	97101.11354836712
28310400	0.01375	1134216.8126284059	232767.57403499354
28314000	0.015	976773.6273917516	290782.10114524467
28317600	0.01875	863898.1276288535	327999.32735412
28321200	0.015	629672.1475612051	353254.4492963419
28324800	0.015	905977.5448484505	295683.698524749
28328400	0.015	748534.3596117964	231963.34184372262
28332000	0.0225	629672.1475612051	311287.13992563717
28335600	0.0225	905977.5448484505	197862.64345386272
28339200	0.0225	629672.1475612051	98528.69690239371
28342800	0.0225	629672.1475612051	0.0
28346400	0.0225	629672.1475612051	0.0
28350000	0.0225	879848.2555952428	23349.372334279993
28353600	0.0225	629672.1475612051	0.0
28357200	0.0225	629672.1475612051	0.0
28360800	0.0225	629672.1475612051	0.0
28364400	0.0225	629672.1475612051	0.0
28368000	0.0225	629672.1475612051	55953.28683997043
28371600	0.00875	629672.1475612051	81487.58240887808
28375200	0.0125	1024131.7714633376	167048.18730062305
28378800	0.01125	1167230.7312197343	311435.46262936585
28382400	0.0125	1167230.7312197343	176929.99904640942
28386000	0.015	917054.6231856968	245027.51879191794
28389600	0.0125	917054.6231856968	375374.920568835
28393200	0.01	773955.6634293001	281700.45872179803
28396800	0.01125	917054.6231856968	229387.6243355041
28400400	0.01375	773955.6634293001	204993.09618967838
28404000	0.0175	1167230.7312197343	290053.60209760815
28407600	0.01625	1167230.7312197343	384761.18465637864
28411200	0.01625	879848.2555952428	280245.8198524305
28414800	0.01875	758719.8862248366	325427.7342950913
28418400	0.0225	1046102.3618493283	404857.61927347124
28422000	0.0225	879848.2555952428	415308.4250277355
28425600	0.0225	879848.2555952428	241100.67285580287
28429200	0.0225	629672.1475612051	4901.88869771523
28432800	0.0225	629672.1475612051	0.0
28436400	0.0225	629672.1475612051	0.0
28440000	0.0225	629672.1475612051	14818.986084972068
28443600	0.0225	629672.1475612051	0.0
28447200	0.0225	745902.1603528189	28160.282117202034
28450800	0.0225	629672.1475612051	0.0
28454400	0.0225	1008726.7580894378	91894.44417201601
28458000	0.01375	1002836.8128137444	303458.5935119974
28461600	0.01125	1002836.8128137444	393992.66776715056
28465200	0.00875	629672.1475612051	128456.22129976723
28468800	0.01	1129407.8242504168	75191.361335174
28472400	0.01375	1129407.8242504168	23787.113360634365
28476000	0.01125	1008726.7580894378	13340.86333975827
28479600	0.00875	1129407.8242504168	35573.98371544317
28483200	0.00875	1129407.8242504168	281912.8203622058
28486800	0.015	892496.745297824	281284.3675517669
28490400	0.02	882155.7466527654	352796.725513443
28494000	0.01875	1129407.8242504168	477915.71473702264
28497600	0.02	1129407.8242504168	406966.18428318726
28501200	0.02125	1002836.8128137444	528399.4744845364
28504800	0.0225	1008726.7580894378	476518.2730439956
28508400	0.0225	866583.2265137981	416585.0627838241
28512000	0.0225	629672.1475612051	159927.99240847814
28515600	0.0225	629672.1475612051	0.0
28519200	0.0225	629672.1475612051	0.0
28522800	0.0225	629672.1475612051	60757.84294838548
28526400	0.0225	629672.1475612051	0.0
28530000	0.0225	629672.1475612051	0.0
28533600	0.0225	629672.1475612051	17369.84651286171
28537200	0.0225	629672.1475612051	13876.996942340604
28540800	0.0225	741169.5201633035	48483.438620390436
28544400	0.00875	1018483.425060055	116132.16108804097
28548000	0.00375	879406.4315078631	82493.24169304114
28551600	0.0025	894644.3763440335	64110.04987172894
28555200	0.0025	894644.3763440335	42871.96853296066
28558800	0.0025	894644.3763440335	0.0
28562400	0.00625	1145218.7424983236	0.0
28566000	0.00625	1145218.7424983236	0.0
28569600	0.00625	894644.3763440335	48673.90893640396
28573200	0.00875	767909.058905765	190401.1612301516
28576800	0.0175	1145218.7424983236	238600.44309874132
28580400	0.015	894644.3763440335	249722.70242932328
28584000	0.015	1006141.7489461317	339233.9741847762
28587600	0.01375	894644.3763440335	271423.18170014775
28591200	0.0225	1145218.7424983236	306366.624575105
28594800	0.0225	894644.3763440335	280056.7994891746
28598400	0.0225	629672.1475612051	197836.21749388982
28602000	0.0225	629672.1475612051	0.0
28605600	0.0225	629672.1475612051	16614.6357949112
28609200	0.0225	629672.1475612051	0.0
28612800	0.0225	629672.1475612051	0.0
28616400	0.0225	629672.1475612051	0.0
28620000	0.0225	750808.0481153107	22584.410441206535
28623600	0.0225	884317.3890884519	111586.84930613989
28627200	0.0225	998481.2145134963	181807.2970207443
28630800	0.00875	1006205.486794217	245514.2623098226
28634400	0.0025	884317.3890884519	89403.71592861375
28638000	0.00125	750808.0481153107	33726.871149515544
28641600	0.00125	884317.3890884519	23349.372334279993
28645200	0.00625	1139714.8277673582	6918.332543490368
28648800	0.00875	1139714.8277673582	25196.484900207623
28652400	0.00875	1139714.8277673582	40087.31454932822
28656000	0.01	998481.2145134963	64876.66550635948
28659600	0.0075	743835.9729862495	52487.016821625686
28663200	0.0125	743835.9729862495	229134.7509050375
28666800	0.01625	1139714.8277673582	292889.0927522396
28670400	0.015	1139714.8277673582	443862.78897526837
28674000	0.01875	1006205.486794217	320924.20530217607
28677600	0.0225	885069.5862401114	303399.78862405394
28681200	0.0225	629672.1475612051	259734.30312867847
28684800	0.0225	629672.1475612051	38964.921706304434
28688400	0.0225	629672.1475612051	0.0
28692000	0.0225	629672.1475612051	0.0
28695600	0.0225	629672.1475612051	0.0
28699200	0.0225	629672.1475612051	0.0
28702800	0.0225	629672.1475612051	0.0
28706400	0.0225	629672.1475612051	0.0
28710000	0.0225	748386.7142584908	37737.877269783465
28713600	0.0225	629672.1475612051	166514.9543976342
28717200	0.0125	1004058.105780001	287158.7484673241
28720800	0.01	1008902.3266972248	224842.58703238558
28724400	0.00875	1131346.787807165	261659.466490038
28728000	0.01	1131346.787807165	76332.92666224856
28731600	0.01125	875675.3962856547	14492.010443165678
28735200	0.01125	1131346.787807165	91837.6703850678
28738800	0.01	1131346.787807165	35323.65898013224
28742400	0.01	875675.3962856547	81294.15985986593
28746000	0.0125	1131346.787807165	318842.59989767533
28749600	0.0175	1131346.787807165	309041.87380481075
28753200	0.01875	1131346.787807165	305870.0772918461
28756800	0.02125	748386.7142584908	370443.5687084651
28760400	0.02	875675.3962856547	360178.76447790454
28764000	0.0225	1008902.3266972248	363380.7759816836
28767600	0.0225	998119.8573955947	288328.93257280125
28771200	0.0225	1131346.787807165	254084.4723161236
28774800	0.0225	881709.241807021	0.0
28778400	0.0225	901613.297802394	11486.199331503198
28782000	0.0225	629672.1475612051	59133.74970063539
28785600	0.0225	629672.1475612051	58850.55944309652
28789200	0.0225	629672.1475612051	1982.4281346200864
28792800	0.0225	629672.1475612051	8169.814496192049
28796400	0.0225	629672.1475612051	60790.059557503664
28800000	0.0225	889670.0572021184	176364.8701649119
28803600	0.0125	1153650.3920482097	282286.1194758073
28807200	0.0125	1153650.3920482097	213235.17020290124
28810800	0.01375	1153650.3920482097	171229.33407656703
28814400	0.0125	1153650.3920482097	72142.08350339363
28818000	0.01125	1153650.3920482097	22660.654727184814
28821600	0.0125	1153650.3920482097	33954.58214690354
28825200	0.00625	629672.1475612051	20355.90056738621
28828800	0.005	629672.1475612051	46665.35060666013
28832400	0.01	776329.1143957763	136021.7448219997
28836000	0.01125	901613.297802394	248185.5108533332
28839600	0.02	1153650.3920482097	303205.65430180286
28843200	0.01625	776329.1143957763	299081.25527851965
28846800	0.015	901613.297802394	268389.3362220313
28850400	0.0225	1153650.3920482097	315531.9341443794
28854000	0.0225	1036327.0240366897	340435.0511672636
28857600	0.0225	1006993.4252136387	353911.9742779151
28861200	0.0225	907918.0257417427	0.0
28864800	0.0225	629672.1475612051	82502.72242647977
28868400	0.0225	629672.1475612051	0.0
28872000	0.0225	629672.1475612051	0.0
28875600	0.0225	629672.1475612051	0.0
28879200	0.0225	864002.8329415319	0.0
28882800	0.0225	629672.1475612051	0.0
28886400	0.0225	629672.1475612051	0.0
28890000	0.0125	739483.3313498516	157698.20683155837
28893600	0.0175	1142248.7111220695	258965.3798890112
28897200	0.0125	1142248.7111220695	258928.67384901998
28900800	0.0125	864002.8329415319	253725.5503727358
28904400	0.015	1142248.7111220695	148817.94864571362
28908000	0.01	864002.8329415319	168420.16739502567
28911600	0.00625	739483.3313498516	283780.4307079152
28915200	0.00625	629672.1475612051	176634.38433655072
28918800	0.01	629672.1475612051	156197.4623391459
28922400	0.015	907918.0257417427	240603.89814263617
28926000	0.01625	774924.9786079936	332762.86757631635
28929600	0.01625	774924.9786079936	290540.8451319396
28933200	0.01625	864002.8329415319	353299.4026254141
28936800	0.0225	884736.16239664	345151.70152769535
28940400	0.0225	899444.4801996741	267530.5834336412
28944000	0.0225	739483.3313498516	273812.83991220593
28947600	0.0225	629672.1475612051	0.0
28951200	0.0225	629672.1475612051	5927.5944339888265
28954800	0.0225	629672.1475612051	0.0
28958400	0.0225	629672.1475612051	0.0
28962000	0.0225	629672.1475612051	3267.9257984768196
28965600	0.0225	629672.1475612051	0.0
28969200	0.0225	629672.1475612051	0.0
28972800	0.0225	629672.1475612051	0.0
28976400	0.00125	629672.1475612051	5913.374970063539
28980000	0.00625	629672.1475612051	27346.455274861793
28983600	0.0075	629672.1475612051	39722.01075655463
28987200	0.01	912523.8625702274	23317.13091672197
28990800	0.0125	912523.8625702274	131871.97006472008
28994400	0.00875	912523.8625702274	91477.32473505259
28998000	0.01375	772375.2113902194	107696.04012119409
29001600	0.01125	772375.2113902194	242953.74750926453
29005200	0.00625	629672.1475612051	172966.11653415716
29008800	0.00625	769610.2530908799	39802.49385785182
29012400	0.005	629672.1475612051	86718.04016856046
29016000	0.0075	629672.1475612051	130625.3295508972
29019600	0.0125	629672.1475612051	154988.8048829987
29023200	0.0225	629672.1475612051	242862.22825044006
29026800	0.0225	893294.1333448901	297724.38386963785
29030400	0.0225	629672.1475612051	154916.55070968706
29034000	0.0225	629672.1475612051	0.0
29037600	0.0225	629672.1475612051	0.0
29041200	0.0225	629672.1475612051	0.0
29044800	0.0225	629672.1475612051	0.0
29048400	0.0225	629672.1475612051	0.0
29052000	0.0225	629672.1475612051	0.0
29055600	0.0225	884125.1913300229	71000.88193064288
29059200	0.0225	997799.4357287008	284448.5549384809
29062800	0.01125	1125734.5222548766	174451.63611018873
29066400	0.01125	997799.4357287008	161644.3918163717
29070000	0.01375	997799.4357287008	80535.28173915442
29073600	0.01375	1125734.5222548766	38424.61581799033
29077200	0.00875	1125734.5222548766	47134.44940005038
29080800	0.0075	1125734.5222548766	88888.07453040275
29084400	0.005	1125734.5222548766	162896.29333251776
29088000	0.01	1007794.7636413882	132255.8036559128
29091600	0.01375	1125734.5222548766	201870.09430776525
29095200	0.01625	1125734.5222548766	273853.7760750054
29098800	0.01875	997799.4357287008	412957.2691430183
29102400	0.01875	879859.6771152124	397779.18715515366
29106000	0.0175	997799.4357287008	455629.2405231764
29109600	0.0225	997799.4357287008	459331.813393803
29113200	0.0225	756190.1048038471	356949.93470174464
29116800	0.0225	884125.1913300229	202815.27203731687
29120400	0.0225	629672.1475612051	0.0
29124000	0.0225	629672.1475612051	0.0
29127600	0.0225	629672.1475612051	0.0
29131200	0.0225	629672.1475612051	0.0
29134800	0.0225	629672.1475612051	0.0
29138400	0.0225	629672.1475612051	49999.26471669534
29142000	0.0225	629672.1475612051	18708.875196279794
29145600	0.0225	771232.5572476827	151410.09187057073
29149200	0.01	866133.1616833964	258737.96854394343
29152800	0.00875	866133.1616833964	219435.46321117898
29156400	0.01	866133.1616833964	103146.95083795622
29160000	0.00625	1125098.5740098716	220492.39517651984
29163600	0.00625	1125098.5740098716	119349.12564019402
29167200	0.005	1005479.9074730712	99352.69001917561
29170800	0.005	866133.1616833964	83607.72141675209
29174400	0.00625	866133.1616833964	64791.59495001419
29178000	0.0075	888637.5598876805	96615.88786954779
29181600	0.01125	629672.1475612051	102317.92394940648
29185200	0.015	1125098.5740098716	262046.03849101716
29188800	0.01375	1125098.5740098716	243638.13212193683
29192400	0.01375	1125098.5740098716	252134.9325146234
29196000	0.0225	866133.1616833964	241931.93547015902
29199600	0.0225	888637.5598876805	366690.62634633644
29203200	0.0225	888637.5598876805	74020.21442247555
29206800	0.0225	629672.1475612051	0.0
29210400	0.0225	629672.1475612051	0.0
29214000	0.0225	629672.1475612051	0.0
29217600	0.0225	629672.1475612051	0.0
29221200	0.0225	629672.1475612051	0.0
29224800	0.0225	772890.941347545	0.0
29228400	0.0225	907947.4428241963	58018.61309638538
29232000	0.0225	1025888.9869623699	129315.17906877585
29235600	0.0075	1163883.2352269634	300890.92987184087
29239200	0.00625	882670.19317603	84802.8896387097
29242800	0.00625	882670.19317603	149251.12414167644
29246400	0.005	629672.1475612051	73282.69727660804
29250000	0.0075	629672.1475612051	84274.65900001154
29253600	0.00875	910885.1896121388	110958.15607587085
29257200	0.00875	910885.1896121388	190377.40680286768
29260800	0.00875	1028826.7337503121	254561.35495142802
29264400	0.0075	1163883.2352269634	208098.72394483187
29268000	0.01	902722.8973024501	100963.88351461687
29271600	0.015	1163883.2352269634	282715.46973908995
29275200	0.015	1163883.2352269634	420147.07658380736
29278800	0.0125	764728.6490378564	310415.7008933616
29282400	0.0225	1045941.6910887901	236330.74580456378
29286000	0.0225	772890.941347545	366194.68585574266
29289600	0.0225	1020664.4414406235	366160.7268247637
29293200	0.0225	629672.1475612051	0.0
29296800	0.0225	629672.1475612051	0.0
29300400	0.0225	629672.1475612051	0.0
29304000	0.0225	850791.391669448	6918.332543490368
29307600	0.0225	629672.1475612051	0.0
29311200	0.0225	629672.1475612051	0.0
29314800	0.0225	629672.1475612051	34976.958951468485
29318400	0.0225	850791.391669448	62135.16056239036
29322000	0.01125	744551.5171848547	352447.0017028453
29325600	0.01	629672.1475612051	260617.71574912485
29329200	0.00875	744551.5171848547	297864.55840942095
29332800	0.00625	1108158.9369881174	187486.3087288905
29336400	0.00875	1108158.9369881174	187171.65165600437
29340000	0.005	989933.9966097458	212281.3152388591
29343600	0.0075	989933.9966097458	76475.25337911877
29347200	0.00875	1108158.9369881174	155115.7449258733
29350800	0.01	965670.7612930976	177960.46697404722
29354400	0.01375	847445.820914726	301268.67882619216
29358000	0.01625	965670.7612930976	387965.83485526853
29361600	0.01625	993279.5673644678	344454.3472158156
29365200	0.0175	847445.820914726	388172.13476529054
29368800	0.0225	847445.820914726	449660.0150970502
29372400	0.0225	1108158.9369881174	473035.2044161033
29376000	0.0225	744551.5171848547	355293.2839308247
29379600	0.0225	629672.1475612051	0.0
29383200	0.0225	629672.1475612051	49018.886977152295
29386800	0.0225	629672.1475612051	0.0
29390400	0.0225	629672.1475612051	0.0
29394000	0.0225	629672.1475612051	0.0
29397600	0.0225	629672.1475612051	48883.15326557239
29401200	0.0225	629672.1475612051	17775.69209657178
29404800	0.0225	762369.5607826461	48866.06173409336
29408400	0.00625	629672.1475612051	141130.92891862313
29412000	0.00625	1003544.2815504051	137447.7483850185
29415600	0.00625	894524.8919540942	32565.873316427766
29419200	0.00375	894524.8919540942	114003.77909781606
29422800	0.00375	894524.8919540942	59297.98457484085
29426400	0.00625	629672.1475612051	98016.37729504143
29430000	0.00375	629672.1475612051	76402.81291069841
29433600	0.0025	629672.1475612051	35677.480832984904
29437200	0.0075	870846.8683289641	29767.80335455523
29440800	0.01375	870846.8683289641	170372.28385955174
29444400	0.015	1135699.6127218532	308628.3810880465
29448000	0.0175	870846.8683289641	293834.11919974966
29451600	0.02125	990245.197408167	260049.52903768866
29455200	0.0225	858089.8662367188	366510.98651054146
29458800	0.0225	870846.8683289641	260476.14438458174
29462400	0.0225	629672.1475612051	164452.87825838197
29466000	0.0225	777084.3527414051	25073.948414811377
29469600	0.0225	629672.1475612051	72702.58067497858
29473200	0.0225	629672.1475612051	0.0
29476800	0.0225	629672.1475612051	29566.874850317694
29480400	0.0225	629672.1475612051	0.0
29484000	0.0225	629672.1475612051	0.0
29487600	0.0225	629672.1475612051	0.0
29491200	0.0225	890977.2686037733	62304.884230917
29494800	0.01125	754635.375020972	194348.21784930673
29498400	0.01125	1169924.0128329191	320451.44339862047
29502000	0.00875	1169924.0128329191	131064.93016581007
29505600	0.00875	890977.2686037733	37587.03788384664
29509200	0.01	890977.2686037733	35230.95523494651
29512800	0.01	908618.8917903511	27289.08155981914
29516400	0.01125	1169924.0128329191	19120.34007482761
29520000	0.015	902047.5802011718	72921.03885170228
29523600	0.01375	1169924.0128329191	316412.0379709102
29527200	0.01625	1169924.0128329191	268356.4736993825
29530800	0.01625	1033582.1192501178	345786.6688571758
29534400	0.0175	777084.3527414051	516291.1547990433
29538000	0.0175	902047.5802011718	467581.2607382844
29541600	0.0225	902047.5802011718	433066.18641805585
29545200	0.0225	777084.3527414051	231553.87906302445
29548800	0.0225	777084.3527414051	259928.7987302079
29552400	0.0225	629672.1475612051	0.0
29556000	0.0225	629672.1475612051	0.0
29559600	0.0225	629672.1475612051	0.0
29563200	0.0225	629672.1475612051	0.0
29566800	0.0225	629672.1475612051	0.0
29570400	0.0225	629672.1475612051	8891.39165098324
29574000	0.0225	629672.1475612051	0.0
29577600	0.0225	629672.1475612051	27244.735195803514
29581200	0.01375	1119925.5119682518	213853.71578133904
29584800	0.0175	1119925.5119682518	308480.46695298626
29588400	0.01375	1119925.5119682518	462430.34971286386
29592000	0.01125	1119925.5119682518	358404.0497128236
29595600	0.0125	985675.84840854	348297.1349646468
29599200	0.01125	985675.84840854	227221.48626505322
29602800	0.01	1119925.5119682518	171598.00801636538
29606400	0.01375	1119925.5119682518	180566.9832820847
29610000	0.015	880468.5346693508	235254.66700591045
29613600	0.01625	880468.5346693508	271808.4530038706
29617200	0.015	1014718.1982290626	317888.5538420682
29620800	0.015	751529.2797348297	418861.62384610344
29624400	0.015	1014718.1982290626	314673.1117250172
29628000	0.0225	880468.5346693508	364450.9769830339
29631600	0.0225	985675.84840854	197413.6700366389
29635200	0.0225	1119925.5119682518	130705.32603044927
29638800	0.0225	886990.1375859356	0.0
29642400	0.0225	629672.1475612051	23997.184330371903
29646000	0.0225	629672.1475612051	0.0
29649600	0.0225	629672.1475612051	0.0
29653200	0.0225	629672.1475612051	0.0
29656800	0.0225	629672.1475612051	0.0
29660400	0.0225	877963.0549685936	22484.580766343697
29664000	0.0225	877963.0549685936	63126.22748239845
29667600	0.0125	1135281.0449933242	81991.90174545618
29671200	0.01375	1135281.0449933242	206054.36013927835
29674800	0.01	886990.1375859356	295873.966625244
29678400	0.00875	629672.1475612051	136485.80297072796
29682000	0.00875	886990.1375859356	128771.29110253244
29685600	0.0075	886990.1375859356	115650.84038038302
29689200	0.0075	886990.1375859356	139650.50415211395
29692800	0.00625	1135281.0449933242	140608.40785869863
29696400	0.01125	1135281.0449933242	129874.23210030839
29700000	0.015	776283.2852644499	206109.1333226013
29703600	0.0175	1135281.0449933242	311498.77892468555
29707200	0.01875	988669.9072900796	318006.81184218015
29710800	0.0175	629672.1475612051	296862.1461139208
29714400	0.0225	777483.2207219757	268554.4324596781
29718000	0.0225	777483.2207219757	350146.0600245328
29721600	0.0225	776283.2852644499	173880.4222440522
29725200	0.0225	629672.1475612051	15088.147039682417
29728800	0.0225	629672.1475612051	10665.415257943068
29732400	0.0225	877846.1524966133	0.0
29736000	0.0225	629672.1475612051	0.0
29739600	0.0225	629672.1475612051	0.0
29743200	0.0225	629672.1475612051	0.0
29746800	0.0225	629672.1475612051	29374.458120584124
29750400	0.0225	760400.9186519843	181668.08174547195
29754000	0.0075	862343.5002186843	172532.7333076453
29757600	0.00625	862343.5002186843	147310.9122348107
29761200	0.0075	1110517.5051540923	58355.366280353854
29764800	0.0075	1110517.5051540923	44289.31927817081
29768400	0.00625	862343.5002186843	74229.29407793579
29772000	0.00875	862343.5002186843	118269.28099379996
29775600	0.01	862343.5002186843	135329.84684831422
29779200	0.01125	862343.5002186843	193860.98940851967
29782800	0.0125	862343.5002186843	237291.066499392
29786400	0.01375	862343.5002186843	192335.6922727663
29790000	0.0175	1110517.5051540923	267447.7141259622
29793600	0.01625	988580.8836384704	408792.60886812693
29797200	0.015	1110517.5051540923	330318.9401399471
29800800	0.0225	1110517.5051540923	287772.42539267393
29804400	0.0225	1110517.5051540923	416396.53819107066
29808000	0.0225	877846.1524966133	225261.48721127733
29811600	0.0225	629672.1475612051	3942.2499800423593
29815200	0.0225	629672.1475612051	0.0
29818800	0.0225	629672.1475612051	0.0
29822400	0.0225	629672.1475612051	0.0
29826000	0.0225	629672.1475612051	0.0
29829600	0.0225	629672.1475612051	0.0
29833200	0.0225	629672.1475612051	0.0
29836800	0.0225	629672.1475612051	23409.596123357907
29840400	0.00625	895853.078923604	122248.11789249584
29844000	0.005	629672.1475612051	113837.13777881971
29847600	0.005	629672.1475612051	198303.45699643382
29851200	0.005	629672.1475612051	200194.34682935337
29854800	0.00625	629672.1475612051	73267.59854167394
29858400	0.0075	629672.1475612051	28933.167182758025
29862000	0.00625	629672.1475612051	43295.96039550648
29865600	0.00625	629672.1475612051	65106.21293079048
29869200	0.005	629672.1475612051	112920.64040895214
29872800	0.00375	629672.1475612051	71567.57498664234
29876400	0.01	884195.2650818455	83788.76270318848
29880000	0.0125	884195.2650818455	180376.94787937793
29883600	0.0125	895853.078923604	228051.01031473873
29887200	0.0225	768689.6964990455	207354.56659683108
29890800	0.0225	750775.4050375868	148231.7671084343
29894400	0.0225	1023212.8140196858	118795.73715365338
29898000	0.0225	629672.1475612051	0.0
29901600	0.0225	629672.1475612051	0.0
29905200	0.0225	629672.1475612051	0.0
29908800	0.0225	629672.1475612051	0.0
29912400	0.0225	629672.1475612051	0.0
29916000	0.0225	629672.1475612051	0.0
29919600	0.0225	629672.1475612051	849.6120576943227
29923200	0.0225	629672.1475612051	138798.87481842053
29926800	0.01	900745.8878731963	297414.1847813898
29930400	0.01	1164218.624204827	225954.85487868424
29934000	0.005	1164218.624204827	270746.8765528257
29937600	0.0	900745.8878731963	73080.9432466891
29941200	0.00375	629672.1475612051	0.0
29944800	0.0075	900745.8878731963	8891.39165098324
29948400	0.00375	1164218.624204827	41475.07333905311
29952000	0.0075	1164218.624204827	29014.32751014382
29955600	0.00875	900745.8878731963	183802.46708238774
29959200	0.01	900745.8878731963	214952.43314693245
29962800	0.01375	1164218.624204827	235861.00712128961
29966400	0.01625	1164218.624204827	296707.958815681
29970000	0.01625	1164218.624204827	440971.4939269994
29973600	0.0225	1164218.624204827	498635.3472245243
29977200	0.0225	763298.106207127	381698.02859777544
29980800	0.0225	629672.1475612051	64570.516384768525
29984400	0.0225	629672.1475612051	0.0
29988000	0.0225	629672.1475612051	0.0
29991600	0.0225	629672.1475612051	0.0
29995200	0.0225	851783.5219158705	10377.498815235553
29998800	0.0225	851783.5219158705	57941.03505173183
30002400	0.0225	629672.1475612051	0.0
30006000	0.0225	984626.3127164117	54947.52397385269
30009600	0.0225	984626.3127164117	111033.3419200726
30013200	0.0075	877728.8811087233	219443.26216488547
30016800	0.005	629672.1475612051	64089.83506242382
30020400	0.005	851783.5219158705	46688.22327917222
30024000	0.005	851783.5219158705	73117.8226836599
30027600	0.01125	851783.5219158705	143398.72183767363
30031200	0.01	744886.0903081822	220399.37404740922
30034800	0.00625	999700.5358834809	95278.40591925316
30038400	0.005	1106597.9674911692	88907.35012103184
30042000	0.00625	884486.5931365041	91093.59480001422
30045600	0.01	1106597.9674911692	155974.18211921863
30049200	0.0175	877728.8811087233	242742.02178468226
30052800	0.01875	1106597.9674911692	346165.35940218135
30056400	0.01875	877728.8811087233	301974.2516277634
30060000	0.0225	851783.5219158705	366564.4108160959
30063600	0.0225	999700.5358834809	231542.94552348997
30067200	0.0225	851783.5219158705	116307.58162433743
30070800	0.0225	629672.1475612051	0.0
30074400	0.0225	629672.1475612051	0.0
30078000	0.0225	629672.1475612051	0.0
30081600	0.0225	629672.1475612051	0.0
30085200	0.0225	629672.1475612051	0.0
30088800	0.0225	629672.1475612051	0.0
30092400	0.0225	629672.1475612051	37047.46521243017
30096000	0.0225	629672.1475612051	22295.40068179335
30099600	0.00875	629672.1475612051	78824.94195411862
30103200	0.0075	629672.1475612051	173965.2123126275
30106800	0.0075	880979.149477422	218897.02447089716
30110400	0.0075	880979.149477422	37731.53666097762
30114000	0.01	880979.149477422	5186.645129740224
30117600	0.01125	880979.149477422	0.0
30121200	0.0125	759399.9198650979	25225.543897206262
30124800	0.01125	759399.9198650979	37933.60367006445
30128400	0.01125	880979.149477422	215087.6778114157
30132000	0.01	880979.149477422	252439.29900794316
30135600	0.015	1144880.2136472128	208418.91784064771
30139200	0.01375	880979.149477422	356318.09195494396
30142800	0.01375	1023300.9840348889	243193.43129316642
30146400	0.0225	759399.9198650979	324942.35017502675
30150000	0.0225	759399.9198650979	139508.4283552533
30153600	0.0225	880979.149477422	119702.62572300452
30157200	0.0225	629672.1475612051	0.0
30160800	0.0225	629672.1475612051	40605.1747944363
30164400	0.0225	629672.1475612051	0.0
30168000	0.0225	629672.1475612051	0.0
30171600	0.0225	629672.1475612051	0.0
30175200	0.0225	629672.1475612051	0.0
30178800	0.0225	629672.1475612051	0.0
30182400	0.0225	629672.1475612051	46313.731263312184
30186000	0.01	770956.8890691712	121347.68546901224
30189600	0.00875	770956.8890691712	116578.88311069256
30193200	0.0125	1144424.675712981	47444.88885951736
30196800	0.01125	1144424.675712981	44050.37306738534
30200400	0.0075	1144424.675712981	58913.12774440132
30204000	0.01	902329.7667370527	25248.700878863405
30207600	0.0075	902329.7667370527	0.0
30211200	0.01	1144424.675712981	0.0
30214800	0.0125	1144424.675712981	184057.92936770245
30218400	0.01375	871767.0565371336	149200.55401572422
30222000	0.0125	772447.0807211825	247039.48580202114
30225600	0.01125	871767.0565371336	233472.09827984258
30229200	0.01125	1144424.675712981	300279.3604418263
30232800	0.0225	1144424.675712981	258110.81125595077
30236400	0.0225	772447.0807211825	229321.9766360378
30240000	0.0225	772447.0807211825	135892.52481045856
30243600	0.0225	891460.7943387448	12971.87351904444
30247200	0.0225	629672.1475612051	0.0
30250800	0.0225	629672.1475612051	0.0
30254400	0.0225	629672.1475612051	0.0
30258000	0.0225	629672.1475612051	0.0
30261600	0.0225	629672.1475612051	0.0
30265200	0.0225	629672.1475612051	0.0
30268800	0.0225	629672.1475612051	11764.53287451655
30272400	0.00625	1005378.4386150055	103336.91999495034
30276000	0.00875	1127924.5695708923	180605.76266749506
30279600	0.005	985671.6851864904	47236.66944806653
30283200	0.00125	866135.9227933525	7896.762040408449
30286800	0.0025	891460.7943387448	0.0
30290400	0.005	891460.7943387448	26187.22300970916
30294000	0.0025	891460.7943387448	65063.23638317654
30297600	0.005	891460.7943387448	13836.665086980736
30301200	0.00875	891460.7943387448	145512.92184088947
30304800	0.01375	891460.7943387448	179117.41351285827
30308400	0.01625	866135.9227933525	284071.4921839899
30312000	0.0175	985671.6851864904	391952.0519924956
30315600	0.0175	1127924.5695708923	345853.72200118063
30319200	0.0225	985671.6851864904	366010.0130261589
30322800	0.0225	985671.6851864904	207710.18949155268
30326400	0.0225	985671.6851864904	198440.96530052458
30330000	0.0225	629672.1475612051	10377.498815235553
30333600	0.0225	629672.1475612051	0.0
30337200	0.0225	629672.1475612051	0.0
30340800	0.0225	629672.1475612051	0.0
30344400	0.0225	629672.1475612051	0.0
30348000	0.0225	629672.1475612051	0.0
30351600	0.0225	629672.1475612051	0.0
30355200	0.0225	629672.1475612051	19810.990896168703
30358800	0.00875	629672.1475612051	33015.10093887522
30362400	0.00875	862400.4504435142	113563.32336146323
30366000	0.01	629672.1475612051	147329.3517547187
30369600	0.00875	629672.1475612051	50449.43133651303
30373200	0.01125	862400.4504435142	64631.90748025343
30376800	0.01	1140659.3496711894	140650.0087710045
30380400	0.005	907931.0467888804	131685.96744684622
30384000	0.00375	907931.0467888804	99201.95829755583
30387600	0.00375	768502.0043612008	59037.046878265835
30391200	0.01	862400.4504435142	123817.80783385586
30394800	0.00875	768502.0043612008	131219.3951385606
30398400	0.00875	1030535.581185773	92959.29772640482
30402000	0.0125	891705.7243857773	282631.0970504597
30405600	0.0225	891106.5387580937	268398.53394815646
30409200	0.0225	891106.5387580937	390486.9506193283
30412800	0.0225	629672.1475612051	135462.7046164651
30416400	0.0225	629672.1475612051	0.0
30420000	0.0225	629672.1475612051	0.0
30423600	0.0225	629672.1475612051	0.0
30427200	0.0225	629672.1475612051	0.0
30430800	0.0225	629672.1475612051	0.0
30434400	0.0225	629672.1475612051	23710.377735955306
30438000	0.0225	901420.1432933204	99740.16468858003
30441600	0.0225	1026868.0358891981	41807.74788101103
30445200	0.00875	1151993.7855202039	253480.23729711166
30448800	0.01	1151993.7855202039	225099.48570901155
30452400	0.00875	764594.0095851652	73186.26898095361
30456000	0.00875	1015167.6518120486	59591.143607511054
30459600	0.00625	629672.1475612051	14818.986084972068
30463200	0.00625	629672.1475612051	33150.51171033667
30466800	0.00875	901420.1432933204	59451.75904214732
30470400	0.00875	766498.2812693603	289174.5927827706
30474000	0.0075	901420.1432933204	216265.37231055932
30477600	0.01	901420.1432933204	255002.64050536446
30481200	0.01125	901420.1432933204	181179.0374202682
30484800	0.01125	901420.1432933204	213906.96214910763
30488400	0.0125	901420.1432933204	201944.03348029015
30492000	0.0225	629672.1475612051	305720.1336331369
30495600	0.0225	764594.0095851652	380658.2547970056
30499200	0.0225	629672.1475612051	154425.9378975864
30502800	0.0225	629672.1475612051	0.0
30506400	0.0225	629672.1475612051	0.0
30510000	0.0225	629672.1475612051	0.0
30513600	0.0225	629672.1475612051	63724.55307029798
30517200	0.0225	629672.1475612051	0.0
30520800	0.0225	629672.1475612051	37902.1811590487
30524400	0.0225	629672.1475612051	48603.97348630951
30528000	0.0225	761072.0165796329	44466.77788788572
30531600	0.0075	1117453.8183521812	93312.83091764808
30535200	0.01	1117453.8183521812	113653.37296349934
30538800	0.01375	1117453.8183521812	42957.959168237256
30542400	0.0125	874112.9879454945	23711.80552473235
30546000	0.0125	874112.9879454945	17581.012191063386
30549600	0.0075	874112.9879454945	0.0
30553200	0.005	874112.9879454945	8614.6494986274
30556800	0.005	629672.1475612051	24522.63410871344
30560400	0.0075	629672.1475612051	83036.93712817568
30564000	0.01375	629672.1475612051	99238.44328601725
30567600	0.015	873012.9779678918	164252.13229840106
30571200	0.0175	873012.9779678918	282762.16806805664
30574800	0.0175	873012.9779678918	447406.4497799559
30578400	0.0225	629672.1475612051	303421.3267069032
30582000	0.0225	1005512.856963922	420077.8565647434
30585600	0.0225	873012.9779678918	262031.7768938088
30589200	0.0225	629672.1475612051	0.0
30592800	0.0225	629672.1475612051	0.0
30596400	0.0225	629672.1475612051	0.0
30600000	0.0225	629672.1475612051	0.0
30603600	0.0225	629672.1475612051	0.0
30607200	0.0225	629672.1475612051	0.0
30610800	0.0225	629672.1475612051	0.0
30614400	0.0225	739271.0038684784	138140.4923975545
30618000	0.00875	1087518.6166195145	308132.61016950407
30621600	0.00375	629672.1475612051	193955.08924607473
30625200	0.00375	629672.1475612051	138604.71592339833
30628800	0.005	629672.1475612051	56437.69704581595
30632400	0.00625	629672.1475612051	203596.24570154515
30636000	0.00375	629672.1475612051	161359.4409239923
30639600	0.00375	629672.1475612051	125413.70037974838
30643200	0.0025	629672.1475612051	40131.72122722803
30646800	0.00375	629672.1475612051	94118.59269995589
30650400	0.01	629672.1475612051	115249.72528981835
30654000	0.01625	1087518.6166195145	277053.3667943718
30657600	0.015	1087518.6166195145	329292.6000565213
30661200	0.01375	1087518.6166195145	316293.57382574346
30664800	0.0225	1087518.6166195145	281836.34513914323
30668400	0.0225	1087518.6166195145	329907.1093235538
30672000	0.0225	855771.2324525563	255200.70778608054
30675600	0.0225	629672.1475612051	0.0
30679200	0.0225	629672.1475612051	0.0
30682800	0.0225	629672.1475612051	0.0
30686400	0.0225	629672.1475612051	0.0
30690000	0.0225	629672.1475612051	0.0
30693600	0.0225	629672.1475612051	33342.718691187154
30697200	0.0225	904094.4801727976	0.0
30700800	0.0225	1180629.7397433454	73647.43789924045
30704400	0.0125	911930.3915525165	147945.879811264
30708000	0.015	1180629.7397433454	483890.1404175746
30711600	0.0125	1180629.7397433454	357530.39428073383
30715200	0.01	1180629.7397433454	433738.492994912
30718800	0.00875	1180629.7397433454	460929.75688426493
30722400	0.01375	906207.4071317529	195714.59279918595
30726000	0.00875	1180629.7397433454	71361.63325671565
30729600	0.01125	904094.4801727976	205288.4509165438
30733200	0.01375	904094.4801727976	262849.8326805535
30736800	0.015	772185.4332728509	409257.9928645699
30740400	0.015	629672.1475612051	407467.254816471
30744000	0.01625	772185.4332728509	340864.03369881853
30747600	0.015	629672.1475612051	277095.3403709396
30751200	0.0225	904094.4801727976	346566.4193782224
30754800	0.0225	904094.4801727976	388109.5997621672
30758400	0.0225	629672.1475612051	402708.07945849287
30762000	0.0225	629672.1475612051	0.0
30765600	0.0225	629672.1475612051	31996.245773829203
30769200	0.0225	629672.1475612051	0.0
30772800	0.0225	629672.1475612051	0.0
30776400	0.0225	629672.1475612051	0.0
30780000	0.0225	629672.1475612051	0.0
30783600	0.0225	629672.1475612051	18523.732606215086
30787200	0.0225	754621.2383288264	15978.018849054126
30790800	0.01125	991664.3371697769	195780.45298601367
30794400	0.0075	763595.5524013769	200148.84209334612
30798000	0.01	889448.9962249158	158569.91984476315
30801600	0.00875	889448.9962249158	72068.25163407644
30805200	0.00625	889448.9962249158	104590.90683579976
30808800	0.0125	889448.9962249158	155341.49596728568
30812400	0.01	889448.9962249158	267202.3231237711
30816000	0.00625	991664.3371697769	173677.91014878935
30819600	0.0075	857740.9323296051	168550.7914215472
30823200	0.01	857740.9323296051	133130.90199921632
30826800	0.00625	857740.9323296051	182496.8137808682
30830400	0.005	857740.9323296051	129217.99530947776
30834000	0.005	857740.9323296051	113583.27977546921
30837600	0.0225	857740.9323296051	93715.16643290357
30841200	0.0225	857740.9323296051	86500.13885935894
30844800	0.0225	629672.1475612051	166804.58367329705
30848400	0.0225	629672.1475612051	29374.458120584124
30852000	0.0225	629672.1475612051	0.0
30855600	0.0225	629672.1475612051	0.0
30859200	0.0225	629672.1475612051	0.0
30862800	0.0225	629672.1475612051	0.0
30866400	0.0225	629672.1475612051	0.0
30870000	0.0225	629672.1475612051	15104.214359010182
30873600	0.0225	629672.1475612051	72017.54448418967
30877200	0.00875	629672.1475612051	122805.83978398502
30880800	0.0075	849211.680649162	130580.33019311246
30884400	0.00625	750846.0584272917	47668.62278939059
30888000	0.00625	629672.1475612051	28897.02286569553
30891600	0.00625	879937.1377633198	27814.001752428496
30895200	0.0075	742241.6886382911	24954.56667876128
30898800	0.0075	879937.1377633198	114409.80895826258
30902400	0.005	879937.1377633198	68943.97879282341
30906000	0.01125	879937.1377633198	118275.97087819397
30909600	0.01875	1099476.6708512765	181566.35330992664
30913200	0.02	961781.2217262478	280296.76810962515
30916800	0.01875	1099476.6708512765	326454.48813658016
30920400	0.02125	849211.680649162	489557.84019289544
30924000	0.0225	863415.5995043777	351014.84739461873
30927600	0.0225	961781.2217262478	336762.1517105568
30931200	0.0225	1001111.0486294064	331945.07553508395
30934800	0.0225	1192550.517403481	0.0
30938400	0.0225	889369.3521200849	30438.428228483477
30942000	0.0225	629672.1475612051	0.0
30945600	0.0225	629672.1475612051	0.0
30949200	0.0225	932853.3128446015	0.0
30952800	0.0225	781436.3498568395	33207.996208753764
30956400	0.0225	629672.1475612051	10289.746032075687
30960000	0.0225	1192550.517403481	14297.175368336086
30963600	0.005	914997.445180658	132853.94825460142
30967200	0.00625	932853.3128446015	95058.13346763694
30970800	0.00625	629672.1475612051	112582.43659938507
30974400	0.00625	629672.1475612051	124356.67005305953
30978000	0.0075	781436.3498568395	168125.11056602185
30981600	0.0025	932853.3128446015	143903.99771858842
30985200	0.005	932853.3128446015	51022.70250824146
30988800	0.0075	932853.3128446015	169178.11190415506
30992400	0.01	932853.3128446015	199814.26257041888
30996000	0.0125	889369.3521200849	406926.683930092
30999600	0.01625	781436.3498568395	371690.51088743826
31003200	0.0175	914997.445180658	360402.301029946
31006800	0.01875	1066414.4081684197	355525.73309061286
31010400	0.0225	781436.3498568395	442934.7948920125
31014000	0.0225	781436.3498568395	485821.19546041737
31017600	0.0225	629672.1475612051	314695.1697087981
31021200	0.0225	629672.1475612051	0.0
31024800	0.0225	900251.0480270153	33022.8230780717
31028400	0.0225	629672.1475612051	0.0
31032000	0.0225	629672.1475612051	0.0
31035600	0.0225	629672.1475612051	0.0
31039200	0.0225	629672.1475612051	0.0
31042800	0.0225	900251.0480270153	17229.2989972548
31046400	0.0225	1016102.5067245469	36761.78082068086
31050000	0.01125	1016102.5067245469	141784.778993444
31053600	0.00875	1153806.5246531705	180882.306796242
31057200	0.01	1023655.6438295469	198861.13269536284
31060800	0.01	1153806.5246531705	198977.61477809015
31064400	0.0125	1153806.5246531705	212458.2833350576
31068000	0.0125	1016102.5067245469	239637.90238746547
31071600	0.01375	1030401.9288506391	251007.37715306692
31075200	0.01625	1153806.5246531705	280929.8553934242
31078800	0.015	1153806.5246531705	366721.53963300196
31082400	0.0175	1153806.5246531705	338457.7542846942
31086000	0.0175	753076.7433637367	300373.29447884613
31089600	0.01375	883227.6241873605	253092.88108160262
31093200	0.01625	753076.7433637367	328084.23128106206
31096800	0.0225	753076.7433637367	389955.27415042376
31100400	0.0225	762547.0300983915	317457.55832210416
31104000	0.0225	762547.0300983915	165293.4409112706
31107600	0.0225	629672.1475612051	5664.080384628818
31111200	0.0225	629672.1475612051	63154.49628861132
31114800	0.0225	629672.1475612051	0.0
31118400	0.0225	629672.1475612051	0.0
31122000	0.0225	629672.1475612051	0.0
31125600	0.0225	629672.1475612051	9803.77739543046
31129200	0.0225	876847.7355512555	56884.5294594149
31132800	0.0225	1017864.8705497421	175065.86467842502
31136400	0.015	863583.8844417105	235881.47870437914
31140000	0.005	1031128.7216592869	212261.6473275426
31143600	0.005	901803.4154640501	26337.973788524003
31147200	0.0025	901803.4154640501	25488.36173082968
31150800	0.0075	1148979.0034541006	16520.234455167385
31154400	0.0075	1148979.0034541006	0.0
31158000	0.005	901803.4154640501	0.0
31161600	0.0075	901803.4154640501	0.0
31165200	0.01375	901803.4154640501	86916.7969547707
31168800	0.01375	901803.4154640501	179719.46441272175
31172400	0.0125	783953.1336692364	330947.08467207116
31176000	0.0125	901803.4154640501	262164.60818627855
31179600	0.01625	901803.4154640501	353310.97634381003
31183200	0.0225	1148979.0034541006	332438.8064693897
31186800	0.0225	1032917.5483684088	206432.9030563497
31190400	0.0225	629672.1475612051	121548.39926737643
31194000	0.0225	883121.3107806467	0.0
31197600	0.0225	883121.3107806467	1556.6248222853328
31201200	0.0225	629672.1475612051	0.0
31204800	0.0225	629672.1475612051	0.0
31208400	0.0225	629672.1475612051	0.0
31212000	0.0225	743848.1681157693	57748.65608646527
31215600	0.0225	629672.1475612051	23710.377735955306
31219200	0.0225	629672.1475612051	63410.268953148945
31222800	0.0075	629672.1475612051	127866.29954785091
31226400	0.01125	883121.3107806467	107707.00068170513
31230000	0.01	883121.3107806467	87408.6080861103
31233600	0.01	1110602.8147558346	21795.95901481043
31237200	0.0075	857153.6515363932	31870.02565980637
31240800	0.0025	629672.1475612051	2868.4045344193187
31244400	0.0025	629672.1475612051	8169.814496192049
31248000	0.005	629672.1475612051	3267.9257984768196
31251600	0.0125	629672.1475612051	164104.8397878845
31255200	0.01625	857153.6515363932	488998.1936189548
31258800	0.01625	743848.1681157693	321546.23350477545
31262400	0.02	1110602.8147558346	307095.3696286167
31266000	0.02125	883121.3107806467	474183.27271193307
31269600	0.0225	869686.0477701246	376996.1827860134
31273200	0.0225	997297.3313352109	371131.1591927854
31276800	0.0225	743848.1681157693	348596.5429305757
31280400	0.0225	629672.1475612051	0.0
31284000	0.0225	629672.1475612051	0.0
31287600	0.0225	629672.1475612051	0.0
31291200	0.0225	629672.1475612051	0.0
31294800	0.0225	629672.1475612051	0.0
31298400	0.0225	629672.1475612051	0.0
31302000	0.0225	629672.1475612051	0.0
31305600	0.0225	629672.1475612051	0.0
31309200	0.01	854772.853300621	132546.7658307463
31312800	0.00875	854772.853300621	76727.15841728581
31316400	0.00875	629672.1475612051	13071.703193907279
31320000	0.01125	876692.6379323448	15567.303955658299
31323600	0.01	759538.9982066648	9803.77739543046
31327200	0.0125	1101793.3436717605	20958.461716324688
31330800	0.01	876692.6379323448	14928.367837728363
31334400	0.01375	876692.6379323448	13377.24040907601
31338000	0.015	746825.7872868851	216872.28202980192
31341600	0.01375	876692.6379323448	234569.8854431029
31345200	0.015	1007240.8611216736	330962.3363201072
31348800	0.0175	877374.0104762139	360771.28683225013
31352400	0.01625	877374.0104762139	355573.8734152162
31356000	0.0225	877374.0104762139	276056.48405138764
31359600	0.0225	760220.3707505341	337822.2074747102
31363200	0.0225	1007240.8611216736	278951.61026465934
31366800	0.0225	629672.1475612051	0.0
31370400	0.0225	629672.1475612051	0.0
31374000	0.0225	629672.1475612051	0.0
31377600	0.0225	629672.1475612051	5913.374970063539
31381200	0.0225	629672.1475612051	0.0
31384800	0.0225	629672.1475612051	0.0
31388400	0.0225	629672.1475612051	0.0
31392000	0.0225	629672.1475612051	0.0
31395600	0.01	629672.1475612051	136476.57707316006
31399200	0.00875	629672.1475612051	142550.69212508225
31402800	0.0075	855097.6864275725	39910.039933423024
31406400	0.01375	1119424.5023726006	25273.528029686822
31410000	0.01625	855097.6864275725	18048.2421739272
31413600	0.01625	855097.6864275725	11826.749940127078
31417200	0.0125	855097.6864275725	35102.528361463475
31420800	0.0175	855097.6864275725	19290.615379139548
31424400	0.01875	855097.6864275725	325456.24348893715
31428000	0.02	876739.0970188556	467906.1092298519
31431600	0.01625	1119424.5023726006	381547.4673500684
31435200	0.015	1119424.5023726006	325331.98989957134
31438800	0.01125	999162.3349310847	287405.5735695623
31442400	0.0225	999162.3349310847	534542.7586744671
31446000	0.0225	999162.3349310847	394326.2067404755
31449600	0.0225	629672.1475612051	241920.40956056703
31453200	0.0225	629672.1475612051	0.0
31456800	0.0225	629672.1475612051	17740.124910190618
31460400	0.0225	629672.1475612051	0.0
31464000	0.0225	629672.1475612051	0.0
31467600	0.0225	629672.1475612051	0.0
31471200	0.0225	629672.1475612051	0.0
31474800	0.0225	750086.1385827074	1722.9298997254798
31478400	0.0225	852514.0196250163	163375.84941200697
31482000	0.0075	1089686.0570625183	249073.14015084424
31485600	0.01	973687.4292674824	219822.20444890822
31489200	0.0075	750086.1385827074	102796.55778704125
31492800	0.00625	866084.7663777433	55583.74697645406
31496400	0.0075	866084.7663777433	11855.188867977653
31500000	0.00875	866084.7663777433	1971.1249900211797
31503600	0.00625	866084.7663777433	56092.06152289006
31507200	0.01	866084.7663777433	4459.08013635867
31510800	0.01375	866084.7663777433	142984.26748476893
31514400	0.0175	866084.7663777433	367521.50730371504
31518000	0.0175	973687.4292674824	370084.08364125394
31521600	0.01875	969272.0660410163	320053.1151049787
31525200	0.02	973687.4292674824	540721.7697681111
31528800	0.0225	1089686.0570625183	489322.1132367997
31532400	0.0225	866084.7663777433	326676.47548918833
31536000	0.0225	750086.1385827074	69513.68622825542
